#cP2024  8 20  0  0  0.00000000      96 ORBIT IGS20 HLM  IGS
## 2328 172800.00000000   900.00000000 60542 0.0000000000000
+   32   G01G02G03G04G05G06G07G08G09G10G11G12G13G14G15G16G17
+        G18G19G20G21G22G23G24G25G26G27G28G29G30G31G32  0  0
+          0  0  0  0  0  0  0  0  0  0  0  0  0  0  0  0  0
+          0  0  0  0  0  0  0  0  0  0  0  0  0  0  0  0  0
+          0  0  0  0  0  0  0  0  0  0  0  0  0  0  0  0  0
++         0  2  2  2  2  2  2  2  2  2  2  2  2  2  2  2  2
++         2  2  2  2  2  2  2  2  2  2  2  2  2  2  2  0  0
++         0  0  0  0  0  0  0  0  0  0  0  0  0  0  0  0  0
++         0  0  0  0  0  0  0  0  0  0  0  0  0  0  0  0  0
++         0  0  0  0  0  0  0  0  0  0  0  0  0  0  0  0  0
%c G  cc GPS ccc cccc cccc cccc cccc ccccc ccccc ccccc ccccc
%c cc cc ccc ccc cccc cccc cccc cccc ccccc ccccc ccccc ccccc
%f  1.2500000  1.025000000  0.00000000000  0.000000000000000
%f  0.0000000  0.000000000  0.00000000000  0.000000000000000
%i    0    0    0    0      0      0      0      0         0
%i    0    0    0    0      0      0      0      0         0
/* RAPID ORBIT COMBINATION FROM WEIGHTED AVERAGE OF:        
/* cod emr esa gfz grg jgx jpl ngs sio usn whu              
/* REFERENCED TO IGS TIME (IGST) AND TO WEIGHTED MEAN POLE: 
/* PCV:IGS20      OL/AL:FES2014b NONE     Y  ORB:CMB CLK:CMB
*  2024  8 20  0  0  0.00000000
PG01   8172.767498 -21724.197917  12229.132587 999999.999999                    
PG02 -21814.228788 -13897.576961  -6261.465348   -375.518487  7  9 10  93       
PG03 -12310.774811 -15324.031976  17749.949178    506.532997  7  7  5  72       
PG04 -17019.928015  -5780.848497  19615.389332    427.474002  8  7 10 107       
PG05   5565.803898  25504.042621  -4868.769462   -183.773566  7  5  6 121       
PG06 -11512.686144  10028.856307  21810.379000     87.371512  8  7  7  78       
PG07 -24226.365075  -4823.656890  -9818.605943    -49.256846  7  6  6 126       
PG08  -7082.736848 -13819.537585 -21635.555976    322.009154  7  7  7 118       
PG09 -22934.626865   4764.686970  12483.417718    321.182978  7  5  8 108       
PG10  10639.201077 -17046.510942 -16981.940170    -99.009055  7  6  9 110       
PG11   3375.619194  17670.841429  19590.129550   -723.857136  7  6  3 112       
PG12  10312.073751  18683.647786  15561.004918   -531.662305  6  7  4 102       
PG13  -2875.231483  16688.558864 -20622.424088    671.785912  9  6  6 109       
PG14 -13306.912843  13194.058844 -18693.540443    476.327844  8  6  7 123       
PG15   9020.105755  13287.238721 -21662.785489    194.545930  7  7  4 106       
PG16     24.308530 -26276.022335  -1749.459061   -203.956407  9  6  6 118       
PG17 -22462.653413  14209.617777   2385.170466    650.324016  7  5  6  99       
PG18  23734.363689   4250.960959 -11361.554270   -647.492855 10  7  7 105       
PG19 -17843.557603  16507.195670  10029.685984    526.863660  7  5  6  75       
PG20    875.821058  25795.281452   6658.915789    371.507720  8  5  5 120       
PG21 -18454.063086 -16044.292417 -11149.145679    103.259521  7  6  8 114       
PG22 -10082.922144  20831.410919 -12877.673518    -53.081372  7  4  6 115       
PG23  14480.257086  -3704.436057 -21913.071492    301.169701  7  6  5 113       
PG24  20077.461834  15427.673684  -9116.629615   -486.440593  6  7  8 102       
PG25  15068.422662   6972.951900  20446.051967    499.369419  5  8  8 110       
PG26   5632.387637 -23107.728758  11270.946674     97.036601  7  6  7 111       
PG27   4607.321232 -18450.175627 -18654.767055    -33.217851  7  5  5 125       
PG28  13616.535849  -9465.791324  20737.122280   -379.158362  6  7  5 111       
PG29  21904.529559     76.802808  15066.297924   -583.070597  7  7  6 110       
PG30 -19112.787181   4761.550276 -17784.113054   -336.913752  9  7  6 128       
PG31   2011.258424 -15841.985581  20939.687992   -225.683255  5  7  7 119       
PG32  20792.088955 -16071.669755   3219.739358   -604.481209  7  7  6 100       
*  2024  8 20  0 15  0.00000000
PG01   8509.121230 -20143.849714  14465.231632 999999.999999                    
PG02 -20882.094547 -13761.908178  -8932.459583   -375.511589  7  9  9  90       
PG03 -12324.564340 -17271.834895  15880.487145    506.545967  7  7  5  73       
PG04 -15117.849610  -7075.276976  20706.992483    427.480694  6  7  9 103       
PG05   5388.059808  25902.294764  -2021.866665   -183.774984  6  4  6 113       
PG06 -13664.425464   8899.587401  21052.053042     87.349419  8  7  6  72       
PG07 -25049.708681  -5488.884639  -7239.927886    -49.251875  7  5  7 121       
PG08  -5082.815054 -15211.324900 -21220.130327    322.022052  7  6  7 107       
PG09 -21776.132895   3689.953953  14703.043697    321.197165  7  5  8  98       
PG10  10915.736412 -14975.617217 -18683.367313    -99.019212  7  6  8 105       
PG11   1316.147006  16652.034749  20693.754053   -723.861919  7  6  4 109       
PG12  10124.260241  20386.120693  13444.949675   -531.664874  5  7  4  86       
PG13  -4941.637917  17585.402989 -19417.206514    671.787799  8  6  5 106       
PG14 -13557.655509  10974.270402 -19925.381146    476.335693  7  5  7 123       
PG15   7261.757528  14861.410586 -21272.685102    194.549817  7  6  4 102       
PG16    314.592297 -26271.400582   1132.801958   -203.947420  8  5  6 110       
PG17 -22630.241929  14051.051803   -472.133387    650.315006  7  5  5 100       
PG18  24678.130698   4928.922565  -8811.671028   -647.495533  9  6  7  98       
PG19 -18867.095143  16769.883382   7379.688757    526.868265  7  5  6  93       
PG20    417.865736  24981.430190   9294.586758    371.507322  8  5  5 117       
PG21 -17059.383003 -15682.829909 -13454.599981    103.259062  7  6  7 112       
PG22 -10242.787157  19177.365491 -15040.889452    -53.085300  7  4  5 111       
PG23  14746.599115  -1202.875905 -22033.980034    301.177497  7  6  4 114       
PG24  18940.930826  15276.947852 -11554.091528   -486.441083  6  7  8  97       
PG25  15183.689816   9319.580800  19440.476333    499.369593  4  8  8 104       
PG26   6159.370692 -21710.381617  13549.191885     97.029706  7  6  6 112       
PG27   6347.308455 -19453.687420 -16988.680739    -33.218187  7  5  5 103       
PG28  15692.739349  -8438.180351  19687.706780   -379.171571  5  7  5 108       
PG29  20384.962756   1118.622995  17014.177436   -583.068289  7  8  5 108       
PG30 -20797.795234   3737.609785 -16095.263057   -336.907529  8  6  5 126       
PG31   4244.432959 -14767.619505  21415.761936   -225.682637  5  6  6 115       
PG32  21092.237449 -15958.847268    357.532445   -604.478558  7  7  6 104       
*  2024  8 20  0 30  0.00000000
PG01   8952.051793 -18340.592493  16442.556628 999999.999999                    
PG02 -19659.610586 -13589.781518 -11449.602085   -375.504436  6  8  9 103       
PG03 -12418.408664 -18987.356986  13735.953641    506.558887  6  7  5  85       
PG04 -13202.102353  -8529.664490  21443.751395    427.487365  5  7  9 103       
PG05   5172.330808  25990.138734    859.920160   -183.776008  5  3  6 112       
PG06 -15778.861936   7936.852222  19934.282873     87.327301  8  6  6  71       
PG07 -25630.107248  -5991.838357  -4537.786743    -49.246710  8  3  7 125       
PG08  -3204.457964 -16662.514349 -20441.175822    322.034943  6  5  6  94       
PG09 -20489.938704   2406.654909  16668.853743    321.211287  7  4  8 104       
PG10  11328.321381 -12749.162068 -20054.262846    -99.029281  6  6  7 104       
PG11   -889.817198  15699.421199  21442.662081   -723.866634  7  6  5 107       
PG12  10010.515147  21839.898430  11094.221792   -531.667642  3  7  5  68       
PG13  -6824.850842  18517.847072 -17881.559667    671.789933  7  5  5 108       
PG14 -13929.598207   8651.846487 -20811.301052    476.343553  6  5  7 122       
PG15   5624.535326  16477.473469 -20532.032144    194.553925  7  6  4 103       
PG16    621.873250 -25952.677152   3994.943536   -203.937744  8  5  6 114       
PG17 -22541.054695  13718.181753  -3321.341428    650.306316  7  5  5  96       
PG18  25385.599321   5435.616280  -6111.879176   -647.498191  9  6  7  93       
PG19 -19609.600837  16923.134531   4598.868167    526.872912  8  6  6  87       
PG20   -168.801669  23917.925765  11772.036551    371.506997  7  5  5 116       
PG21 -15404.666333 -15326.043405 -15534.473813    103.258938  7  6  7 109       
PG22 -10499.950916  17298.202142 -16941.602787    -53.088665  7  4  5  99       
PG23  15148.744211   1270.359902 -21774.927464    301.185250  7  5  4 108       
PG24  17551.830281  15105.591285 -13800.942639   -486.441577  6  6  7  94       
PG25  15395.863974  11520.745985  18093.059736    499.369773  4  8  8 103       
PG26   6801.573194 -20098.969177  15587.897471     97.022753  6  6  6 115       
PG27   7876.055795 -20421.882193 -15031.445095    -33.218527  6  4  5 111       
PG28  17690.534199  -7569.134482  18299.243975   -379.184836  5  7  5 109       
PG29  18752.111924   2353.196339  18669.777145   -583.066557  6  8  5 100       
PG30 -22337.887517   2877.313720 -14129.489943   -336.901340  7  5  5 129       
PG31   6555.605151 -13795.138419  21514.814355   -225.682367  5  6  5 112       
PG32  21142.263233 -15659.299292  -2510.884092   -604.475928  7  7  6 106       
*  2024  8 20  0 45  0.00000000
PG01   9522.054141 -16353.940167  18125.401984 999999.999999                    
PG02 -18158.181037 -13419.367396 -13768.315267   -375.497754  6  7  8 103       
PG03 -12559.032428 -20440.585830  11353.992910    506.571865  6  7  5  85       
PG04 -11316.791826 -10124.058701  21812.657670    427.494089  5  7  8 106       
PG05   4880.760478  25772.894291   3726.809882   -183.777198  5  3  5 114       
PG06 -17806.900560   7144.900872  18476.310950     87.305180  8  6  6  81       
PG07 -25943.718133  -6360.313987  -1758.785228    -49.241422  8  3  8 116       
PG08  -1476.930983 -18135.479603 -19310.724339    322.047829  6  4  5 112       
PG09 -19119.606272    917.482820  18346.610945    321.225446  6  4  8  98       
PG10  11888.913213 -10415.948861 -21070.811704    -99.039337  5  6  7 103       
PG11  -3203.302619  14841.836554  21823.867051   -723.871378  6  6  6 107       
PG12   9938.481770  23019.357089   8550.421375   -531.669895  3  6  5  70       
PG13  -8498.386282  19447.214182 -16040.675109    671.791975  7  5  5 106       
PG14 -14428.666508   6273.722862 -21336.491001    476.351432  5  5  7 121       
PG15   4131.152689  18097.498405 -19452.040867    194.557794  6  6  3 105       
PG16    982.792250 -25327.108325   6785.964239   -203.928516  8  5  6 117       
PG17 -22219.055551  13181.865207  -6113.565150    650.297271  7  5  5 106       
PG18  25827.332739   5797.656392  -3308.189200   -647.500887  9  5  7  99       
PG19 -20078.302285  16928.688237   1736.587986    526.877534  9  6  6  78       
PG20   -907.416000  22636.814373  14049.113973    371.507015  7  5  4 113       
PG21 -13511.048214 -15008.762607 -17351.464111    103.258938  7  6  6 117       
PG22 -10877.208938  15231.398742 -18545.125611    -53.092535  7  5  5 108       
PG23  15674.992934   3666.166149 -21141.045132    301.193028  7  5  4 114       
PG24  15927.352403  14948.322889 -15820.616312   -486.442098  6  6  7  94       
PG25  15681.421414  13536.745271  16428.697729    499.369941  4  8  7  93       
PG26   7576.121161 -18311.636498  17351.243424     97.015779  6  6  5 110       
PG27   9180.692412 -21311.958608 -12815.330947    -33.218882  6  4  5 103       
PG28  19563.379676  -6856.540306  16595.659160   -379.198092  6  7  6 114       
PG29  17051.747149   3776.437443  20004.303071   -583.064236  5  8  4 105       
PG30 -23693.398171   2170.262596 -11921.284177   -336.895099  6  4  5 118       
PG31   8899.568504 -12945.530875  21236.266633   -225.682064  5  6  5 114       
PG32  20966.964218 -15145.024893  -5335.422758   -604.473307  7  7  6 101       
*  2024  8 20  1  0  0.00000000
PG01  10232.467761 -14228.413982  19483.488352 999999.999999                    
PG02 -16398.043966 -13286.784814 -15846.951273   -375.490901  6  7  7 103       
PG03 -12709.168563 -21609.696029   8776.201550    506.584813  6  7  5  71       
PG04  -9502.576135 -11831.068890  21806.970520    427.500787  5  7  7 103       
PG05   4477.787956  25264.724761   6529.059758   -183.778572  4  2  5 110       
PG06 -19700.545459   6519.387192  16703.119583     87.283076  8  6  6  86       
PG07 -25973.967440  -6626.530165   1049.838089    -49.236225  7  3  8 107       
PG08     77.418088 -19588.719736 -17846.960882    322.060727  6  3  4 108       
PG09 -17708.951427   -766.398890  19707.011637    321.239558  5  4  7 102       
PG10  12601.029720  -8027.212218 -21715.681033    -99.049422  5  5  6 114       
PG11  -5580.567244  14101.453652  21830.655415   -723.876175  6  6  7 103       
PG12   9872.453483  23907.153225   5858.281111   -531.672532  3  6  6  74       
PG13  -9943.518024  20331.745115 -13925.090354    671.794112  7  5  4 100       
PG14 -15052.952284   3887.709748 -21492.475563    476.359270  4  5  7 121       
PG15   2797.486115  19680.607266 -18049.399859    194.561967  6  6  3  92       
PG16   1431.678467 -24411.083203   9455.834562   -203.919539  7  5  5 117       
PG17 -21694.621089  12419.202163  -8800.382661    650.288655  7  5  6 101       
PG18  25981.040916   6046.887839   -448.294155   -647.503571  8  5  7  94       
PG19 -20289.094114  16751.943053  -1156.418403    526.882451  9  6  6  86       
PG20  -1814.713799  21175.464963  16087.043540    371.506432  7  5  4 108       
PG21 -11407.469182 -14762.021440 -18871.975888    103.258297  7  6  5 117       
PG22 -11390.477426  13019.897793 -19821.762555    -53.095688  7  5  5 109       
PG23  16305.822729   5938.639271 -20143.886691    301.200846  7  6  4 116       
PG24  14091.612451  14836.780919 -17580.251058   -486.442574  6  6  7  97       
PG25  16011.170704  15334.139838  14477.717767    499.370140  4  8  7  95       
PG26   8493.157378 -16390.775197  18808.467238     97.008813  5  6  5 116       
PG27  10256.649439 -22080.813211 -10377.416916    -33.219232  6  3  5 105       
PG28  21267.160375  -6290.301723  14606.304300   -379.211355  6  7  6 113       
PG29  15329.474182   5375.767219  20994.421131   -583.062010  5  7  4 106       
PG30 -24828.974768   1599.076471  -9509.084138   -336.888893  6  3  5 102       
PG31  11228.734737 -12232.030400  20586.276433   -225.681527  4  6  4 116       
PG32  20597.455892 -14394.633718  -8066.536566   -604.470667  7  7  6 105       
*  2024  8 20  1 15  0.00000000
PG01  11088.765862 -12011.879611  20492.578223 999999.999999                    
PG02 -14407.745937 -13224.520100 -17647.623191   -375.483921  6  7  6 115       
PG03 -12829.157527 -22481.712774   6047.371840    506.597723  6  7  4  74       
PG04  -7795.228972 -13616.757913  21426.359076    427.507460  5  7  6 105       
PG05   3931.750647  24488.094815   9217.849269   -183.779357  4  2  5 110       
PG06 -21414.604297   6047.689056  14645.009150     87.260942  8  5  6  89       
PG07 -25712.100731  -6825.672561   3840.972321    -49.231262  7  4  8 125       
PG08   1443.886206 -20978.372688 -16073.999821    322.073619  6  2  4 103       
PG09 -16300.377857  -2625.572989  20726.218642    321.253675  5  5  7  94       
PG10  13459.525328  -5634.740573 -21978.304895    -99.059552  5  5  5 114       
PG11  -7974.580963  13492.969446  21462.712406   -723.880983  6  6  7 109       
PG12   9774.956328  24494.728176   3064.831805   -531.674952  4  6  6  68       
PG13 -11149.849551  21128.206837 -11570.242702    671.795987  7  5  4 106       
PG14 -15792.739504   1540.821460 -21277.219256    476.367122  4  5  8 118       
PG15   1632.110395  21184.367505 -16346.106617    194.565985  6  6  3  97       
PG16   1998.923481 -23229.547566  11956.500104   -203.910091  7  6  5 117       
PG17 -21003.346956  11414.675248 -11334.692002    650.280069  7  5  6 108       
PG18  25832.442606   6218.976828   2419.214204   -647.506227  8  5  7  89       
PG19 -20265.726311  16363.486457  -4029.026739    526.886959  9  7  6  87       
PG20  -2900.102922  19575.197008  17851.064629    371.505958  7  4  4 117       
PG21  -9129.900896 -14611.705376 -20066.839086    103.257673  7  6  4 114       
PG22 -12047.953390  10710.607599 -20747.468381    -53.099951  7  6  5 108       
PG23  17014.665266   8046.634495 -18801.185803    301.208602  7  5  4 117       
PG24  12074.906289  14798.279269 -19051.133858   -486.443056  6  7  6  88       
PG25  16351.527210  16886.822966  12275.240879    499.370314  5  7  7 102       
PG26   9555.275587 -14381.440474  19934.421139     97.001854  4  6  4 112       
PG27  11107.718430 -22686.753392  -7759.029294    -33.219594  6  3  5  99       
PG28  22761.770660  -5852.893687  12365.451161   -379.224611  6  7  6 119       
PG29  13629.055714   7130.397465  21622.683172   -583.059902  5  7  4 104       
PG30 -25714.840171   1140.289560  -6934.586728   -336.882669  6  3  5 107       
PG31  13494.836448 -11659.734301  19577.534808   -225.681070  4  6  3 110       
PG32  20069.859777 -13394.402948 -10656.137476   -604.468021  7  6  6 100       
*  2024  8 20  1 30  0.00000000
PG01  12088.186919  -9753.752523  21134.954164 999999.999999                    
PG02 -12223.280653 -13259.969839 -19137.000126   -375.476752  7  7  6 120       
PG03 -12878.636362 -23052.837513   3214.692056    506.610643  5  7  4  66       
PG04  -6224.394951 -15441.798993  20676.937252    427.514156  6  7  4 109       
PG05   3216.346131  23472.909973  11746.161409   -183.780384  4  2  5 109       
PG06 -22908.295413   5709.549879  12337.091855     87.238794  8  4  6  82       
PG07 -25157.450437  -6994.365661   6568.355433    -49.226205  7  5  8 105       
PG08   2615.847727 -22259.853729 -14021.546971    322.086548  6  2  4 112       
PG09 -14933.274456  -4632.911651  21386.300123    321.267795  4  5  7  92       
PG10  14450.733065  -3288.995331 -21855.026349    -99.069708  5  5  4 115       
PG11 -10336.640884  13023.090553  20726.141003   -723.885744  7  7  7 108       
PG12   9608.390741  24782.474470    218.546466   -531.677759  4  6  6  86       
PG13 -12115.573824  21793.588974  -9015.927735    671.797830  7  5  4 110       
PG14 -16630.847272   -722.348684 -20695.116486    476.375028  5  6  8 120       
PG15    636.095208  22566.271995 -14369.228337    194.569644  5  6  4  99       
PG16   2709.508778 -21815.075513  14242.859961   -203.900970  7  6  4 123       
PG17 -20184.640689  10161.027077 -13671.576214    650.271132  7  5  6 102       
PG18  25375.837950   6351.862203   5245.640344   -647.508953  7  4  7  92       
PG19 -20038.685056  15740.412185  -6830.696881    526.891224  9  7  6 101       
PG20  -4165.111720  17879.771182  19311.008062    371.505789  7  5  4 114       
PG21  -6720.281407 -14577.365284 -20912.000968    103.256992  7  6  4 124       
PG22 -12849.589767   8352.725816 -21304.408997    -53.103392  7  6  5 114       
PG23  17768.962868   9955.131778 -17136.512822    301.216361  6  6  4 107       
PG24   9912.762196  14854.728855 -20209.092933   -486.443566  7  7  6  98       
PG25  16665.955859  18176.789695   9860.472124    499.370494  6  7  7  99       
PG26  10757.273561 -12329.679034  20710.007661     96.994895  4  6  4 111       
PG27  11745.782756 -23091.197197  -5005.079780    -33.219940  6  4  5 105       
PG28  24012.554781  -5520.210888   9911.699427   -379.237929  7  7  6 120       
PG29  11990.809857   9011.940418  21877.854654   -583.058085  5  7  4  96       
PG30 -26327.844211    765.471733  -4242.018892   -336.876438  7  3  5 103       
PG31  15650.642970 -11225.563370  18228.942468   -225.680869  4  6  4 109       
PG32  19423.792364 -12139.039311 -13058.500616   -604.465381  8  6  5 109       
*  2024  8 20  1 45  0.00000000
PG01  13219.725110  -7503.151223  21399.746996 999999.999999                    
PG02  -9886.915489 -13414.173768 -20287.043020   -375.469838  6  6  4 112       
PG03 -12818.250610 -23328.427828    326.919383    506.623536  5  6  4  78       
PG04  -4812.585719 -17262.855170  19571.188605    427.520831  5  7  3 111       
PG05   2311.892017  22255.368856  14069.643449   -183.781670  4  3  5 106       
PG06 -24146.698129   5478.016454   9818.708585     87.216682  8  4  5 102       
PG07 -24317.420245  -7169.128102   9187.247531    -49.221030  7  5  8 113       
PG08   3594.869943 -23389.556609 -11724.447541    322.099406  6  2  3  92       
PG09 -13642.539440  -6754.427240  21675.564603    321.281879  4  5  6  93       
PG10  15552.962694  -1037.304585 -21349.097705    -99.079833  5  4  3 118       
PG11 -12618.058327  12690.337612  19633.372834   -723.890523  7  7  7 105       
PG12   9336.666054  24779.564397  -2631.519365   -531.680275  4  6  6  76       
PG13 -12847.405771  22286.824349  -6305.666791    671.799867  8  6  4 107       
PG14 -17543.273805  -2861.146032 -19756.868565    476.382889  5  6  8 124       
PG15   -196.924341  23785.255790 -12150.584571    194.574046  5  5  3  98       
PG16   3581.755333 -20206.625439  16273.692039   -203.891568  6  6  4 125       
PG17 -19280.151456   8659.830891 -15769.162319    650.262387  7  6  6 105       
PG18  24614.370973   6484.125616   7982.979851   -647.511616  7  4  6  89       
PG19 -19643.817438  14867.371044  -9512.420290    526.895902  8  7  5  98       
PG20  -5603.139368  16133.798556  20441.801740    371.505495  7  5  4 114       
PG21  -4225.184666 -14671.255209 -21389.171699    103.256471  7  6  3 114       
PG22 -13786.916565   5995.952334 -21481.405456    -53.107082  6  6  5 115       
PG23  18531.461026  11636.361204 -15178.838798    301.224137  6  6  4 117       
PG24   7644.817870  15021.758330 -21034.839257   -486.444061  7  7  6  98       
PG25  16916.520102  19194.584644   7275.939050    499.370669  6  7  7 101       
PG26  12086.233172 -10280.838409  21122.486243     96.987959  4  5  4 111       
PG27  12190.224634 -23260.290410  -2163.308179    -33.220345  6  4  5  98       
PG28  24991.547345  -5262.677726   7287.310055   -379.251217  7  7  6 118       
PG29  10450.148143  10985.322387  21755.136610   -583.056025  5  7  4 108       
PG30 -26652.269000    442.530869  -1477.383069   -336.870219  7  4  5 103       
PG31  17651.620838 -10918.556719  16565.178285   -225.680390  4  6  4 113       
PG32  18700.715656 -10632.110424 -15231.133163   -604.462773  8  6  5 103       
*  2024  8 20  2  0  0.00000000
PG01  14464.478718  -5307.079975  21283.106826 999999.999999                    
PG02  -7445.745035 -13700.798324 -21075.657292   -375.462889  6  6  3 115       
PG03 -12611.322498 -23322.637035  -2566.459417    506.636459  4  6  4  80       
PG04  -3574.456533 -19034.130119  18127.780387    427.527516  5  6  2 109       
PG05   1206.329756  20876.571659  16147.428718   -183.782684  4  4  5 100       
PG06 -25101.992373   5320.637408   7132.777428     87.194503  8  3  5  96       
PG07 -23207.195724  -7384.864885  11655.053228    -49.215710  6  6  8 103       
PG08   4390.501197 -24326.550206  -9222.123048    322.112274  6  2  3  94       
PG09 -12457.289983  -8950.399197  21588.784651    321.295990  4  5  6  94       
PG10  16737.329817   1077.795629 -20470.543812    -99.089944  5  4  3 113       
PG11 -14771.853921  12485.176682  18202.971456   -723.895376  8  8  7 112       
PG12   8926.763644  24503.454121  -5436.574775   -531.682896  4  6  6  72       
PG13 -13360.184638  22570.466459  -3485.990336    671.801950  8  7  3 108       
PG14 -18500.113480  -4840.207975 -18479.253181    476.390776  6  6  8 120       
PG15   -880.398832  24803.198196  -9726.347887    194.577594  5  5  3  85       
PG16   4626.354333 -18448.032938  18012.497885   -203.882458  6  6  3 124       
PG17 -18332.096249   6921.721346 -17589.454162    650.253560  7  6  6 102       
PG18  23559.972424   6653.341276  10584.703358   -647.514300  6  5  6  90       
PG19 -19120.761891  13737.313850 -12027.618084    526.900509  8  7  6  95       
PG20  -7199.518080  14381.126987  21223.897636    371.505612  7  6  5 111       
PG21  -1694.262729 -14897.647002 -21486.397683    103.255801  7  6  3 112       
PG22 -14843.224006   3688.666128 -21274.242865    -53.110735  6  6  5 117       
PG23  19261.685778  13070.648317 -12962.016166    301.231898  5  5  4 110       
PG24   5313.558302  15308.062720 -21514.255536   -486.444538  7  6  6 102       
PG25  17065.473084  19939.419133   4566.696808    499.370839  6  6  7  98       
PG26  13521.921002  -8277.927736  21165.647543     96.980977  4  5  4 106       
PG27  12467.024467 -23166.371536    716.558862    -33.220645  6  5  5 102       
PG28  25678.466471  -5046.575768   4537.475427   -379.264466  8  8  6 101       
PG29   9036.310445  13009.968439  21256.276158   -583.053812  5  6  4  96       
PG30 -26680.361482    137.144467   1312.311069   -336.864029  7  4  5 100       
PG31  19457.474795 -10720.482265  14616.174785   -225.680089  4  5  4 109       
PG32  17942.217519  -8886.123614 -17135.586967   -604.460114  8  6  5 111       
*  2024  8 20  2 15  0.00000000
PG01  15796.338410  -3208.720166  20788.215634 999999.999999                    
PG02  -4950.025383 -14125.422822 -21487.238703   -375.455952  6  6  3 107       
PG03 -12225.411827 -23057.731768  -5416.065204    506.649434  4  6  4  76       
PG04  -2516.392529 -20709.031794  16371.267932    427.534149  5  6  3 114       
PG05   -104.071687  19380.939180  17942.901169   -183.783715  5  5  5 106       
PG06 -25754.441348   5200.876959   4325.083325     87.172382  8  3  5  99       
PG07 -21849.198220  -7673.445806  13931.892004    -49.210430  6  6  7 114       
PG08   5019.734694 -25034.201269  -6557.903733    322.125198  6  3  3  89       
PG09 -11399.808949 -11176.734161  21127.303902    321.310072  4  5  5 102       
PG10  17968.877065   3020.007695 -19235.896747    -99.100104  6  4  2 118       
PG11 -16754.396504  12390.473441  16459.330090   -723.900177  9  8  6 111       
PG12   8350.169393  23979.088798  -8148.913680   -531.685463  3  6  6  69       
PG13 -13676.156509  22612.256255   -605.646906    671.803658  8  7  4  90       
PG14 -19466.708914  -6630.603496 -16884.793353    476.398610  6  6  8 121       
PG15  -1434.242078  25586.356367  -7136.559641    194.581814  5  4  3  89       
PG16   5845.724972 -16586.306747  19428.242121   -203.872968  6  6  3 127       
PG17 -17381.549326   4966.265389 -19099.117373    650.245017  7  6  6 111       
PG18  22232.984713   6894.466780  13006.518704   -647.517000  5  5  6  94       
PG19 -18511.253303  12351.899555 -14332.970509    526.905348  7  8  5  95       
PG20  -8931.886691  12663.264385  21643.613223    371.504961  7  6  5 115       
PG21    821.486950 -15252.466970 -21198.535158    103.255311  7  6  3 111       
PG22 -15994.106894   1476.144880 -20685.829775    -53.114362  6  6  5 124       
PG23  19917.548512  14246.950802 -10524.186280    301.239662  5  6  5 111       
PG24   2962.954149  15715.002296 -21638.630473   -486.444991  7  6  6 105       
PG25  17076.827871  20418.962116   1779.517321    499.370976  7  6  7  87       
PG26  15037.489294  -6360.096211  20839.856098     96.974048  4  5  4 109       
PG27  12607.583341 -22789.218978   3583.717982    -33.221056  6  5  5 113       
PG28  26061.421549  -4835.536412   1709.539070   -379.277730  8  8  6 107       
PG29   7771.346992  15041.214088  20389.561769   -583.051778  4  6  4  98       
PG30 -26412.577115   -185.734564   4079.817009   -336.857795  7  5  5 101       
PG31  21033.512328 -10606.731331  12416.516276   -225.679908  5  5  5 103       
PG32  17188.293900  -6922.245705 -18738.194994   -604.457498  8  6  5 109       
*  2024  8 20  2 30  0.00000000
PG01  17182.981504  -1245.902831  19925.145709 999999.999999                    
PG02  -2451.355675 -14685.168163 -21513.090522   -375.449115  5  7  2 116       
PG03 -11633.711246 -22563.117502  -8173.448127    506.662327  4  7  4  96       
PG04  -1636.422114 -22241.885197  14331.692544    427.540783  4  5  4 108       
PG05  -1614.344338  17814.505441  19424.385239   -183.784887  5  6  4 111       
PG06 -26093.080260   5079.690599   1443.519181     87.150195  7  2  6  92       
PG07 -20272.305807  -8062.414516  15981.116867    -49.205265  5  7  7 112       
PG08   5506.165148 -25481.654750  -3778.266664    322.138064  6  4  4  84       
PG09 -10484.770939 -13386.506842  20299.024394    321.324123  4  4  4  78       
PG10  19207.937104   4760.452316 -17667.813194    -99.110276  6  5  2 109       
PG11 -18526.923208  12382.253462  14432.267744   -723.904961  9  8  6 115       
PG12   7584.122844  23237.844663 -10722.695550   -531.688020  3  6  6  77       
PG13 -13823.960620  22386.512882   2285.249782    671.805865  8  8  5  97       
PG14 -20404.991618  -8210.718388 -15001.334327    476.406452  6  7  8 119       
PG15  -1883.949811  26106.675982  -4424.559692    194.585938  5  3  2  92       
PG16   7233.729356 -14669.803800  20495.965277   -203.863403  6  7  3 124       
PG17 -16466.766132   2821.468200 -20270.193907    650.236062  7  6  5 118       
PG18  20661.482027   7238.335104  15207.100695   -647.519680  5  5  5  93       
PG19 -17857.375325  10721.556897 -16389.161953    526.909871  7  8  6  97       
PG20 -10770.863754  11017.897527  21693.381280    371.504548  8  6  6 112       
PG21   3271.563571 -15723.288110 -20527.596092    103.255238  8  6  3 120       
PG22 -17208.351937   -601.093665 -19726.198274    -53.118133  6  6  5 125       
PG23  20457.016796  15163.069674  -7907.124466    301.247429  5  6  5  99       
PG24    637.043509  16236.467202 -21404.835220   -486.445397  7  6  6 106       
PG25  16917.846960  20648.821749  -1037.921779    499.371140  7  6  7  90       
PG26  16600.444647  -4561.288800  20151.965491     96.967078  5  5  4 101       
PG27  12647.313142 -22117.021773   6387.249053    -33.221447  6  5  5 110       
PG28  26137.308549  -4592.140078  -1147.821448   -379.290991  8  8  6  76       
PG29   6669.388251  17031.890489  19169.701603   -583.049813  4  7  4  95       
PG30 -25857.529139   -560.354548   6778.413292   -336.851584  6  5  5 108       
PG31  22351.783692 -10547.455732  10004.775487   -225.679357  5  5  5 108       
PG32  16475.705535  -4769.673027 -20010.713470   -604.454822  7  6  5 112       
*  2024  8 20  2 45  0.00000000
PG01  18587.124775    550.175338  18710.573345 999999.999999                    
PG02     -0.783549 -15368.692936 -21151.693181   -375.442027  4  7  3 113       
PG03 -10816.224813 -21874.112118 -10791.881568    506.675258  4  7  4  82       
PG04   -924.462167 -23589.627862  12044.078245    427.547423  5  6  4 104       
PG05  -3310.800186  16223.152967  20565.744913   -183.786214  5  7  5 107       
PG06 -26116.084741   4917.203174  -1462.710357     87.128008  7  2  6 110       
PG07 -18510.870649  -8573.867076  17769.782443    -49.200236  5  7  7 113       
PG08   5878.869286 -25645.107319   -931.993376    322.150926  6  4  3  92       
PG09  -9718.778685 -15531.621514  19118.273704    321.338199  3  4  4  84       
PG10  20411.678548   6278.540548 -15794.587974    -99.120476  6  5  3 104       
PG11 -20056.882232  12430.739893  12156.529442   -723.909728  9  9  6 111       
PG12   6612.638913  22316.252644 -13114.676184   -531.690739  3  6  6  75       
PG13 -13837.356173  21875.288376   5136.120213    671.807657  8  8  5 103       
PG14 -21274.958341  -9566.855893 -12861.537915    476.414300  6  7  8 110       
PG15  -2259.484571  26342.925821  -1636.331160    194.589789  5  3  2  88       
PG16   8775.757059 -12746.365182  21197.253718   -203.854141  6  6  3 123       
PG17 -15621.614248    522.925485 -21080.723773    650.227093  6  6  5 122       
PG18  18880.309603   7710.304440  17148.778069   -647.522348  5  5  4 100       
PG19 -17199.832401   8865.202911 -18161.529236    526.914524  7  8  6 107       
PG20 -12680.997220   9477.561981  21371.902911    371.504628  8  7  6 110       
PG21   5607.837640 -16289.696398 -19482.939934    103.254374  8  7  4 107       
PG22 -18449.132612  -2508.753838 -18412.340490    -53.121968  5  6  5 125       
PG23  20839.788165  15825.530214  -5155.533666    301.255139  5  6  5  98       
PG24  -1621.497648  16859.016046 -20815.437857   -486.445790  7  6  6 108       
PG25  16560.396708  20651.745222  -3837.834683    499.371298  7  6  7  80       
PG26  18173.841413  -2909.129727  19115.113269     96.960200  5  5  4  93       
PG27  12624.050960 -21147.025778   9077.102567    -33.221827  5  6  5 108       
PG28  25911.877936  -4279.559108  -3985.434078   -379.304290  8  8  6  70       
PG29   5736.232348  18934.022188  17617.585429   -583.047940  4  7  4  97       
PG30 -25031.648197  -1018.680278   9362.647123   -336.845359  6  6  5  96       
PG31  23391.959633 -10508.897898   7422.804258   -225.679325  5  5  5 104       
PG32  15836.478765  -2464.676532 -20930.854179   -604.452153  7  6  5 115       
*  2024  8 20  3  0  0.00000000
PG01  19967.977788   2155.943177  17167.361441 999999.999999                    
PG02   2353.082479 -16156.564427 -20408.812061   -375.435283  5  7  3 112       
PG03  -9760.687590 -21030.516056 -13227.117333    506.688264  4  7  4  92       
PG04   -362.886609 -24713.421549   9547.834934    427.554104  5  7  4 102       
PG05  -5171.364104  14650.862809  21346.877910   -183.787224  5  8  5 113       
PG06 -25830.804293   4674.425690  -4343.910542     87.105820  6  2  7 115       
PG07 -16603.566730  -9223.532897  19269.063991    -49.194765  4  7  7 119       
PG08   6171.054304 -25508.817117   1930.735665    322.163811  6  5  3  91       
PG09  -9100.228253 -17564.528885  17605.553895    321.352300  3  3  4  87       
PG10  21535.770130   7562.510404 -13649.578685    -99.130621  6  6  3 109       
PG11 -21319.046232  12501.628872   9671.198119   -723.914538  9  9  5 116       
PG12   5427.267557  21254.554632 -15284.880070   -531.693423  4  6  6  88       
PG13 -13753.738352  21069.234565   7896.847031    671.809866  8  8  6 110       
PG14 -22036.225921 -10693.533681 -10502.304569    476.422110  6  7  8  96       
PG15  -2593.962333  26281.606458   1180.235642    194.593594  6  3  1 103       
PG16  10449.173781 -10861.495955  21520.555873   -203.844812  6  6  3 120       
PG17 -14874.181556  -1887.349855 -21515.252899    650.218528  6  6  4 118       
PG18  16929.876304   8329.117187  18798.167503   -647.525035  5  5  4 102       
PG19 -16576.310815   6809.635798 -19620.604605    526.919198  7  8  5  96       
PG20 -14621.957356   8068.513610  20684.199731    371.503806  7  7  6 104       
PG21   7786.373513 -16924.031462 -18081.288503    103.253559  8  7  4 105       
PG22 -19675.460449  -4219.961329 -16767.883245    -53.125648  5  6  5 118       
PG23  21028.904316  16249.139903  -2316.297894    301.262956  5  6  5 100       
PG24  -3772.749631  17562.288818 -19878.750802   -486.446209  6  6  6 106       
PG25  15982.119401  20456.573582  -6573.099804    499.371465  7  6  7  85       
PG26  19717.648697  -1424.073330  17748.405357     96.953212  5  5  4  96       
PG27  12576.364347 -19885.820779  11605.089430    -33.222233  5  6  5 115       
PG28  25399.472966  -3863.179911  -6754.479641   -379.317578  8  8  6 100       
PG29   4969.267181  20700.571406  15759.933077   -583.045685  4  8  4  82       
PG30 -23958.567023  -1589.000795  11789.050815   -336.839101  6  6  5  97       
PG31  24141.920262 -10454.859129   4714.992991   -225.679048  5  5  6 105       
PG32  15296.613736    -49.361266 -21482.694498   -604.449567  7  6  5 112       
*  2024  8 20  3 15  0.00000000
PG01  21282.831508   3556.118992  15324.027964 999999.999999                    
PG02   4565.868680 -17021.993560 -19297.434635   -375.428360  5  8  4 108       
PG03  -8463.194044 -20075.034073 -15438.092403    506.701227  5  7  3  91       
PG04     72.603121 -25580.116233   6886.077658    427.560789  6  7  4 102       
PG05  -7166.249093  13138.051159  21754.093363   -183.787715  5  8  5 109       
PG06 -25253.458419   4314.945395  -7150.731046     87.083631  5  3  7 116       
PG07 -14592.105595 -10020.084714  20454.628690    -49.189669  4  7  6 117       
PG08   6418.529733 -25065.803341   4759.289523    322.176693  5  5  3 103       
PG09  -8619.508174 -19439.930657  15787.176802    321.366429  2  3  4  82       
PG10  22536.095816   8609.614748 -11270.557168    -99.140759  6  6  3  81       
PG11 -22296.352775  12557.553421   7019.027547   -723.919300  9  9  5 115       
PG12   4027.567170  20095.147945 -17197.207652   -531.696061  4  6  5  90       
PG13 -13612.502549  19968.141425  10518.711623    671.811739  8  8  6 110       
PG14 -22649.605348 -11593.469609  -7964.134026    476.429924  6  7  7 106       
PG15  -2922.186470  25917.589126   3976.152509    194.597582  6  4  1  94       
PG16  12224.111109  -9056.668431  21461.339965   -203.835442  6  6  4 119       
PG17 -14245.625729  -4362.382471 -21565.208561    650.210000  6  6  4 114       
PG18  14854.743685   9106.012207  20126.744823   -647.527690  5  5  4  98       
PG19 -16019.991947   4588.632239 -20742.548452    526.923835  7  8  5 109       
PG20 -16549.930127   6809.845142  19641.562333    371.503859  7  7  7 104       
PG21   9769.111637 -17592.481643 -16346.547395    103.253084  7  7  4  94       
PG22 -20843.828520  -5716.145540 -14822.608691    -53.129145  5  7  6 118       
PG23  20992.245914  16456.242154    562.293162    301.270705  5  6  5  96       
PG24  -5780.860557  18319.686195 -18608.805231   -486.446623  6  6  6 102       
PG25  15167.383970  20096.995464  -9197.997478    499.371620  7  5  7  83       
PG26  21190.234249   -118.849883  16076.501552     96.946201  5  5  4 100       
PG27  12541.820898 -18349.250032  13925.846571    -33.222654  6  6  4 116       
PG28  24622.448850  -3312.140753  -9407.332146   -379.330816  8  8  6  63       
PG29   4357.730970  22287.160361  13628.834744   -583.043623  4  8  4  93       
PG30 -22668.254073  -2294.679747  14016.822959   -336.832952  6  7  4  99       
PG31  24598.039903 -10348.247975   1927.512413   -225.678790  5  5  6  97       
PG32  14875.053920   2429.807984 -21656.956370   -604.446962  7  6  5 108       
*  2024  8 20  3 30  0.00000000
PG01  22488.713350   4744.028554  13214.119428 999999.999999                    
PG02   6599.057547 -17931.904172 -17837.534688   -375.421655  6  8  4 103       
PG03  -6928.513933 -19051.608002 -17387.578670    506.714237  5  6  3 104       
PG04    411.839517 -26163.507774   4104.873799    427.567421  7  8  4  87       
PG05  -9258.947453  11720.060927  21780.364313   -183.789379  5  8  5 107       
PG06 -24408.505638   3806.524189  -9835.000233     87.061465  5  4  7 113       
PG07 -12519.860556 -10964.697779  21306.960029    -49.184705  4  6  6 116       
PG08   6658.067205 -24318.202418   7503.555604    322.189570  5  5  3  96       
PG09  -8259.523972 -21116.404435  13694.792667    321.380544  1  4  5  58       
PG10  23370.453642   9425.961259  -8699.003681    -99.150936  6  6  4  85       
PG11 -22980.438634  12559.678824   4245.707315   -723.924109  9  9  5 116       
PG12   2421.278071  18880.975950 -18819.972468   -531.698527  5  7  5  89       
PG13 -13453.323775  18581.119552  12955.317883    671.813592  8  8  6 114       
PG14 -23078.635873 -12277.260201  -5290.435675    476.437764  7  7  7  98       
PG15  -3279.083720  25254.449174   6702.204298    194.601574  6  5    109       
PG16  14064.558643  -7367.820887  21022.094238   -203.826275  6  6  4 122       
PG17 -13749.319361  -6851.911912 -21229.127439    650.201071  6  6  4 112       
PG18  12702.062500  10044.125682  21111.343996   -647.530317  6  5  5  93       
PG19 -15558.272498   2241.789918 -21509.469956    526.928580  7  8  5 113       
PG20 -18419.160219   5712.882605  18261.393572    371.503437  6  7  7 108       
PG21  11525.324263 -18256.492571 -14309.425517    103.252463  7  6  4  81       
PG22 -21909.973174  -6987.566350 -12611.834660    -53.132910  5  7  6 112       
PG23  20703.852929  16475.695397   3431.337103    301.278458  6  6  5  94       
PG24  -7615.228825  19099.298581 -17025.246089   -486.447032  6  6  5 101       
PG25  14107.985398  19610.148862 -11668.905388    499.371782  7  5  7  90       
PG26  22549.905632   1001.778648  14129.114963     96.939191  5  6  4  84       
PG27  12555.298787 -16561.941330  15997.751456    -33.223048  5  6  4 112       
PG28  23610.295669  -2600.724937 -11898.377480   -379.344078  7  8  5  74       
PG29   3883.301359  23653.703532  11261.190902   -583.041644  3  8  5  82       
PG30 -21195.928217  -3153.093011  16008.466873   -336.826747  6  7  4 102       
PG31  24765.164129 -10152.649869   -892.450118   -225.678367  6  5  6  93       
PG32  14582.958963   4923.653075 -21451.149261   -604.444359  7  6  6 112       
*  2024  8 20  3 45  0.00000000
PG01  23544.039599   5721.574119  10875.509636 999999.999999                    
PG02   8421.360374 -18848.289644 -16055.668193   -375.414541  6  8  4  97       
PG03  -5170.085616 -18003.722254 -19042.768288    506.727216  6  6  3 100       
PG04    688.827334 -26445.338427   1252.431836    427.574034  7  9  4  86       
PG05 -11407.497955  10425.869997  21425.449550   -183.790653  5  9  6 102       
PG06 -23327.707928   3122.543362 -12350.545780     87.039253  5  6  8 112       
PG07 -10430.441895 -12050.871857  21811.635275    -49.179331  3  6  6 115       
PG08   6925.718573 -23277.262785  10114.904889    322.202382  5  5  3 101       
PG09  -7996.526283 -22557.884868  11364.821399    321.394637  2  5  5  58       
PG10  24000.173912  10026.018520  -5979.359279    -99.161095  5  6  4  76       
PG11 -23371.846541  12469.366934   1399.072494   -723.928883  9  8  5 117       
PG12    624.193115  17653.923124 -20126.364464   -531.701192  5  7  5  88       
PG13 -13314.423240  16926.414519  15163.481076    671.815541  7  8  6 114       
PG14 -23291.022122 -12762.766952  -2526.799921    476.445616  7  7  8 106       
PG15  -3698.104284  24304.469390   9309.865896    194.605324  6  6  2 107       
PG16  15929.706598  -5824.112621  20212.176162   -203.816922  6  6  5 119       
PG17 -13390.332019  -9304.221733 -20512.725982    650.192341  6  6  4 113       
PG18  10519.913632  11138.205712  21734.574952   -647.532964  6  6  6 101       
PG19 -15211.736350   -186.835682 -21909.636709    526.933232  7  8  5 113       
PG20 -20183.586516   4780.886260  16566.946741    371.502862  6  7  7 100       
PG21  13032.766398 -18874.428336 -12006.854262    103.251784  7  6  4  82       
PG22 -22830.674561  -8033.464229 -10175.673586    -53.136691  5  7  6 116       
PG23  20145.021999  16341.616673   6242.118152    301.286221  6  7  5 100       
PG24  -9251.512223  19865.059320 -15153.141170   -486.447462  6  6  5  99       
PG25  12803.572356  19035.123488 -13944.945852    499.371965  7  5  6  93       
PG26  23756.448611   1940.950431  11940.438908     96.932189  5  6  5  88       
PG27  12647.414068 -14556.476847  17783.759556    -33.223463  5  5  4 104       
PG28  22398.499260  -1709.554811 -14184.796341   -379.357315  7  7  5  74       
PG29   3520.989705  24765.884921   8698.061854   -583.039578  2  8  5  88       
PG30 -19580.793770  -4174.791573  17730.379459   -336.820569  6  7  4 104       
PG31  24656.285959  -9833.860334  -3697.449028   -225.677750  5  5  6  88       
PG32  14423.309179   7382.032195 -20869.576084   -604.441771  7  6  5 114       
*  2024  8 20  4  0  0.00000000
PG01  24410.199156   6498.866244   8349.644068 999999.999999                    
PG02  10009.778434 -19729.795051 -13984.412269   -375.407933  6  9  5  94       
PG03  -3209.688166 -16972.743952 -20375.788206    506.740207  6  7  3 111       
PG04    940.213164 -26415.999425  -1621.753052    427.580668  8 10  4  83       
PG05 -13565.977268   9277.068481  20695.882695   -183.791556  4  9  6  98       
PG06 -22048.924766   2243.237943 -14653.988022     87.017025  6  6  7 118       
PG07  -8366.266906 -13264.522843  21959.554908    -49.174408  4  6  5 111       
PG08   7255.165424 -21962.976639  12547.129219    322.215229  5  5  4 103       
PG09  -7801.208421 -23734.942764   8837.797841    321.408749  2  6  5  73       
PG10  24391.597443  10431.814284  -3158.251058    -99.171307  4  7  4  76       
PG11 -23479.895728  12249.843735  -1471.728100   -723.933656  8  8  6 120       
PG12  -1340.267286  16453.271465 -21094.836830   -531.703565  5  7  5  95       
PG13 -13230.895808  15030.857030  17104.059846    671.817470  7  8  6 106       
PG14 -23259.921369 -13074.235877    279.758172    476.453430  7  7  7 110       
PG15  -4209.653262  23088.301592  11752.245545    194.609391  6  6  2 112       
PG16  17775.477063  -4446.982446  19047.521729   -203.807483  6  6  5 112       
PG17 -13165.274828 -11668.041036 -19428.808177    650.183285  6  6  4 107       
PG18   8355.614554  12374.654519  21985.151992   -647.535593  6  7  7  97       
PG19 -14993.411436  -2650.245147 -21937.576594    526.937912  7  8  4 112       
PG20 -21798.508448   4009.069353  14586.960477    371.502972  6  6  7  98       
PG21  14278.457802 -19403.407286  -9481.218608    103.250967  7  7  4  81       
PG22 -23565.515340  -8861.831167  -7558.193020    -53.140105  5  7  6  98       
PG23  19305.140429  16091.937068   8946.901795    301.293985  6  7  4  96       
PG24 -10672.423016  20578.087514 -13022.698140   -486.447871  6  5  4  96       
PG25  11261.792123  18411.417806 -15988.580532    499.372148  7  4  6  97       
PG26  24772.604665   2709.332714   9548.514921     96.925218  4  6  5  87       
PG27  12843.135623 -12372.236488  19252.141178    -33.223891  5  5  4 107       
PG28  21027.184391   -626.539852 -16227.298019   -379.370580  7  7  4  87       
PG29   3240.304667  25596.421393   5983.939136   -583.037470  2  8  5  98       
PG30 -17864.640936  -5362.919955  19153.384011   -336.814389  6  6  4 105       
PG31  24291.938248  -9361.327093  -6440.524325   -225.677684  5  6  6  83       
PG32  14390.855178   9755.620488 -19923.204844   -604.439173  6  6  5 115       
*  2024  8 20  4 15  0.00000000
PG01  25053.008219   7093.543418   5680.749464 999999.999999                    
PG02  11350.305981 -20533.451548 -11661.664931   -375.400806  6  9  5 102       
PG03  -1076.804792 -15996.357838 -21364.138383    506.753237  6  7  2 118       
PG04   1203.647798 -26074.906750  -4467.780010    427.587334  8 11  4  91       
PG05 -15686.154512   8287.145562  19604.829853   -183.792429  4  8  6  89       
PG06 -20614.681484   1156.671443 -16705.492436     86.994839  6  7  7 114       
PG07  -6367.169216 -14584.343842  21747.121578    -49.169276  4  6  5 114       
PG08   7676.171868 -20403.363727  14757.326967    322.228086  5  4  3  98       
PG09  -7640.028367 -24625.812228   6157.644169    321.422843  3  7  6  75       
PG10  24517.361558  10671.862385   -283.703872    -99.181559  4  7  3  78       
PG11 -23322.220879  11867.803984  -4317.090038   -723.938469  8  7  6 120       
PG12  -3441.758731  15314.271991 -21709.414520   -531.706081  5  8  5  92       
PG13 -13233.170176  12928.969130  18742.710552    671.819528  6  8  6 108       
PG14 -22965.033964 -13241.185069   3081.571800    476.461270  7  7  7 107       
PG15  -4839.622762  21634.289763  13985.031314    194.613094  5  7  3 102       
PG16  19556.175796  -3249.542376  17550.229733   -203.798476  6  6  6 109       
PG17 -13062.515832 -13894.434733 -17997.011600    650.174531  6  6  4 113       
PG18   6254.054576  13731.900146  21858.125333   -647.538245  6  8  7  99       
PG19 -14908.333214  -5100.101052 -21594.076951    526.942562  6  8  4 116       
PG20 -23222.219496   3384.935951  12355.194136    371.502374  5  6  8 100       
PG21  15259.051149 -19801.221916  -6779.423182    103.250419  7  7  5  80       
PG22 -24078.520317  -9488.818265  -4806.503594    -53.144043  5  7  6  94       
PG23  18182.225936  15766.822909  11499.713842    301.301734  6  7  4 100       
PG24 -11868.273736  21198.177220 -10668.884447   -486.448268  6  5  4 104       
PG25   9498.151237  17777.404795 -17766.149256    499.372333  6  4  6 103       
PG26  25565.433514   3324.468365   6994.555272     96.918221  4  6  5  81       
PG27  13160.649775 -10053.965291  20377.097520    -33.224342  5  4  3 103       
PG28  19539.592752    652.458373 -17990.792604   -379.383906  6  6  4  93       
PG29   3006.638104  26126.061607   3165.952793   -583.035887  3  7  5 108       
PG30 -16090.361239  -6712.911827  20253.200821   -336.808184  6  6  4 109       
PG31  23699.328242  -8709.450978  -9075.922790   -225.677360  5  5  6  85       
PG32  14472.410979  11997.649026 -18629.412262   -604.436535  6  7  5 117       
*  2024  8 20  4 30  0.00000000
PG01  25443.983356   7529.815724   2915.026738 999999.999999                    
PG02  12438.246724 -21216.482671  -9129.828610   -375.393748  7 10  6 100       
PG03   1192.299351 -15107.152358 -21991.048922    506.766248  6  7  2 114       
PG04   1516.107583 -25430.534393  -7236.232858    427.593956  8 11  4  94       
PG05 -17719.241283   7461.113014  18171.820430   -183.793655  4  8  6  96       
PG06 -19070.565633   -140.588816 -18469.467972     86.972664  7  7  7 117       
PG07  -4469.091612 -15982.428438  21176.364811    -49.164110  5  6  4 110       
PG08   8213.207723 -18633.438144  16706.715105    322.240928  5  4  4 106       
PG09  -7476.701209 -25217.126239   3370.884016    321.436931  3  7  6  88       
PG10  24357.449986  10779.863285   2595.649242    -99.191674  3  7  3  83       
PG11 -22923.997291  11294.888982  -7087.822047   -723.943269  7  6  6 118       
PG12  -5643.969053  14266.880506 -21959.923139   -531.708754  5  8  4 105       
PG13 -13345.668232  10661.762270  20050.545024    671.821512  6  8  6 114       
PG14 -22393.457344 -13297.102976   5831.100920    476.469112  7  6  7 117       
PG15  -5608.092724  19977.473976  15967.414751    194.617064  5  7  3 107       
PG16  21226.193759  -2236.322127  15748.038521   -203.788701  5  6  6 104       
PG17 -13062.756359 -15938.598997 -16243.398582    650.165927  5  7  4 101       
PG18   4256.121846  15181.087111  21355.009427   -647.540896  5  9  7 101       
PG19 -14953.424460  -7488.366043 -20886.087245    526.947212  6  8  4 111       
PG20 -24417.544454   2888.926652   9909.869433    371.502025  5  5  8  94       
PG21  15980.764780 -20028.245817  -3951.825891    103.249893  7  6  6  89       
PG22 -24339.607129  -9937.812799  -1969.801710    -53.147821  5  6  6  90       
PG23  16783.151675  15407.021325  13857.093223    301.309407  6  7  4  90       
PG24 -12837.245567  21685.381816  -8130.946828   -486.448716  6  5  4  93       
PG25   7535.599309  17168.858950 -19248.350375    499.372497  6  4  6 103       
PG26  26107.512377   3809.870193   4322.232748     96.911209  4  6  6  80       
PG27  13610.524457  -7650.128422  21139.240298    -33.224767  5  4  3 104       
PG28  17980.454570   2123.270561 -19444.990366   -379.397209  6  5  3  97       
PG29   2782.817072  26344.280806    293.030112   -583.033776  4  7  5 109       
PG30 -14300.430430  -8212.475180  21010.849680   -336.801935  5  6  3 105       
PG31  22911.248097  -7858.701406 -11559.789734   -225.676709  5  5  6  81       
PG32  14647.474365  14065.532613 -17011.608698   -604.433838  5  7  5 109       
*  2024  8 20  4 45  0.00000000
PG01  25561.389773   7837.277651     99.843345 999999.999999                    
PG02  13278.135162 -21738.099932  -6434.904320   -375.386773  6  9  6  93       
PG03   3555.752098 -14331.407873 -22245.752038    506.779249  7  7  2 115       
PG04   1912.242795 -24500.103429  -9879.062061    427.600585  8 11  5  91       
PG05 -19617.665954   6795.478021  16422.358784   -183.794503  4  8  7 102       
PG06 -17463.512087  -1643.124430 -19915.198420     86.950485  7  7  6 118       
PG07  -2702.905537 -17425.141474  20255.006320    -49.159240  5  6  4 107       
PG08   8884.301088 -16693.903396  18361.348341    322.253686  5  4  4 100       
PG09  -7273.801450 -25504.332987    525.813934    321.451006  4  8  5  81       
PG10  23899.972387  10793.229863   5431.347012    -99.201859  4  7  3  88       
PG11 -22316.882542  10508.978300  -9736.009289   -723.948095  7  6  6 120       
PG12  -7905.793301  13334.700888 -21842.137186   -531.711379  5  8  4 100       
PG13 -13585.721373   8275.277004  21004.675618    671.823304  6  8  5 115       
PG14 -21540.272669 -13278.006553   8481.705633    476.476920  7  6  7 114       
PG15  -6528.263331  18158.310454  17662.964089    194.621203  5  7  3 110       
PG16  22741.688425  -1403.364338  13673.714297   -203.779658  5  7  6 106       
PG17 -13139.941085 -17761.483108 -14199.904887    650.156958  5  7  4 110       
PG18   2397.282608  16687.063189  20483.802984   -647.543486  5 10  7  93       
PG19 -15117.689590  -9768.914028 -19826.532153    526.951905  6  8  4 118       
PG20 -25353.219786   2495.348702   7293.026229    371.501505  4  4  8  96       
PG21  16458.883746 -20049.230629  -1051.079132    103.249251  6  6  6  71       
PG22 -24325.788914 -10238.232106    901.605749    -53.151400  5  6  6  96       
PG23  15123.547239  15052.191533  15978.808077    301.317169  6  7  4 102       
PG24 -13585.360165  22001.635479  -5451.829606   -486.449107  6  5  4  90       
PG25   5403.851897  16617.594145 -20410.660542    499.372725  6  3  6  97       
PG26  26377.930810   4193.901327   1576.949641     96.904203  3  6  6  81       
PG27  14195.208093  -5211.126817  21525.924389    -33.225174  5  5  2  99       
PG28  16394.316488   3773.387616 -20564.918395   -379.410304  5  4  3 100       
PG29   2530.758960  26249.644065  -2584.977522   -583.031722  4  7  4 106       
PG30 -12535.412761  -9841.869710  21412.978526   -336.795724  5  6  3 105       
PG31  21964.801657  -6796.509092 -13850.825466   -225.676767  4  5  6  82       
PG32  14889.144717  15922.322971 -15098.756205   -604.431176  5  7  6 110       
*  2024  8 20  5  0  0.00000000
PG01  25391.031927   8049.541616  -2717.061039 999999.999999                    
PG02  13883.273779 -22061.207375  -3625.525652   -375.379826  5  8  6  74       
PG03   5967.460412 -13688.130923 -22123.665357    506.792275  6  7  2 120       
PG04   2422.820026 -23308.939257 -12350.440804    427.607255  7 11  5  98       
PG05 -21336.800831   6278.563074  14387.427048   -183.795720  5  7  7  96       
PG06 -15840.042476  -3336.662984 -21017.394802     86.928317  7  6  4 123       
PG07  -1093.398400 -18874.215138  18996.459516    -49.153867  5  6  3 103       
PG08   9700.168305 -14629.632827  19692.729360    322.266519  5  4  4  90       
PG09  -6994.410571 -25491.778322  -2328.351575    321.465146  4  8  5  89       
PG10  23141.649411  10751.494615   8175.860729    -99.211982  4  7  3  91       
PG11 -21537.716374   9495.243593 -12215.854994   -723.952883  6  5  6 128       
PG12 -10182.686685  12534.172123 -21357.846862   -531.713849  4  7  3 110       
PG13 -13962.789987   5818.925650  21588.634816    671.825365  5  8  5 117       
PG14 -20408.842767 -13220.913144  10988.403949    476.484739  7  5  6 114       
PG15  -7605.672979  16221.158322  19040.419104    194.624895  4  7  3 108       
PG16  24062.178841   -738.655734  11364.370528   -203.770488  4  7  6 101       
PG17 -13262.458645 -19331.167887 -11903.663259    650.147682  4  7  5 100       
PG18    706.368340  18209.627692  19258.897189   -647.546127  5 10  7  89       
PG19 -15382.710915 -11899.058106 -18434.042326    526.956135  5  8  5 115       
PG20 -26005.061771   2173.555411   4549.802508    371.501101  4  3  8 105       
PG21  16716.858056 -19834.903077   1869.076772    103.248972  6  6  6  75       
PG22 -24022.083229 -10424.093130   3757.268793    -53.154799  5  6  6  97       
PG23  13227.377864  14739.283889  17828.524897    301.325013  6  7  4 105       
PG24 -14126.146449  22112.348649  -2677.494264   -486.449494  6  4  4 102       
PG25   3138.476119  16150.257941 -21233.691947    499.372861  6  3  6 101       
PG26  26363.048266   4508.486404  -1194.903119     96.897205  3  6  6  79       
PG27  14908.882025  -2787.451968  21531.428356    -33.225646  5  5  2  98       
PG28  14823.889948   5582.253964 -21331.346035   -379.423526  5  4  2 104       
PG29   2213.162663  25849.824189  -5418.182309   -583.029721  4  7  4 112       
PG30 -10832.540239 -11574.469115  21452.112686   -336.789513  5  5  3  91       
PG31  20899.992982  -5517.906427 -15910.901315   -225.676315  4  5  6  81       
PG32  15165.296874  17537.932458 -12924.793489   -604.428516  5  8  6 104       
*  2024  8 20  5 15  0.00000000
PG01  24926.764359   8202.747845  -5488.343988 999999.999999                    
PG02  14274.915416 -22153.941489   -751.962365   -375.372853  5  8  6  78       
PG03   8378.658784 -13188.369989 -21626.483616    506.805321  6  7  2 110       
PG04   3073.321630 -21889.522932 -14607.578273    427.613933  7 11  6 100       
PG05 -22836.573558   5891.156274  12102.891729   -183.796593  5  6  7  85       
PG06 -14244.526863  -5198.422526 -21756.657796     86.906172  8  6  3 110       
PG07    341.533383 -20288.040465  17419.755874    -49.148950  5  6  3 102       
PG08  10663.656174 -12488.001279  20678.298112    322.279325  5  3  4 101       
PG09  -6603.743885 -25192.453051  -5142.345004    321.479231  5  9  5  96       
PG10  22087.989721  10694.657018  10783.327618    -99.222157  5  6  3 100       
PG11 -20627.030140   8246.921988 -14484.484701   -723.957665  6  5  6 120       
PG12 -12428.148956  11874.027304 -20514.842666   -531.716596  4  7  2  95       
PG13 -14478.018551   3343.707801  21792.660481    671.827532  5  7  5 116       
PG14 -19010.810289 -13162.282857  13308.603812    476.492591  6  6  6 114       
PG15  -8837.743333  14212.596777  20074.381012    194.629078  4  7  2 114       
PG16  25151.994912   -222.866526   8860.737607   -203.760955  3  7  7  92       
PG17 -13394.576255 -20623.943511  -9396.223159    650.139304  4  7  5  91       
PG18   -795.380766  19704.995790  17700.870457   -647.548795  5 10  7  71       
PG19 -15723.424333 -13840.943184 -16732.610065    526.960752  5  7  5 110       
PG20 -26356.874815   1889.329266   1727.650609    371.500947  4  3  7 102       
PG21  16785.049987 -19363.285391   4755.022046    103.248220  6  6  6  88       
PG22 -23422.096384 -10532.424261   6547.530265    -53.158922  5  6  6 101       
PG23  11126.215524  14501.027342  19374.420847    301.332768  6  7  4 104       
PG24 -14480.006004  21987.911515    143.853378   -486.449905  6  4  4  95       
PG25    779.769791  15787.322793 -21703.484912    499.373066  6  2  6 100       
PG26  26056.990471   4787.702971  -3946.686746     96.890202  2  5  6  85       
PG27  15737.668490   -427.859564  21156.983085    -33.226047  5  6  1 100       
PG28  13308.483264   7521.875607 -21731.112222   -379.436723  5  4  2 103       
PG29   1795.167443  25161.274523  -8157.544762   -583.027943  4  7  4 114       
PG30  -9224.418541 -13377.591109  21126.819382   -336.783230  4  5  3  88       
PG31  19758.225886  -4025.894215 -17705.630505   -225.675919  4  5  6  90       
PG32  15439.960072  18890.084134 -10527.982852   -604.425846  4  8  6  94       
*  2024  8 20  5 30  0.00000000
PG01  24170.711346   8334.008030  -8167.795813 999999.999999                    
PG02  14481.135991 -21990.983201   2134.877680   -375.365950  4  7  6  90       
PG03  10739.565085 -12834.838592 -20762.176443    506.818315  6  6  3 113       
PG04   3882.758723 -20280.274905 -16611.474363    427.620622  6 11  6 106       
PG05 -24082.899940   5607.461975   9608.828451   -183.797682  5  5  7  97       
PG06 -12717.535306  -7197.792937 -22119.840520     86.884073  8  5  2 112       
PG07   1591.452142 -21623.116710  15549.390187    -49.143640  6  6  3 100       
PG08  11769.516765 -10317.139179  21301.792264    322.292154  4  3  4  93       
PG09  -6070.692121 -24627.417195  -7867.704569    321.493288  5  9  5  98       
PG10  20753.155937  10661.530536  13210.249596    -99.232230  5  6  3 103       
PG11 -19627.424794   6765.777725 -16502.698079   -723.962396  5  6  5 115       
PG12 -14595.289337  11355.044039 -19326.817154   -531.719080  4  7  2  87       
PG13 -15124.143579    900.373615  21613.841977    671.829535  5  7  4 122       
PG14 -17365.795568 -13136.489167  15402.799468    476.500424  6  6  6 113       
PG15 -10213.677590  12179.646537  20745.873637    194.633012  4  6  2 109       
PG16  25981.529911    169.640443   6206.400767   -203.751825  3  7  7  98       
PG17 -13498.041891 -21625.044845  -6722.690776    650.130406  4  7  6  87       
PG18  -2094.976794  21127.424092  15836.170180   -647.551444  5 11  6  80       
PG19 -16109.143276 -15562.756912 -14751.176948    526.965486  5  7  6 103       
PG20 -26401.062135   1606.414328  -1124.496341    371.500646  4  4  7 104       
PG21  16699.200709 -18620.680213   7554.424045    103.247920  5  5  6  89       
PG22 -22528.267814 -10601.590206   9224.410222    -53.162609  5  7  6 101       
PG23   8858.226782  14364.582408  20589.729673    301.340536  5  7  4 105       
PG24 -14673.293870  21605.039577   2962.617684   -486.450316  6  4  4  97       
PG25  -1628.528959  15542.308524 -21811.733502    499.373326  5  3  6  96       
PG26  25461.870047   5066.305482  -6632.246395     96.883207  2  5  6 101       
PG27  16660.179712   1822.361207  20410.653784    -33.226378  5  7  2 102       
PG28  11882.577296   9557.720201 -21757.349474   -379.449940  4  5  3 112       
PG29   1245.912754  24208.570940 -10755.738289   -583.025525  4  7  3 113       
PG30  -7737.907621 -15213.568338  20441.782525   -336.777044  4  4  3  89       
PG31  18580.766206  -2331.522257 -19204.889446   -225.675382  3  5  5  96       
PG32  15674.843996  19964.956059  -7950.194908   -604.423168  4  8  6  91       
*  2024  8 20  5 45  0.00000000
PG01  23133.194284   8479.840000 -10711.034000 999999.999999                    
PG02  14535.455293 -21554.592057   4984.421809   -375.359066  4  7  6  77       
PG03  13001.084801 -12621.861021 -19544.890527    506.831311  6  6  3 113       
PG04   4862.745251 -18524.120193 -18327.601541    427.627360  6 11  6 109       
PG05 -25048.883602   5396.309943   6948.780415   -183.799057  5  3  7  92       
PG06 -11294.344003  -9297.330382 -22100.303564     86.861922  8  6  3 112       
PG07   2653.679921 -22835.613690  13415.076696    -49.138572  6  6  3 102       
PG08  13004.520161  -8164.182043  21553.475121    322.304989  4  4  3  89       
PG09  -5369.217190 -23824.925917 -10457.611086    321.507374  6  9  4 104       
PG10  19159.526680  10688.147637  15416.151165    -99.242367  5  6  4 101       
PG11 -18581.881552   5062.233142 -18235.654440   -723.967238  5  6  5 111       
PG12 -16638.418038  10970.096262 -17813.183268   -531.721748  4  7  2  84       
PG13 -15885.755840  -1462.388734  21056.126504    671.831521  5  6  4 121       
PG14 -15500.804293 -13174.374554  17235.222628    476.508269  6  6  5 109       
PG15 -11714.720744  10167.975610  21042.756404    194.636641  4  6    112       
PG16  26528.255061    469.577690   3447.022567   -203.742388  3  7  6  90       
PG17 -13533.781381 -22329.019416  -3930.814877    650.121502  4  8  6  94       
PG18  -3188.021400  22430.935283  13696.684232   -647.554100  5 11  5  79       
PG19 -16504.792185 -17039.719376 -12523.160083    526.970074  5  8  6 111       
PG20 -26138.912689   1288.136830  -3957.092237    371.500093  4  5  7  84       
PG21  16498.699465 -17602.282024  10217.323184    103.247209  5  5  6  91       
PG22 -21351.774228 -10669.601053  11742.422354    -53.166130  5  7  6 101       
PG23   6466.912696  14350.411263  21453.212095    301.348347  5  7  4 103       
PG24 -14737.145003  20947.898600   5728.734142   -486.450756  5  4  4  99       
PG25  -4040.659264  15421.263528 -21555.941334    499.373575  6  4  6  94       
PG26  24587.726314   5378.235420  -9206.625935     96.876198  2  5  6 100       
PG27  17648.378687   3922.952473  19307.084922    -33.226756  5  7  3  88       
PG28  10574.598973  11649.875279 -21409.600913   -379.463137  4  6  3 106       
PG29    539.936770  23023.450520 -13167.977205   -583.023737  4  7  3 114       
PG30  -6393.219738 -17041.024312  19407.783382   -336.770834  4  4  3  81       
PG31  17407.219509   -453.680234 -20383.284936   -225.675413  3  6  5  89       
PG32  15830.949709  20757.500544  -5236.147020   -604.420473  4  7  5  88       
*  2024  8 20  6  0  0.00000000
PG01  21832.375313   8674.648615 -13076.151397 999999.999999                    
PG02  14475.272219 -20835.327190   7747.358172   -375.351914  4  6  7  87       
PG03  15116.502280 -12535.644689 -17994.755299    506.844285  6  5  4  99       
PG04   6016.869803 -16666.892513 -19726.501443    427.634026  5 10  6 104       
PG05 -25715.738268   5222.571483   4168.966823   -183.800424  4  3  7 110       
PG06 -10003.655128 -11454.028358 -21698.055962     86.839763  8  7  3  97       
PG07   3533.312566 -23882.995354  11051.408711    -49.133480  6  7  4 102       
PG08  14347.895710  -6073.586635  21430.231311    322.317828  5  4  2  90       
PG09  -4479.547915 -22819.293256 -12867.688348    321.521469  6  9  4  97       
PG10  17336.971639  10806.278488  17364.190832    -99.252468  5  6  4 109       
PG11 -17532.071912   3155.163260 -19653.479446   -723.972005  5  6  4 106       
PG12 -18514.608948  10704.507574 -15998.808995   -531.724251  4  7  2 100       
PG13 -16739.902715  -3699.667287  20130.188937    671.833472  5  5  5 107       
PG14 -13449.365380 -13301.945141  18774.439137    476.516068  6  6  5 102       
PG15 -13314.772340   8220.171098  20959.975284    194.640833  5  5    110       
PG16  26777.465694    711.331031    629.564192   -203.732774  3  7  6  95       
PG17 -13463.615579 -22739.720700  -1070.044231    650.112660  5  8  6  82       
PG18  -4078.703882  23571.074539  11319.207545   -647.556695  5 11  5  92       
PG19 -16872.304664 -18254.819719 -10085.923324    526.974606  5  8  6  67       
PG20 -25580.551155    899.048631  -6720.863256    371.499814  4  5  6  91       
PG21  16224.745191 -16312.399159  12697.106707    103.246404  4  5  6 100       
PG22 -19912.107257 -10772.473911  14059.310147    -53.169859  5  7  6  95       
PG23   3999.645460  14471.409173  21949.542130    301.356118  5  7  4 100       
PG24 -14706.089865  20008.953012   8392.636996   -486.451182  5  5  4 102       
PG25  -6410.335643  15422.524397 -20939.504384    499.373770  6  5  6  81       
PG26  23452.188534   5755.170737 -11626.758468     96.869237  3  5  6 104       
PG27  18668.709378   5840.026108  17867.121267    -33.227074  4  8  3  83       
PG28   9405.939300  13754.420925 -20693.828477   -379.476402  4  6  4  97       
PG29   -341.641733  21643.586384 -15352.792934   -583.021751  4  7  2 119       
PG30  -5203.270695 -18816.310353  18041.583447   -336.764609  4  4  3  70       
PG31  16274.076626   1581.395622 -21220.562638   -225.674736  3  6  5  90       
PG32  15870.201517  21271.432209  -2432.611079   -604.417756  4  7  5 107       
*  2024  8 20  6 15  0.00000000
PG01  20293.634499   8949.304654 -15224.314496 999999.999999                    
PG02  14340.185626 -19832.435157  10376.495037   -375.345038  4  5  7  86       
PG03  17043.097168 -12554.871553 -16137.592229    506.857213  6  5  4 101       
PG04   7340.389551 -14755.640983 -20784.285887    427.640740  5 10  6 111       
PG05 -26073.400290   5048.723765   1317.457733   -183.801215  4  4  7 101       
PG06  -8866.581458 -13620.817555 -20919.777871     86.817587  8  7  4 101       
PG07   4242.935862 -24725.647034   8497.415758    -49.128522  6  7  3  97       
PG08  15772.078729  -4085.580175  20935.534098    322.330702  5  5  2  86       
PG09  -3389.129942 -21649.539625 -15056.753560    321.535611  6  9  4 113       
PG10  15321.865630  11042.114748  19021.720913    -99.262593  5  6  4 103       
PG11 -16516.733563   1071.361603 -20731.782187   -723.976834  5  6  4 109       
PG12 -20185.178112  10536.696139 -13913.668478   -531.726794  4  6  2  77       
PG13 -17657.002038  -5771.873677  18853.172091    671.835281  5  5  5 118       
PG14 -11250.429142 -13539.253630  19993.882260    476.523962  5  6  5 103       
PG15 -14981.324367   6374.155699  20499.644188    194.644842  5  3    113       
PG16  26722.739416    931.443848  -2198.482384   -203.723755  3  7  6  91       
PG17 -13251.924493 -22869.936464   1809.418736    650.103570  5  7  6  71       
PG18  -4779.457931  24506.628010   8744.811625   -647.559358  5 11  4  97       
PG19 -17172.136724 -19199.276223  -7480.199403    526.979382  5  8  7  96       
PG20 -24744.551507    406.526716  -9367.692923    371.499656  4  5  6  88       
PG21  15918.490827 -14764.291698  14951.347412    103.245901  4  5  6  98       
PG22 -18236.350613 -10942.709866  16136.694369    -53.173496  6  7  5  91       
PG23   1506.054434  14732.332322  22069.601473    301.363919  5  7  5  98       
PG24 -14616.514523  18789.492100  10906.249841   -486.451612  4  5  3 102       
PG25  -8692.276779  15536.765278 -19971.717137    499.373963  6  5  6  83       
PG26  22079.875809   6225.165771 -13852.125946     96.862229  3  5  6 110       
PG27  19683.443860   7547.127296  16117.320726    -33.227425  4  8  4  81       
PG28   8390.253040  15824.964925 -19622.312117   -379.489610  5  7  4 101       
PG29  -1410.204282  20111.148342 -17272.744649   -583.019406  4  7  2 114       
PG30  -4173.311622 -20495.052511  16365.706976   -336.758404  4  4  3  74       
PG31  15213.377618   3740.885537 -21701.951857   -225.674427  4  6  5  92       
PG32  15757.036785  21518.891402    412.394475   -604.415037  4  7  5  95       
*  2024  8 20  6 30  0.00000000
PG01  18548.705593   9329.868746 -17120.309211 999999.999999                    
PG02  14170.273014 -18553.899881  12827.539556   -375.338107  4  3  6 106       
PG03  18743.625947 -12651.589336 -14004.528943    506.870102  6  5  4  98       
PG04   8820.257561 -12836.906297 -21483.034250    427.647410  5  9  6 108       
PG05 -26120.811857   4836.498886  -1556.668549   -183.802307  4  5  7 104       
PG06  -7895.936664 -15748.237160 -19778.722922     86.795425  7  8  4  98       
PG07   4802.043203 -25328.444518   5796.014614    -49.123442  6  8  4  91       
PG08  17243.727497  -2234.801372  20079.291252    322.343595  5  5  2  90       
PG09  -2093.294058 -20357.876769 -16987.505807    321.549711  7  9  4 111       
PG10  13155.875820  11415.164301  20360.790829    -99.272690  4  6  4 110       
PG11 -15570.175817  -1155.302143 -21452.073636   -723.981524  6  6  4 110       
PG12 -21617.024404  10439.090979 -11592.410475   -531.729420  4  6  3  99       
PG13 -18602.026011  -7646.063612  17248.307396    671.837408  5  5  5 114       
PG14  -8947.064612 -13899.513438  20872.314043    476.531860  5  6  5 101       
PG15 -16676.680582   4661.819937  19670.956106    194.648760  5  3    115       
PG16  26366.097442   1167.045390  -4989.841498   -203.714313  4  7  6  93       
PG17 -12867.190325 -22740.677445   4657.545444    650.094387  6  7  6  66       
PG18  -5310.289007  25201.234164   6018.127502   -647.561979  5 11  4  84       
PG19 -17364.842144 -19872.705365  -4749.468716    526.983796  6  9  7  63       
PG20 -23657.228574   -217.736688 -11851.489077    371.499038  4  5  6  94       
PG21  15619.255377 -12979.649409  16942.493521    103.245519  3  5  5 111       
PG22 -16358.192985 -11207.941333  17940.627139    -53.177084  6  7  5  79       
PG23   -963.679476  15129.546556  21810.674976    301.371755  5  7  5  92       
PG24 -14505.030399  17299.801850  13223.972273   -486.452061  3  5  4 104       
PG25 -10843.713075  15747.339243 -18667.698200    499.374126  6  5  5 104       
PG26  20501.555310   6811.429461 -15845.381690     96.855262  3  5  5 102       
PG27  20652.186754   9025.988225  14089.376355    -33.227793  4  8  4  75       
PG28   7533.066525  17814.282192 -18213.441580   -379.502880  5  7  4  97       
PG29  -2669.011676  18471.206913 -18895.052414   -583.017413  4  6  1 119       
PG30  -3300.858850 -22033.752015  14408.122034   -336.752134  4  4  4  75       
PG31  14251.541660   5986.395605 -21818.441249   -225.673918  4  6  5  82       
PG32  15459.893936  21519.801471   3250.414540   -604.412329  4  6  4  95       
*  2024  8 20  6 45  0.00000000
PG01  16634.602161   9836.501727 -18733.032372 999999.999999                    
PG02  14004.396842 -17016.163917  15059.786321   -375.331225  3  2  6 101       
PG03  20187.612271 -12792.371966 -11631.520842    506.883033  6  6  4  89       
PG04  10435.481327 -10955.033816 -21811.081491    427.654116  5  8  6 104       
PG05 -25865.868418   4548.552262  -4404.170048   -183.803271  4  6  7  86       
PG06  -7095.860160 -17786.212810 -18294.500635     86.773245  7  9  5 102       
PG07   5236.166140 -25662.200809   2993.353828    -49.118218  6  8  4  73       
PG08  18724.965472   -549.182363  18877.578814    322.356556  5  5  2  84       
PG09   -595.618380 -18988.089490 -18627.142170    321.563786  7  8  4 114       
PG10  10884.563459  11937.395964  21358.589008    -99.282757  3  6  4 109       
PG11 -14720.972841  -3484.999921 -21802.079538   -723.986282  6  7  5 102       
PG12 -22783.782293  10379.289658  -9073.846018   -531.731976  4  6  3  94       
PG13 -19535.903314  -9296.981425  15344.428524    671.839204  5  6  6 121       
PG14  -6585.002480 -14388.478982  21394.206713    476.539697  5  6  5  97       
PG15 -18359.399980   3107.929561  18489.929997    194.652888  5  4  2 113       
PG16  25717.870503   1454.280229  -7698.172403   -203.705056  4  7  6  57       
PG17 -12283.359419 -22380.165075   7425.370059    650.085966  7  6  6  93       
PG18  -5697.797970  25624.822253   3186.555064   -647.564683  5 11  4 103       
PG19 -17412.655187 -20282.994578  -1939.300426    526.988444  6  9  7  69       
PG20 -22351.635362   -996.414604 -14129.014947    371.499030  4  6  5  74       
PG21  15362.879097 -10987.749349  18638.404509    103.245497  3  5  5 114       
PG22 -14316.720824 -11589.795567  19442.050929    -53.180613  6  7  5  99       
PG23  -3360.557845  15651.109815  21176.541384    301.379576  5  6  5 104       
PG24 -14406.825584  15558.966411  15303.633782   -486.452477  3  5  4 104       
PG25 -12825.820384  16030.904452 -17048.231439    499.374331  6  5  5  96       
PG26  18753.088190   7531.284972 -17572.929826     96.848202  4  5  5 105       
PG27  21533.473233  10266.951153  11819.465567    -33.228129  3  7  4  71       
PG28   6831.708178  19675.996160 -16491.404032   -379.516136  5  7  5  97       
PG29  -4112.904157  16770.043837 -20192.142786   -583.015195  4  5  1 118       
PG30  -2575.928578 -23391.379174  12201.820699   -336.745917  4  5  4  52       
PG31  13408.405709   8275.181935 -21566.979741   -225.673485  4  6  5  89       
PG32  14952.544182  21300.949119   6033.356477   -604.409624  4  5  4  90       
*  2024  8 20  7  0  0.00000000
PG01  14592.371464  10482.596353 -20035.927455 999999.999999                    
PG02  13878.603133 -15243.542604  17036.710254   -375.324048  3  2  6 108       
PG03  21352.395765 -12939.708025  -9058.784454    506.895960  5  6  4  86       
PG04  12157.797274  -9150.588849 -21763.193433    427.660778  5  7  5 107       
PG05 -25325.036866   4150.085564  -7176.473250   -183.804733  3  6  6  88       
PG06  -6461.792032 -19685.871692 -16492.741771     86.751050  6  9  5  99       
PG07   5575.741917 -25704.926767    138.055467    -49.113027  7  8  5  60       
PG08  20174.796110    950.890667  17352.273901    322.369463  4  5  2  71       
PG09   1092.028181 -17583.876588 -19947.892684    321.577848  7  8  4 116       
PG10   8555.847564  12612.665307  21997.818462    -99.292873  3  6  4 107       
PG11 -13990.895226  -5873.295110 -21775.942815   -723.991109  7  7  5 104       
PG12 -23666.741925  10321.417964  -6400.358447   -531.734541  4  6  4  91       
PG13 -20417.079713 -10707.792260  13175.392288    671.841201  5  6  6 110       
PG14  -4211.076172 -15004.117744  21550.036699    476.547571  4  5  5  88       
PG15 -19985.897058   1729.352783  16979.005538    194.656690  5  5  3 105       
PG16  24796.280208   1826.793660 -10278.753404   -203.695475  5  7  6  80       
PG17 -11480.973291 -21822.567641  10065.823412    650.077007  7  6  6  88       
PG18  -5973.939572  25754.818561    299.413938   -647.567389  5 10  4  99       
PG19 -17281.025454 -20445.882854    903.338389    526.992713  7  9  7  67       
PG20 -20866.306127  -1945.450707 -16160.667355    371.498606  4  5  4  72       
PG21  15180.284401  -8824.344258  20012.735320    103.244725  3  4  4 114       
PG22 -12155.040832 -12103.009988  20617.163429    -53.184580  6  7  4  84       
PG23  -5638.461860  16277.188514  20177.454818    301.387397  5  6  5 101       
PG24 -14354.072706  13594.301074  17107.385510   -486.452975  3  5  4 104       
PG25 -14605.028208  16358.318128 -15139.519051    499.374556  6  5  5 108       
PG26  16874.199409   8395.347952 -19005.455748     96.841274  4  5  4 112       
PG27  22286.395745  11269.054160   9347.544472    -33.228477  3  7  4  71       
PG28   6275.564000  21366.238102 -14485.772511   -379.529403  5  8  4 102       
PG29  -5728.333104  15053.435038 -21142.098931   -583.012913  3  5  2 125       
PG30  -1981.571364 -24530.899184   9784.301163   -336.739842  5  6  5  83       
PG31  12696.508935  10561.550102 -20950.596659   -225.673121  5  6  6 102       
PG32  14215.219534  20894.826278   8714.267190   -604.406926  5  5  4  96       
*  2024  8 20  7 15  0.00000000
PG01  12465.718070  11274.158194 -21007.363142 999999.999999                    
PG02  13824.669678 -13267.362996  18726.461953   -375.317092  3  3  5 113       
PG03  22223.896944 -13053.566559  -6330.148594    506.908855  5  6  5  74       
PG04  13952.633682  -7458.934614 -21340.628159    427.667473  4  7  5 104       
PG05 -24522.663184   3610.362492  -9826.479542   -183.805750  4  6  6  96       
PG06  -5980.799487 -21401.323185 -14404.652007     86.728868  6  9  5  97       
PG07   5854.755201 -25442.845281  -2719.637334    -49.107813  7  8  5  69       
PG08  21550.632593   2253.112505  15530.598823    322.382317  4  5  3  79       
PG09   2949.761633 -16187.214261 -20927.467069    321.591879  7  8  5 117       
PG10   6218.382797  13436.443898  22267.000881    -99.302942  3  6  4 103       
PG11 -13394.120823  -8272.672017 -21374.312710   -723.995864  7  8  6 102       
PG12 -24255.498787  10227.643792  -3617.240637   -531.737305  4  6  4  74       
PG13 -21203.172577 -11870.479162  10779.422401    671.843259  5  7  6 113       
PG14  -1871.618052 -15736.589360  21336.484563    476.555437  4  5  4  95       
PG15 -21512.125457    534.635282  15166.503056    194.660731  5  5  4 112       
PG16  23626.755310   2314.324150 -12689.127058   -203.686192  5  7  6  96       
PG17 -10448.030537 -21106.542037  12534.499092    650.068188  7  5  6  90       
PG18  -6174.565820  25577.070245  -2592.947062   -647.570073  6 10  4 104       
PG19 -16940.050840 -20384.262747   3730.799449    526.997109  7  8  7  75       
PG20 -19243.795718  -3073.234671 -17911.186222    371.498102  4  5  3  85       
PG21  15096.290546  -6530.340208  21045.177462    103.243970  3  4  4 116       
PG22  -9918.785405 -12754.824350  21447.691059    -53.188046  6  6  4  86       
PG23  -7755.747576  16980.795268  18830.014132    301.395160  5  6  5  94       
PG24 -14374.467210  11440.437141  18602.501666   -486.453397  2  5  4 100       
PG25 -16154.153123  16695.771484 -12972.843627    499.374717  7  5  6 100       
PG26  14907.113519   9406.953706 -20118.401640     96.834338  4  5  4 116       
PG27  22872.196259  12039.786305   6716.604456    -33.228849  3  7  4  76       
PG28   5846.647774  22845.221041 -12231.001839   -379.542632  6  8  5 102       
PG29  -7493.721583  13364.972249 -21729.009320   -583.010831  3  6  2 123       
PG30  -1494.689535 -25420.669185   7196.956901   -336.733670  5  7  6  73       
PG31  12120.652470  12798.383491 -19978.434974   -225.672601  5  6  6  99       
PG32  13235.498010  20338.279466  11248.078181   -604.404204  5  5  4 100       
*  2024  8 20  7 30  0.00000000
PG01  10299.542623  12209.456012 -21630.953035 999999.999999                    
PG02  13868.852307 -11124.867597  20102.266641   -375.310105  3  3  5 108       
PG03  22797.065767 -13093.081651  -3492.331429    506.921807  4  6  4  84       
PG04  15780.323510  -5909.026339 -20551.084534    427.674166  4  6  4 100       
PG05 -23489.999460   2904.060947 -12309.334152   -183.806830  4  6  6  99       
PG06  -5632.241921 -22891.334541 -12066.461840     86.706680  6  9  5 100       
PG07   6109.203892 -24871.105519  -5528.793090    -49.102842  7  7  5  91       
PG08  22809.882312   3353.476428  13444.589396    322.395174  3  6  3  85       
PG09   4950.266246 -14836.803626 -21549.407756    321.605932  7  7  5 112       
PG10   3919.907209  14395.864639  22160.703895    -99.313099  4  6  3 113       
PG11 -12936.754558 -10634.185905 -20604.319982   -724.000617  8  8  6 104       
PG12 -24548.304063  10059.790213   -771.966127   -531.740094  4  6  4  73       
PG13 -21852.652687 -12785.896386   8198.392171    671.845480  5  7  6 108       
PG14    389.129853 -16568.535720  20756.535132    476.563297  4  5  4 106       
PG15 -22895.269887   -476.066708  13085.969868    194.664720  4  5  4 120       
PG16  22241.009860   2941.449038 -14889.703155   -203.676514  6  6  5  93       
PG17  -9180.553739 -20273.642990  14790.342432    650.059222  8  4  6  86       
PG18  -6337.813631  25086.448080  -5440.063515   -647.572745  6  9  5 117       
PG19 -16365.757200 -20127.226476   6495.489289    527.001987  8  8  7  87       
PG20 -17529.074046  -4380.081283 -19350.281269    371.497712  5  5  2 100       
PG21  15128.715147  -4150.325575  21721.569843    103.243740  4  2  3 116       
PG22  -7654.555753 -13544.664320  21921.075231    -53.191535  6  6  4  92       
PG23  -9676.677146  17728.822587  17156.919164    301.402962  6  5  5 110       
PG24 -14489.964562   9138.096966  19762.065082   -486.453858  2  5  4  97       
PG25 -17453.312432  17006.129145 -10584.137502    499.374881  7  5  5 101       
PG26  12895.103167  10561.855674 -20892.380944     96.827379  5  5  3 106       
PG27  23255.764811  12594.531092   3971.906782    -33.229198  3  7  4  86       
PG28   5520.463578  24078.667971  -9765.840210   -379.555881  6  8  5  98       
PG29  -9380.138459  11744.487187 -21943.211110   -583.008824  3  6  3 119       
PG30  -1087.108757 -26035.649346   4484.380706   -336.727436  5  7  6  90       
PG31  11677.755447  14938.748266 -18665.691796   -225.672327  6  6  6  88       
PG32  12008.916279  19671.018268  13592.309913   -604.401494  6  5  5 101       
*  2024  8 20  7 45  0.00000000
PG01   8138.443622  13278.953974 -21895.814367 999999.999999                    
PG02  14030.867963  -8857.928846  21142.730077   -375.303348  3  3  4 101       
PG03  23075.992885 -13018.291270   -594.153556    506.934754  4  5  4  82       
PG04  17597.519308  -4522.465978 -19408.540749    427.680806  4  6  4  81       
PG05 -22263.989770   2012.412282 -14583.147172   -183.808082  5  6  5  96       
PG06  -5388.747839 -24120.834971  -9518.782955     86.684500  6  9  6  85       
PG07   6375.450281 -23994.154285  -8238.785574    -49.097876  7  7  5  85       
PG08  23911.525800   4256.173302  11130.500358    322.408059  2  6  3  85       
PG09   7059.662712 -13566.660182 -21803.345309    321.619935  7  6  5  99       
PG10   1705.617438  15470.085624  21679.686011    -99.323182  4  6  3 107       
PG11 -12616.674694 -12909.169966 -19479.439503   -724.005229  8  9  6 106       
PG12 -24552.097055   9780.987225   2086.597010   -531.742680  4  6  5  96       
PG13 -22326.487523 -13463.483913   5477.062237    671.847432  5  8  6 109       
PG14   2530.530780 -17475.674464  19819.473258    476.571191  3  5  4 101       
PG15 -24095.373492  -1310.702153  10775.436796    194.668291  4  6  5 106       
PG16  20675.916737   3726.523918 -16844.316947   -203.667296  6  6  5  92       
PG17  -7682.847860 -19366.663582  16796.256415    650.050679  8  4  6  92       
PG18  -6502.402996  24287.102704  -8192.272815   -647.575455  7  9  6 106       
PG19 -15541.177515 -19708.887613   9150.617227    527.006396  8  7  7  82       
PG20 -15767.840259  -5858.034482 -20453.163811    371.497795  5  6  2 101       
PG21  15287.781077  -1731.013620  22033.894944    103.243279  4  3  4 110       
PG22  -5408.357089 -14464.120829  22030.576092    -53.195382  7  6  4  87       
PG23 -11372.629264  18483.335051  15186.615016    301.410688  6  5  5  81       
PG24 -14715.775426   6732.613403  20565.515647   -486.454290  2  5  3 106       
PG25 -18490.579235  17250.427552  -8013.459318    499.375031  7  5  6  89       
PG26  10881.000524  11848.208933 -21313.525427     96.820437  5  5  3 104       
PG27  23406.991085  12955.727713   1160.209307    -33.229546  4  7  4  69       
PG28   5267.126922  25039.039597  -7132.666196   -379.569172  7  8  6  78       
PG29 -11352.258992  10226.637444 -21781.426210   -583.006867  4  6  4 114       
PG30   -726.863865 -26358.376731   1693.594105   -336.721255  6  7  6  91       
PG31  11357.018402  16937.518193 -17033.460820   -225.672045  6  6  5  90       
PG32  10539.289983  18934.038406  15707.728021   -604.398783  6  5  5  99       
*  2024  8 20  8  0  0.00000000
PG01   6025.231379  14465.529778 -21796.762913 999999.999999                    
PG02  14323.143217  -6511.624218  21832.056253   -375.296554  4  4  3  98       
PG03  23073.675350 -12791.862306   2314.300630    506.947692  4  4  4  87       
PG04  19358.755079  -3312.851461 -17932.987648    427.687541  3  6  4  85       
PG05 -20885.862415    924.086942 -16609.657699   -183.809363  5  6  5 112       
PG06  -5217.464089 -25062.188342  -6805.883462     86.662283  7  9  5  74       
PG07   6688.527875 -22825.735481 -10800.323783    -49.092550  7  7  5  99       
PG08  24817.631897   4973.182983   8628.160535    322.420946  2  7  3  88       
PG09   9238.627914 -12404.897259 -21685.153816    321.633971  7  6  5  95       
PG10   -383.370774  16630.964228  20830.953702    -99.333304  5  6  3 110       
PG11 -12423.710187 -15050.933733 -18019.243568   -724.010053  9  9  7 101       
PG12 -24282.212700   9357.298189   4909.018420   -531.745266  4  6  5  94       
PG13 -22589.683593 -13920.661093   2662.288945    671.849142  6  8  6 100       
PG14   4516.935822 -18427.676508  18540.772100    476.579085  3  5  4 104       
PG15 -25076.833787  -1984.712635   8276.609713    194.672315  3  6  5  92       
PG16  18972.215444   4680.849591 -18520.740506   -203.657720  6  6  4 100       
PG17  -5967.448568 -18427.970220  18519.621393    650.041915  8  4  6  95       
PG18  -6705.915789  23192.363553 -10801.615988   -647.578176  7  8  6 121       
PG19 -14457.189094 -19167.017916  11650.947063    527.010889  8  6  6  71       
PG20 -14004.824172  -7491.004034 -21200.973916    371.497053  6  6  2 115       
PG21  15575.834106    680.341374  21980.177011    103.242893  5  4  4 108       
PG22  -3224.078470 -15497.220046  21775.298737    -53.198988  7  6  4  96       
PG23 -12823.039785  19203.071487  12952.827896    301.418451  6  4  5 101       
PG24 -15059.664941   4272.260880  20999.045752   -486.454712  1  5  3 105       
PG25 -19262.348048  17389.478829  -5304.379993    499.375163  8  6  6 100       
PG26   8905.723848  13246.843109 -21373.758351     96.813500  6  4  2 116       
PG27  23301.923200  13151.788325  -1671.002443    -33.229904  4  6  4  87       
PG28   5052.700705  25706.514310  -4376.762248   -379.582445  7  8  6  92       
PG29 -13369.574249   8839.706442 -21246.789806   -583.004798  4  6  4 125       
PG30   -379.649132 -26379.659218  -1126.784564   -336.715122  6  7  6  94       
PG31  11140.394316  18752.959674 -15108.472483   -225.671991  6  6  5 105       
PG32   8838.732239  18168.016768  17558.944879   -604.396070  6  5  6 103       
*  2024  8 20  8 15  0.00000000
PG01   3999.503499  15744.974352 -21334.440611 999999.999999                    
PG02  14750.346731  -4132.723783  22160.182537   -375.289673  4  4  2 105       
PG03  22811.442183 -12380.732772   5182.559080    506.960627  4  4  4  59       
PG04  21018.094886  -2285.442801 -16150.063050    427.694259  3  6  4  72       
PG05 -19399.582038   -364.204406 -18354.833474   -183.811202  6  6  4 111       
PG06  -5081.526618 -25696.184023  -3974.896258     86.640064  7  8  5  84       
PG07   7080.480128 -21388.505443 -13166.489385    -49.087666  7  6  5  84       
PG08  25494.754963   5523.579401   5980.289761    322.433823  2  7  4  94       
PG09  11443.724172 -11372.747873 -21197.005180    321.647998  7  6  5  96       
PG10  -2311.420420  17844.022264  19627.725363    -99.343418  6  6  3  98       
PG11 -12340.140807 -17016.388016 -16249.051072   -724.014855  9  9  6 116       
PG12 -23761.769725   8759.255823   7646.170448   -531.748309  4  6  5  87       
PG13 -22612.670964 -14181.928841   -197.781909    671.851333  7  9  6  94       
PG14   6318.880231 -19389.296922  16941.872473    476.586967  4  6  3  94       
PG15 -25809.709169  -2520.127867   5634.020690    194.676105  3  7  5 102       
PG16  17173.097403   5808.093382 -19891.145174   -203.648350  6  5  4  96       
PG17  -4054.769924 -17497.892379  19932.727920    650.032910  8  5  5  86       
PG18  -6983.126151  21824.284633 -13222.704950   -647.580803  7  7  6 116       
PG19 -13113.074541 -18541.546101  13953.543192    527.015396  8  5  6  94       
PG20 -12282.142508  -9255.228872 -21581.095668    371.496681  7  7  2 116       
PG21  15987.365075   3037.498791  21564.298900    103.242527  6  6  4 110       
PG22  -1142.066749 -16620.970020  21160.146585    -53.202524  7  5  4  93       
PG23 -14016.033546  19845.099367  10493.998495    301.426230  6  4  6  77       
PG24 -15521.586698   1806.474302  21055.833112   -486.455162  1  5  3 105       
PG25 -19773.389953  17385.520054  -2503.282912    499.375312  8  6  6 101       
PG26   7006.871912  14731.819333 -21070.987118     96.806541  5  4  2 113       
PG27  22923.696329  13215.816474  -4474.269519    -33.230262  4  6  4  75       
PG28   4840.693818  26069.682564  -1545.537028   -379.595737  7  8  6  78       
PG29 -15387.802699   7604.661151 -20348.772764   -583.002907  4  5  5 116       
PG30    -10.375106 -26098.957421  -3927.417668   -336.709002  6  7  6  88       
PG31  11003.355949  20348.216521 -12922.729150   -225.671609  7  6  5  84       
PG32   6927.371110  17411.735889  19114.960946   -604.393381  7  5  6 105       
*  2024  8 20  8 30  0.00000000
PG01   2096.330232  17086.760145 -20515.371705 999999.999999                    
PG02  15309.214495  -1768.142447  22122.838130   -375.282702  5  5  2 107       
PG03  22318.058963 -11757.604029   7960.659720    506.973634  5  4  4  86       
PG04  22530.805253  -1437.155124 -14090.594722    427.700908  4  5  5  82       
PG05 -17850.219231  -1847.414645 -19789.399622   -183.812246  7  7  3 112       
PG06  -4941.692994 -26012.706924  -1074.976257     86.617827  7  8  6  94       
PG07   7578.809136 -19713.270870 -15293.749732    -49.082261  7  6  5  86       
PG08  25915.165542   5932.580016   3231.788725    322.446744  2  7  4  79       
PG09  13628.888397 -10483.860380 -20347.322512    321.662062  6  6  5  89       
PG10  -4049.576472  19069.672239  18089.297356    -99.353543  6  6  3  97       
PG11 -12341.499268 -18767.534607 -14199.479417   -724.019624  9  9  6 109       
PG12 -23020.757943   7963.244167  10250.110262   -531.750787  4  7  5  93       
PG13 -22372.480609 -14277.719764  -3054.522410    671.853253  8  9  6  97       
PG14   7914.045772 -20321.717996  15049.853826    476.594856  4  6  3 102       
PG15 -26270.789040  -2944.416664   2894.161950    194.679757  3  7  5 102       
PG16  15322.715282   7103.984016 -20932.512800   -203.638981  6  5  3  87       
PG17  -1972.470730 -16613.222749  21013.123816    650.023962  8  5  5  92       
PG18  -7364.450972  20212.856154 -15413.537210   -647.583496  7  6  6 115       
PG19 -11516.780841 -17872.971322  16018.500724    527.020222  8  4  6  92       
PG20 -10637.774710 -11120.047875 -21587.355941    371.496065  7  7  3 108       
PG21  16509.320804   5296.707188  20795.753026    103.242021  7  7  4 110       
PG22    802.160034 -17806.162128  20195.706156    -53.206144  7  5  4  98       
PG23 -14948.720246  20366.556512   7852.621522    301.433954  6  4  6  82       
PG24 -16093.664971   -615.963430  20736.107894   -486.455599     5  3 112       
PG25 -20036.587631  17203.843311    341.413719    499.375451  8  7  6  82       
PG26   5217.437919  16271.255871 -20409.208911     96.799597  5  4  3 110       
PG27  22263.202955  13184.176757  -7202.890630    -33.230609  4  6  4  66       
PG28   4593.663764  26125.928762   1312.290126   -379.608978  8  8  6  43       
PG29 -17360.450199   6534.501176 -19103.000799   -583.000858  4  4  6 115       
PG30    415.231673 -25524.435192  -6659.153434   -336.702887  7  6  6  89       
PG31  10915.936261  21692.635338 -10513.034743   -225.671020  7  6  5  68       
PG32   4832.776878  16700.593737  20349.640913   -604.390682  7  4  7 109       
*  2024  8 20  8 45  0.00000000
PG01    345.095799  18455.056422 -19351.942662 999999.999999                    
PG02  15988.667385    536.591875  21721.531402   -375.275776  6  6  2 109       
PG03  21628.544110 -10902.220732  10600.052130    506.986629  5  4  4  84       
PG04  23854.988018   -756.876224 -11790.060775    427.707593  5  5  5  80       
PG05 -16282.297319  -3512.178299 -20889.291188   -183.813294  7  7  3 108       
PG06  -4758.070441 -26011.060906   1843.576691     86.595599  7  7  5  94       
PG07   8205.109710 -17837.875728 -17142.913124    -49.076900  7  5  5  91       
PG08  26057.872912   6230.378332    429.012058    322.459622  3  7  4  81       
PG09  15747.025937  -9743.893103 -19150.634039    321.676070  6  6  4  84       
PG10  -5576.526936  20264.664360  16240.808303    -99.363715  7  6  2  82       
PG11 -12397.642996 -20272.764390 -11905.907587   -724.024389  9  9  6 100       
PG12 -22094.856096   6952.667241  12674.961642   -531.753281  4  7  5 104       
PG13 -21853.674068 -14243.043587  -5859.618681    671.855033  9 10  6  96       
PG14   9287.949763 -21184.054125  12896.999532    476.602696  5  6  3  98       
PG15 -26444.392878  -3289.148482    104.623462    194.683643  5  8  5  92       
PG16  13464.665094   8556.291322 -21626.992974   -203.629707  6  5  3 100       
PG17    245.432638 -15805.877451  21743.877840    650.015781  7  5  5  99       
PG18  -7874.583639  18394.914825 -17336.241649   -647.586190  7  5  5 115       
PG19  -9684.860808 -17200.748738  17809.648004    527.024537  8  4  6  90       
PG20  -9104.217605 -13048.946526 -21220.104636    371.495838  8  7  3 103       
PG21  17121.680165   7418.056949  19689.340089    103.241577  8  7  5 106       
PG22   2579.019568 -19018.398370  18898.066749    -53.209822  7  4  5  95       
PG23 -15627.140623  20726.410604   5074.502502    301.441688  6  4  6  94       
PG24 -16760.521334  -2948.684659  20047.057526   -486.456009  1  5  4 108       
PG25 -20072.353322  16814.339799   3180.101113    499.375600  8  7  6  85       
PG26   3564.691575  17828.397130 -19398.523136     96.792635  5  4  2 111       
PG27  21319.485977  13094.968863  -9811.623211    -33.230966  5  6  3  78       
PG28   4274.860530  25881.485781   4147.528469   -379.622239  8  8  7  80       
PG29 -19240.459508   5633.921715 -17530.974622   -582.998647  4  5  7 112       
PG30    929.052712 -24672.673136  -9273.939129   -336.696801  7  5  6 103       
PG31  10844.006857  22762.876233  -7920.420874   -225.670531  7  6  5  71       
PG32   2589.119499  16065.251391  21242.120212   -604.388025  7  3  7 104       
*  2024  8 20  9  0  0.00000000
PG01  -1231.461814  19809.961439 -17862.300794 999999.999999                    
PG02  16770.212083   2738.805130  20963.471083   -375.268599  7  7  3 100       
PG03  20782.741984  -9802.383818  13054.484796    506.999685  5  4  4  80       
PG04  24953.112307   -226.094142  -9287.977226    427.714228  7  5  4  62       
PG05 -14738.176122  -5337.142358 -21636.025107   -183.814876  8  8  3 104       
PG06  -4491.869454 -25699.933924   4730.211815     86.573319  7  7  5  93       
PG07   8973.956855 -15805.782725 -18679.993579    -49.071980  7  5  5  88       
PG08  25909.405860   6450.804466  -2380.966014    322.472489  3  7  4  59       
PG09  17751.650289  -9150.422138 -17627.330047    321.690164  6  5  4  76       
PG10  -6879.281469  21383.704414  14112.899118    -99.373890  7  6  2  91       
PG11 -12474.052883 -21507.915159  -9407.860176   -724.029163  9  9  6 100       
PG12 -21024.023759   5718.852268  14877.777492   -531.755961  5  7  5  95       
PG13 -21048.994846 -14115.981265  -8565.844997    671.857218  9 10  6 101       
PG14  10434.331650 -21934.960735  10520.261628    476.610469  5  6  3  90       
PG15 -26322.876393  -3588.525325  -2686.747875    194.687937  6  8  4  99       
PG16  11640.490930  10145.093792 -21962.202770   -203.620284  6  5  2  87       
PG17   2559.671981 -15101.758825  22113.763098    650.006748  7  5  5  94       
PG18  -8531.366075  16412.797929 -18957.740983   -647.588852  6  5  4 117       
PG19  -7642.092086 -16561.707302  19295.208900    527.029236  8  4  5  86       
PG20  -7707.370346 -15000.837146 -20486.176917    371.495324  8  7  4  91       
PG21  17798.265802   9366.673102  18264.827026    103.241099  9  8  5 105       
PG22   4165.757998 -20219.309471  17288.577734    -53.213575  7  3  5  92       
PG23 -16065.863364  20887.165318   2207.945384    301.449428  5  5  6  99       
PG24 -17499.925235  -5149.374848  19002.578471   -486.456392  1  5  4 113       
PG25 -19907.746153  16192.891979   5962.876085    499.375731  8  8  6  77       
PG26   2069.273409  19362.891110 -18055.045219     96.785652  5  4  3 110       
PG27  20099.845353  12986.460598 -12257.349025    -33.231344  5  5  3  60       
PG28   3849.847228  25351.159930   6911.364243   -379.635493  7  8  7  74       
PG29 -20981.887517   4899.301048 -15659.696507   -582.996820  4  5  8 114       
PG30   1559.092072 -23568.054095 -11725.721639   -336.690714  8  4  6 102       
PG31  10750.748289  23543.759983  -5189.474597   -225.670496  6  6  5  73       
PG32    236.085435  15530.466410  21777.137750   -604.385333  6  2  7 105       
*  2024  8 20  9 15  0.00000000
PG01  -2617.975128  21108.913219 -16070.166465 999999.999999                    
PG02  17628.608511   4800.033142  19861.425342   -375.261592  8  7  3 104       
PG03  19823.708777  -8454.652120  15280.859014    507.012746  6  4  4  92       
PG04  25793.388453    180.191226  -6627.223295    427.720891  8  6  4  91       
PG05 -13256.530648  -7293.597476 -22016.988011   -183.815728  8  8  4 111       
PG06  -4107.112451 -25097.007834   7535.020853     86.551057  7  6  5 100       
PG07   9892.102832 -13664.412096 -19876.955034    -49.066667  6  5  4  86       
PG08  25464.326777   6629.863555  -5151.084951    322.485358  3  7  4  81       
PG09  19598.508187  -8693.165067 -15803.326492    321.704228  5  5  5  81       
PG10  -7953.536519  22381.184318  11741.268133    -99.384048  7  6  2  94       
PG11 -12533.307864 -22457.049774  -6748.323397   -724.034132  9  9  6  84       
PG12 -19850.921571   4261.645127  16819.363197   -531.758626  5  6  5 105       
PG13 -19959.721398 -13936.085067 -11127.806398    671.858769  9 10  6 106       
PG14  11355.219590 -22534.284168   7960.632558    476.618294  5  6  3  97       
PG15 -25906.835540  -3877.845527  -5432.652806    194.691368  7  9  4  90       
PG16   9888.262200  11843.328521 -21931.464696   -203.610996  6  4  2 106       
PG17   4927.011012 -14519.855587  22117.363562    649.997915  7  5  6 100       
PG18  -9344.943717  14312.796364 -20250.318930   -647.591478  6  5  4 120       
PG19  -5420.780653 -15988.560733  20448.411322    527.033694  8  4  4  87       
PG20  -6465.691284 -16931.521450 -19398.740305    371.494999  8  7  4 102       
PG21  18507.757496  11113.718017  16546.573199    103.240579  9  8  5 100       
PG22   5547.100420 -21367.923469  15393.545394    -53.217086  6  3  5  95       
PG23 -16287.247712  20816.443267   -697.113396    301.457182  5  5  6 100       
PG24 -18283.733278  -7181.217491  17622.889173   -486.456801  2  5  4 117       
PG25 -19575.318898  15322.551620   8640.471287    499.375935  7  8  6  93       
PG26    744.538854  20832.231544 -16400.717349     96.778670  5  4  3 115       
PG27  18619.658189  12895.534231 -14499.699961    -33.231709  5  5  4  92       
PG28   3288.033810  24557.736909   9556.203331   -379.648774  7  7  7  87       
PG29 -22541.547712   4319.011242 -13521.209759   -582.994888  5  6  8 113       
PG30   2328.144819 -22241.844017 -13971.314561   -336.684603  8  4  5  95       
PG31  10598.256206  24028.811742  -2367.576367   -225.670086  7  6  6  79       
PG32  -2182.408941  15114.153532  21945.290967   -604.382725  6  3  7 105       
*  2024  8 20  9 30  0.00000000
PG01  -3806.904517  22308.232997 -14004.554235 999999.999999                    
PG02  18532.779850   6687.224875  18433.521817   -375.254562  8  7  4 100       
PG03  18795.975785  -6864.700668  17240.030619    507.025809  6  4  5 100       
PG04  26350.932932    492.308833  -3853.315587    427.727567  9  7  3  64       
PG05 -11870.979127  -9346.386879 -22025.636969   -183.817213  9  8  4  99       
PG06  -3572.229141 -24228.230077  10209.613753     86.528791  8  5  5  95       
PG07  10958.024428 -11463.314128 -20712.309409    -49.061515  6  5  4  83       
PG08  24725.463287   6804.204916  -7835.022398    322.498233  3  7  4  80       
PG09  21247.130065  -8354.511830 -13709.639993    321.718290  5  5  5  87       
PG10  -8803.706992  23212.960639   9166.122967    -99.394207  7  6  2  98       
PG11 -12536.677599 -23112.926169  -3973.005054   -724.038914  9  8  5  81       
PG12 -18619.222777   2589.667922  18465.040760   -531.761502  5  6  4 105       
PG13 -18595.712465 -13742.743964 -13502.641627    671.860667  9  9  6 106       
PG14  12060.672304 -22944.686708   5262.434047    476.626158  5  6  4  89       
PG15 -25205.010924  -4191.959972  -8087.096702    194.694970  8  9  5 102       
PG16   8241.272043  13617.609475 -21533.977735   -203.601510  6  3  2  92       
PG17   7301.662146 -14071.606834  21755.107000    649.989398  7  5  6  98       
PG18 -10317.235961  12143.469441 -21192.082661   -647.594054  6  5  4 120       
PG19  -3059.767957 -15508.571174  21248.027850    527.038500  8  4  4  92       
PG20  -5389.657095 -18795.277540 -17977.031673    371.494825  8  7  4 104       
PG21  19214.870083  12637.180224  14563.131409    103.240306 10  8  6 105       
PG22   6715.638094 -22422.140194  13243.870559    -53.220876  6  3  5  89       
PG23 -16320.400821  20488.380447  -3590.006993    301.464962  5  5  7 103       
PG24 -19079.069851  -9014.089937  15934.022255   -486.457178  2  5  5 119       
PG25 -19111.737207  14194.448657  11165.198753    499.376102  7  8  6 100       
PG26   -403.818573  22193.313125 -14463.013333     96.771654  6  4  3 106       
PG27  16901.921022  12856.198946 -16501.640443    -33.232049  5  4  5  96       
PG28   2564.063506  23531.091735  12036.493345   -379.661952  7  7  7  96       
PG29 -23880.556870   3874.038851 -11152.058618   -582.992981  6  6  8 119       
PG30   3252.676768 -20731.005135 -15971.211373   -336.678539  8  4  5 102       
PG31  10349.219404  24220.472742    495.939654   -225.669461  7  6  6  56       
PG32  -4619.663299  14826.706932  21743.209495   -604.380047  6  3  7 110       
*  2024  8 20  9 45  0.00000000
PG01  -4798.705659  23364.748685 -11699.399197 999999.999999                    
PG02  19446.934757   8373.755752  16702.990575   -375.247609  9  8  5  98       
PG03  17743.760567  -5047.317871  18897.541483    507.038895  6  4  5 105       
PG04  26608.681371    744.554790  -1013.642837    427.734216 10  7  3  72       
PG05 -10608.909441 -11455.060891 -21661.610837   -183.818091  9  8  4 106       
PG06  -2861.475448 -23126.777895  12707.960335     86.506506  8  4  5  91       
PG07  12161.842718  -9252.261098 -21171.549216    -49.056388  5  5  4  90       
PG08  23703.851026   7009.576383 -10387.902803    322.511145  3  6  4  65       
PG09  22662.248442  -8110.342715 -11381.880004    321.732370  6  5  6  93       
PG10  -9442.616891  23838.111986   6431.533535    -99.404343  6  5  2  98       
PG11 -12445.771244 -23477.142544  -1129.551251   -724.043688  9  8  5  74       
PG12 -17371.885136    720.222563  19785.334182   -531.763903  5  6  4  99       
PG13 -16975.145831 -13573.573266 -15650.679313    671.862540  9  9  6 113       
PG14  12568.204685 -23133.180889   2472.535600    476.633939  6  6  4  88       
PG15 -24233.905830  -4563.778179 -10606.090802    194.699040  8  8  5 111       
PG16   6726.903102  15429.291355 -20774.915554   -203.592082  6  3  3  94       
PG17   9636.788423 -13760.547907  21033.227176    649.980610  7  5  6  86       
PG18 -11441.741291   9953.888947 -21767.313835   -647.596730  7  5  4 120       
PG19   -603.172976 -15142.421146  21678.834160    527.042926  7  4  3  98       
PG20  -4481.542245 -20546.509169 -16245.991108    371.494436  8  6  4 113       
PG21  19881.656627  13922.431853  12346.828010    103.239392 10  8  6 101       
PG22   7671.938788 -23340.263669  10874.627811    -53.224518  6  3  6  89       
PG23 -16199.871921  19884.774262  -6420.257737    301.472712  4  6  7 113       
PG24 -19849.692669 -10625.467770  13967.216519   -486.457618  2  6  5 107       
PG25 -18556.226034  12808.386005  13491.883824    499.376275  7  8  6  98       
PG26  -1377.845521  23404.042061 -12274.536737     96.764697  6  4  4 116       
PG27  14976.531349  12898.219236 -18230.003341    -33.232417  5  4  5  99       
PG28   1658.997283  22307.037112  14309.510711   -379.675252  6  7  6  92       
PG29 -24965.728686   3538.891070  -8592.677002   -582.991006  6  6  9 116       
PG30   4341.963810 -19076.790363 -17690.325637   -336.672445  8  4  5 107       
PG31   9968.600455  24129.964781   3350.687211   -225.669207  7  5  6  63       
PG32  -7027.748924  14670.609757  21173.643842   -604.377343  6  3  6  98       
*  2024  8 20 10  0  0.00000000
PG01  -5601.693549  24237.440248  -9193.086322 999999.999999                    
PG02  20331.865737   9840.219249  14697.851015   -375.240771  9  8  5  97       
PG03  16709.199300  -3026.038961  20224.264098    507.051983  6  4  5 105       
PG04  26558.016149    973.680810   1843.326806    427.740835 10  8  3  89       
PG05  -9490.546230 -13575.236436 -20930.750435   -183.818864  9  8  4 104       
PG06  -1956.120405 -21831.757644  14987.182746     86.484267  7  4  5  95       
PG07  13485.617999  -7079.348136 -21247.402682    -49.051340  6  5  4  86       
PG08  22418.390502   7279.318213 -12766.983482    322.523994  4  6  4  91       
PG09  23815.031366  -7931.102880  -8859.665073    321.746464  6  6  5  88       
PG10  -9890.854947  24220.604467   3584.693696    -99.414572  6  4  1 107       
PG11 -12224.178425 -23559.953506   1733.266831   -724.048474  9  7  5  82       
PG12 -16149.455299  -1321.160451  20756.557917   -531.766535  5  5  3 101       
PG13 -15123.962074 -13462.885971 -17536.041335    671.864568  9  9  6 109       
PG14  12901.918900 -23072.510055   -360.482646    476.641771  7  6  5  80       
PG15 -23017.140273  -5022.876759 -12948.292391    194.702553  9  8  5 109       
PG16   5365.702966  17235.747798 -19665.445425   -203.582828  6  2  3 106       
PG17  11886.040896 -13582.247496  19963.657626    649.971868  7  5  6 104       
PG18 -12703.682575   7791.881850 -21966.704197   -647.599363  8  5  5 123       
PG19   1901.087851 -14903.343085  21731.971269    527.047873  7  4  4  94       
PG20  -3735.524098 -22141.393441 -14235.801212    371.493980  8  5  4 104       
PG21  20468.896311  14962.543199   9933.324314    103.238997 10  8  6 102       
PG22   8424.374716 -24082.542150   8324.586785    -53.228167  7  3  6  84       
PG23 -15964.136612  18995.937316  -9138.494873    301.480442  4  6  6 124       
PG24 -20557.481187 -12001.010195  11758.230591   -486.458024  3  6  5 110       
PG25 -17948.907437  11173.088429  15578.765202    499.376461  7  8  6  93       
PG26  -2187.100208  24424.939843  -9872.513931     96.757703  6  5  4 111       
PG27  12879.333113  13045.905077 -19655.976399    -33.232779  5  3  6 101       
PG28    561.249476  20925.954846  16336.098929   -379.688512  6  6  6  93       
PG29 -25770.762665   3282.752392  -5886.715342   -582.989014  6  7  9 104       
PG30   5597.527818 -17323.177457 -19098.641128   -336.666343  8  5  5 103       
PG31   9425.247229  23776.807176   6146.172507   -225.668820  7  5  7  75       
PG32  -9359.119872  14640.347224  20245.465774   -604.374671  6  3  5  85       
*  2024  8 20 10 15  0.00000000
PG01  -6231.600237  24889.045088  -6527.882743 999999.999999                    
PG02  21146.382606  11074.970974  12450.542945   -375.233650 10  8  6  89       
PG03  15730.673199   -832.428605  21196.944520    507.065106  7  3  5 108       
PG04  26199.085758   1217.290623   4668.853765    427.747512 11  8  4  80       
PG05  -8528.292802 -15660.113685 -19845.026330   -183.820148  9  7  4 111       
PG06   -845.355232 -20386.691810  17008.285082     86.462034  7  3  4  95       
PG07  14904.002923  -4989.191003 -20939.907263    -49.046125  6  5  4  76       
PG08  20895.230181   7642.949403 -14932.311706    322.536872  4  5  5  84       
PG09  24684.084494  -7783.093193  -6185.971200    321.760539  6  6  5  85       
PG10 -10175.815342  24330.795662    675.102326    -99.424727  5  3  2 113       
PG11 -11839.039008 -23379.765404   4566.382457   -724.053248  8  7  5  78       
PG12 -14988.477405  -3501.513102  21361.292402   -531.769050  5  5  3 104       
PG13 -13075.034467 -13440.299591 -19127.188081    671.866637  8  9  6 112       
PG14  13091.375250 -22742.317838  -3187.206152    476.649578  7  6  5  78       
PG15 -21584.571126  -5594.256519 -15075.581021    194.706847  9  8  5 110       
PG16   4170.706308  18991.824425 -18222.661076   -203.573408  6     3 110       
PG17  14005.081235 -13524.536754  18563.858605    649.963143  6  5  7  97       
PG18 -14080.484293   5702.339930 -21787.474291   -647.602003  8  5  6 122       
PG19   4402.949291 -14796.546923  21405.198556    527.052408  7  4  4  95       
PG20  -3138.106323 -23539.463893 -11981.341794    371.493462  8  5  4 109       
PG21  20937.525783  15758.348625   7361.159694    103.237867 10  7  6  89       
PG22   8988.670768 -24612.664275   5635.676188    -53.232000  7  3  6  70       
PG23 -15653.933550  17821.221424 -11697.351064    301.488178  5  6  6 120       
PG24 -21163.983542 -13134.813913   9346.600046   -486.458445  3  6  6 107       
PG25 -17329.100601   9306.088790  17388.336582    499.376650  7  7  6  90       
PG26  -2848.120856  25220.676219  -7298.186549     96.750632  7  5  4 105       
PG27  10650.957801  13317.104618 -20755.536066    -33.233152  5  3  6 107       
PG28   -732.762582  19431.263347  18081.345070   -379.701755  5  6  5  87       
PG29 -26277.184103   3070.847683  -3080.315570   -582.987175  6  7  9 102       
PG30   7012.893006 -15515.208375 -20171.757474   -336.660216  7  5  4 105       
PG31   8693.364731  23188.001379   8832.759969   -225.668716  7  4  7  74       
PG32 -11568.222930  14722.629422  18973.577440   -604.371975  6  4  4  94       
*  2024  8 20 10 30  0.00000000
PG01  -6710.835248  25287.559833  -3749.275704 999999.999999                    
PG02  21848.835761  12074.406093   9997.501448   -375.226830 10  8  6  93       
PG03  14841.298073   1494.959432  21798.631448    507.078205  7  3  5 110       
PG04  25540.804393   1512.205376   7414.738014    427.754182 11  8  5  77       
PG05  -7726.372622 -17662.096175 -18422.373652   -183.821328  8  7  5 107       
PG06    473.109795 -18837.854023  18736.808270     86.439803  7  2  3 103       
PG07  16385.218849  -3021.301825 -20256.305249    -49.040911  6  5  4  92       
PG08  19166.896667   8124.896226 -16847.346441    322.549831  4  5  5 100       
PG09  25256.183644  -7629.928937  -3406.421455    321.774677  7  6  4  94       
PG10 -10330.457619  24146.712013  -2246.322043    -99.434935  5  1  2 117       
PG11 -11262.481229 -22962.331235   7321.265398   -724.058069  8  6  5  84       
PG12 -13920.073784  -5781.530501  21588.733530   -531.771972  6  5  2 102       
PG13 -10867.094846 -13529.527153 -20397.400822    671.868621  8  8  6 111       
PG14  13170.248287 -22130.057481  -5958.283265    476.657384  7  6  5  77       
PG15 -19971.214418  -6297.287378 -16953.569766    194.710890  9  8  5 108       
PG16   3147.033864  20651.419625 -16469.422830   -203.564037  6     3 109       
PG17  15953.039858 -13568.022642  16856.578159    649.954412  7  5  7  95       
PG18 -15542.560464   3725.660898 -21233.376221   -647.604644  9  5  6 119       
PG19   6851.952240 -14818.975112  20703.026102    527.056895  7  4  4  93       
PG20  -2668.841096 -24705.069109  -9521.570969    371.493455  8  4  4 100       
PG21  21250.072510  16318.263603   4671.275320    103.237319 10  7  6  86       
PG22   9387.184512 -24899.159752   2852.391650    -53.235839  7  2  6  76       
PG23 -15310.521991  16369.190167 -14052.318798    301.495903  5  6  6 122       
PG24 -21631.958517 -14029.337390   6774.858918   -486.458869  4  6  6 113       
PG25 -16733.658110   7233.251563  18888.106212    499.376860  7  7  6  89       
PG26  -3383.607735  25761.468069  -4596.111012     96.743630  7  5  4  99       
PG27   8335.498974  13722.434085 -21509.825260    -33.233494  5  3  6 117       
PG28  -2218.280998  17867.780549  19515.182758   -379.715027  5  7  5  91       
PG29 -26475.000056   2865.959928   -221.344989   -582.985008  6  7  9  94       
PG30   8573.672512 -13697.303027 -20891.320036   -336.654091  7  5  4 108       
PG31   7753.781301  22396.913980  11362.635541   -225.668344  7  4  7  73       
PG32 -13613.048614  14896.919239  17378.726858   -604.369313  6  5  2  91       
*  2024  8 20 10 45  0.00000000
PG01  -7067.470001  25407.575734   -905.222157 999999.999999                    
PG02  22398.680528  12842.958205   7378.674951   -375.219750 10  8  6  88       
PG03  14067.639174   3911.903810  22018.982093    507.091346  7  4  5 110       
PG04  24600.532059   1892.860106  10034.120844    427.760855 11  8  6  91       
PG05  -7080.784921 -19534.456550 -16686.434094   -183.822549  8  7  5 108       
PG06   1992.782485 -17232.517542  20143.400169     86.417589  6  2  2 111       
PG07  17892.304978  -1208.712527 -19210.772283    -49.035688  7  6  4  84       
PG08  17271.201053   8743.408449 -18479.538293    322.562680  5  4  5  93       
PG09  25526.709244  -7434.111317   -568.527086    321.788664  7  6  4  98       
PG10 -10391.833005  23655.042243  -5128.175739    -99.445022  5  1  2 120       
PG11 -10472.872876 -22339.676750   9950.742940   -724.062835  7  5  5  93       
PG12 -12968.758498  -8116.936672  21434.906446   -531.774124  6  5    102       
PG13  -8543.453094 -13747.394777 -21325.196814    671.870415  8  8  5 111       
PG14  13174.823052 -21231.602577  -8625.324700    476.665216  7  5  5  84       
PG15 -18216.010445  -7144.872611 -18552.051891    194.714536  9  7  5 114       
PG16   2291.790025  22169.139193 -14434.099056   -203.554470  6     4 100       
PG17  17693.861612 -13686.869394  14869.547648    649.945843  7  5  7 104       
PG18 -17054.380229   1896.379289 -20314.583582   -647.607294  9  5  7 121       
PG19   9199.035876 -14959.401492  19636.717248    527.062120  8  4  5 102       
PG20  -2301.319477 -25608.652478  -6898.844447    371.493228  7  3  5  90       
PG21  21372.048908  16657.858176   1906.516447    103.236936 10  6  6  65       
PG22   9647.938174 -24916.654386     21.149384    -53.238873  7  3  5  63       
PG23 -14973.931779  14657.433087 -16162.548996    301.503733  6  7  6 125       
PG24 -21926.852519 -14695.010487   4087.744689   -486.459300  5  6  6 106       
PG25 -16195.411895   4987.950594  20051.252726    499.377071  7  7  6 105       
PG26  -3821.348018  26024.284449  -1813.376064     96.736600  7  5  5 109       
PG27   5979.063302  14264.772724 -21905.471026    -33.233869  5  3  6 105       
PG28  -3882.195760  16280.045555  20612.911179   -379.728402  5  7  4 102       
PG29 -26363.046491   2630.045189   2641.399577   -582.982815  6  7  9  87       
PG30  10257.980504 -11911.617045 -21245.326122   -336.647911  6  5  4 103       
PG31   6594.951432  21441.903263  13690.742815   -225.667535  7  4  7  95       
PG32 -15456.566155  15136.249983  15487.228232   -604.366629  6  5     82       
*  2024  8 20 11  0  0.00000000
PG01  -7333.980069  25231.388522   1954.680297 999999.999999                    
PG02  22758.031349  13392.815652   4636.986033   -375.212952 10  7  7  84       
PG03  13428.703750   6370.064632  21854.438677    507.104445  8  5  5  96       
PG04  23403.447086   2389.792121  12482.265348    427.767505 11  7  7  88       
PG05  -6579.578045 -21232.987703 -14666.206180   -183.823231  8  6  5 102       
PG06   3698.468539 -15617.185172  21204.292804     86.395368  6  3  3 111       
PG07  19384.578123    423.099259 -17823.995670    -49.030593  7  6  4  84       
PG08  15249.957984   9509.702928 -19800.860927    322.575582  5  4  6  99       
PG09  25499.765049  -7158.651980   2279.108546    321.802789  7  6  3 100       
PG10 -10399.435933  22851.800208  -7919.533545    -99.455269  5  3  3 118       
PG11  -9455.837447 -21548.799438  12409.796528   -724.067621  7  5  5  90       
PG12 -12151.534229 -10460.058906  20902.737969   -531.777046  7  5    104       
PG13  -6150.554514 -14103.120690 -21894.672960    671.872543  7  7  5 119       
PG14  13142.393310 -20051.533209 -11141.786026    476.673051  6  5  5  85       
PG15 -16360.475454  -8142.856023 -19845.384143    194.718407  9  7  5 116       
PG16   1594.270967  23501.965540 -12150.204195   -203.545104  6     5  98       
PG17  19197.493814 -13849.823828  12635.111722    649.936307  7  4  7 102       
PG18 -18575.767774    242.037169 -19047.473487   -647.609951 10  5  7 107       
PG19  11398.294311 -15198.875990  18224.155214    527.066622  8  3  5  98       
PG20  -2004.389557 -26227.806018  -4158.185339    371.492566  7  3  5  93       
PG21  21273.266616  16799.197565   -888.889520    103.236205  9  5  6  72       
PG22   9803.431729 -24646.931989  -2810.411033    -53.242846  7  3  5  76       
PG23 -14681.277287  12712.029669 -17991.575778    301.511492  6  7  6 123       
PG24 -22018.157326 -15149.555755   1331.403544   -486.459744  5  6  7 106       
PG25 -15741.797848   2609.934559  20857.158707    499.377305  6  7  6  93       
PG26  -4192.924519  25993.804621   1001.247438     96.729566  7  5  5  95       
PG27   3628.245510  14939.042834 -21934.837449    -33.234197  5  3  5 115       
PG28  -5703.360439  14710.663863  21355.621194   -379.741600  5  7  3 106       
PG29 -25949.013116   2325.883500   5459.005424   -582.981281  6  7  9  99       
PG30  12037.151157 -10196.510474 -21228.303260   -336.641693  6  5  4 103       
PG31   5213.648801  20364.747002  15775.667374   -225.667310  7  4  7  97       
PG32 -17067.988246  15408.306350  13330.586704   -604.363995  6  6  1  80       
*  2024  8 20 11 15  0.00000000
PG01  -7545.791079  24749.830196   4780.087508 999999.999999                    
PG02  22893.153146  13743.359609   1817.735094   -375.205840 10  7  7  83       
PG03  12935.251646   8818.696767  21308.272753    507.117569  8  5  5  93       
PG04  21981.634309   3028.278801  14717.303839    427.774139 11  7  7  91       
PG05  -6203.432803 -22717.578637 -12395.605962   -183.824806  7  6  5 106       
PG06   5566.689420 -14035.868423  21901.680590     86.373201  6  4  4 115       
PG07  20819.233300   1856.944040 -16122.623847    -49.025629  7  6  4  79       
PG08  13147.560536  10427.367366 -20788.286909    322.588433  5  3  6 104       
PG09  25187.975083  -6768.688241   5087.610919    321.816935  8  6  3 104       
PG10 -10393.448721  21742.624109 -10570.919164    -99.465379  5  4  2 127       
PG11  -8204.996195 -20630.190480  14656.321300   -724.072412  7  4  5  89       
PG12 -11477.310246 -12761.544728  20001.986151   -531.779441  7  4     95       
PG13  -3736.424706 -14597.882033 -22095.773940    671.874518  7  7  5 120       
PG14  13109.627865 -18603.085141 -13463.814327    476.680855  6  5  5  90       
PG15 -14447.285512  -9289.687702 -20812.808253    194.722793  9  6  5 119       
PG16   1036.484045  24610.878475  -9655.930610   -203.536100  6     5  95       
PG17  20440.875462 -14021.452482  10189.792549    649.927473  7  4  7  96       
PG18 -20063.385004  -1217.665336 -17454.307273   -647.612580 10  5  7 108       
PG19  13408.624361 -15511.501898  16489.571276    527.071026  8  3  6  98       
PG20  -1743.553895 -26548.060186  -1346.517078    371.492129  6  3  5  88       
PG21  20929.031346  16769.966265  -3669.882083    103.235773  9  5  6  81       
PG22   9889.274762 -24079.760237  -5594.169725    -53.246561  7  4  5  80       
PG23 -14465.203643  10566.685706 -19507.953475    301.519227  7  7  6 121       
PG24 -21880.601651 -15417.056964  -1447.389960   -486.460194  6  6  7  94       
PG25 -15393.719909    143.928508  21291.807498    499.377473  6  7  6  94       
PG26  -4532.259946  25663.085176   3798.207243     96.722526  7  6  5  94       
PG27   1328.577865  15732.286528 -21596.208489    -33.234537  5  4  5 111       
PG28  -7653.223747  13198.739970  21730.521306   -379.754806  5  7  3  99       
PG29 -25249.144169   1918.702877   8183.263025   -582.979215  6  7  8  87       
PG30  13876.732950  -8585.188478 -20841.358746   -336.635515  5  5  4 100       
PG31   3615.317070  19208.939007  17580.445966   -225.666729  7  5  6 101       
PG32 -18423.816011  15676.732028  10945.028693   -604.361314  6  6  2  95       
*  2024  8 20 11 30  0.00000000
PG01  -7739.684783  23962.779919   7520.850449 999999.999999                    
PG02  22775.837017  13920.337230  -1032.051918   -375.198983  9  6  7  83       
PG03  12589.450504  11206.457734  20390.497863    507.130655  7  6  5  92       
PG04  20372.922528   3827.176930  16700.940782    427.780791 11  6  7  91       
PG05  -5926.536737 -23953.656007  -9912.941657   -183.825447  7  5  5  87       
PG06   7566.420916 -12528.480978  22223.995274     86.351017  6  4  4 115       
PG07  22153.012013   3084.294339 -14138.611308    -49.020116  6  6  4  75       
PG08  11009.459427  11492.048942 -21424.200569    322.601289  5  3  6 108       
PG09  24611.964937  -6233.026381   7808.667037    321.831069  8  6  3 109       
PG10 -10412.953601  20342.694632 -13035.258977    -99.475492  5  5  2 121       
PG11  -6722.407312 -19626.236274  16651.836416   -724.077173  7  3  4  95       
PG12 -10946.664700 -14972.149268  18749.029695   -531.781880  7  4     95       
PG13  -1349.055529 -15224.686514 -21924.480768    671.876501  6  6  5 113       
PG14  13110.972391 -16907.763926 -15551.041161    476.688725  6  5  6  86       
PG15 -12518.838864 -10576.356170 -21438.712193    194.726737  8  5  5 112       
PG16    593.966984  25462.363001  -6993.574157   -203.526709  6  2  5  98       
PG17  21408.691532 -14163.551266   7573.788389    649.919279  7  4  7  98       
PG18 -21472.339201  -2471.410866 -15562.817730   -647.615287 10  5  7  99       
PG19  15195.194062 -15865.517293  14463.136059    527.075835  8  3  6  94       
PG20  -1482.491633 -26563.381776   1488.127865    371.492115  6  3  5  83       
PG21  20321.180244  16602.397631  -6391.146445    103.235410  8  4  6  72       
PG22   9942.682846 -23213.443670  -8282.308256    -53.250292  7  4  5  70       
PG23 -14352.527407   8261.577960 -20685.794417    301.526936  7  7  6 117       
PG24 -21495.138083 -15526.817540  -4201.987429   -486.460660  6  6  7 100       
PG25 -15164.703074  -2361.967728  21348.033424    499.377705  6  7  6 109       
PG26  -4874.056731  25033.904193   6528.101100     96.715466  7  6  5  81       
PG27   -876.993138  16624.041683 -20893.894841    -33.234880  5  5  4 116       
PG28  -9696.753274  11778.457697  21731.157918   -379.768033  5  7  3 102       
PG29 -24287.625487   1377.714264  10767.477813   -582.976817  7  7  8  89       
PG30  15737.715635  -7104.566851 -20092.102979   -336.629267  4  5  3  90       
PG31   1814.061805  18017.928302  19073.279373   -225.666483  6  5  6 101       
PG32 -19508.621485  15902.617606   8370.940753   -604.358654  7  6  3  84       
*  2024  8 20 11 45  0.00000000
PG01  -7952.130532  22879.323728  10127.983428 999999.999999                    
PG02  22384.608696  13954.792326  -3864.328980   -375.191945  9  6  7  78       
PG03  12384.887330  13483.236911  19117.654314    507.143761  7  6  4  98       
PG04  18619.514223   4798.008340  18399.100337    427.787474 10  5  8 102       
PG05  -5717.719116 -24913.436018  -7260.307259   -183.826890  6  4  5  94       
PG06   9660.123092 -11129.406457  22166.075111     86.328871  7  4  5 115       
PG07  23343.865799   4105.296465 -11908.484487    -49.015186  6  6  4  43       
PG08   8880.599298  12691.443406 -21696.740090    322.614102  5  3  6 109       
PG09  23799.545571  -5525.552526  10395.356012    321.845230  8  5  4 105       
PG10 -10494.188942  18676.271519 -15268.795106    -99.485612  5  6  3 123       
PG11  -5018.684956 -18579.560553  18362.134949   -724.081975  7  3  3  96       
PG12 -10551.958919 -17044.518215  17166.524022   -531.784474  7  4  1 101       
PG13    965.211789 -15968.555991 -21382.915755    671.878434  6  6  5 115       
PG14  13177.152427 -14994.639893 -17367.305421    476.696570  5  5  6  99       
PG15 -10615.842789 -11986.587098 -21712.832296    194.730583  8  5  4 120       
PG16    236.882601  26029.740646  -4208.856645   -203.517250  7  2  5  98       
PG17  22093.862669 -14236.681669   4830.407110    649.909893  7  5  7  81       
PG18 -22757.854002  -3516.480185 -13405.711757   -647.617964 10  5  7 103       
PG19  16730.667968 -16224.637716  12180.419898    527.080560  8  3  7  96       
PG20  -1184.646601 -26276.363049   4297.410911    371.491488  6  4  5  78       
PG21  19438.925931  16332.036853  -9007.723771    103.234447  8  5  6  78       
PG22  10000.891277 -22055.075005 -10828.120465    -53.253964  7  5  5  80       
PG23 -14363.125179   5841.954599 -21505.198668    301.534758  7  7  6 117       
PG24 -20849.695987 -15512.056577  -6886.586586   -486.461115  7  6  6  89       
PG25 -15060.370840  -4858.014333  21025.620729    499.377909  6  7  6 107       
PG26  -5252.198327  24116.764137   9142.617078     96.708419  7  6  4  96       
PG27  -2949.549586  17587.009921 -19838.258532    -33.235242  6  5  4 110       
PG28 -11793.616451  10477.862753  21357.526219   -379.781272  4  7  4 104       
PG29 -23095.679817    677.498207  13167.261813   -582.974930  7  7  8  82       
PG30  17577.938265  -5774.404639 -18994.452147   -336.623064  4  5  2  84       
PG31   -167.716480  16833.377413  20228.131126   -225.665914  6  6  6 102       
PG32 -20315.533556  16046.114160   5652.222105   -604.355951  7  6  4  80       
*  2024  8 20 12  0  0.00000000
PG01  -8217.613299  21517.547636  12554.634880 999999.999999                    
PG02  21705.721235  13881.785347  -6630.783857   -375.184925  8  6  7  86       
PG03  12306.933082  15601.932771  17512.472808    507.156858  6  7  4 100       
PG04  16766.458236   5944.327779  19782.508177    427.794176  9  5  8 102       
PG05  -5541.806130 -25576.937270  -4482.901849   -183.827683  6  4  6  70       
PG06  11805.021714  -9866.293224  21729.227445     86.306678  7  4  5 117       
PG07  24352.546909   4928.434273  -9472.553862    -49.009899  6  6  4  71       
PG08   6803.867460  14005.590312 -21600.060847    322.626965  4  3  5 113       
PG09  22784.629384  -4626.455003  12802.963249    321.859374  8  4  5 109       
PG10 -10668.925475  16775.865500 -17231.934431    -99.495704  5  6  2 123       
PG11  -3112.792806 -17531.370213  19757.863032   -724.086715  6  4  3  99       
PG12 -10277.795663 -18934.892436  15282.934457   -531.787177  7  3  2  98       
PG13   3163.249478 -16807.018694 -20479.359996    671.880464  6  5  5 105       
PG14  13333.838597 -12899.353259 -18881.291769    476.704424  5  5  6  96       
PG15  -8775.969698 -13497.301371 -21630.396706    194.734558  7  4  4 117       
PG16    -68.648045  26294.264811  -1350.152313   -203.508164  7  3  6  89       
PG17  22497.748089 -14201.781848   2005.436376    649.901511  7  5  7  87       
PG18 -23876.940534  -4358.637520 -11020.098138   -647.620681 10  5  7 114       
PG19  17996.135208 -16549.604540   9681.732677    527.085230  8  4  7  98       
PG20   -814.820845 -25698.096708   7033.489653    371.491251  6  5  5  81       
PG21  18279.474409  15996.371102 -11475.653229    103.233791  7  5  6  96       
PG22  10099.544775 -20620.465697 -13186.840188    -53.257632  7  5  4  85       
PG23 -14509.112773   3356.548164 -21952.569639    301.542564  8  7  6 122       
PG24 -19939.680216 -15408.493041  -9456.910303   -486.461596  7  6  6  98       
PG25 -15078.267030  -7294.624163  20331.251657    499.378125  6  6  6 105       
PG26  -5698.180629  22930.550305  11595.459973     96.701480  6  6  4  99       
PG27  -4855.511989  18587.999341 -18445.648850    -33.235600  6  5  4 112       
PG28 -13899.573785   9317.894147  20616.069819   -379.794495  4  7  5  99       
PG29 -21710.403447   -200.810832  15341.292259   -582.972752  7  7  8  93       
PG30  19353.620243  -4606.734268 -17568.318346   -336.616845  4  5  2  83       
PG31  -2300.031535  15693.514941  21025.198162   -225.665562  6  6  5 108       
PG32 -20846.403866  16068.111272   2835.558398   -604.353276  7  6  5  90       
*  2024  8 20 12 15  0.00000000
PG01  -8567.032034  19903.965334  14757.034807 999999.999999                    
PG02  20733.888193  13738.943600  -9283.633075   -375.178182  8  6  7  83       
PG03  12333.442255  17520.107810  15603.426350    507.169904  5  7  5  94       
PG04  14860.022159   7261.398590  20827.197989    427.800798  8  5  8 103       
PG05  -5361.146486 -25932.712997  -1628.283253   -183.828470  5  3  6  78       
PG06  13954.592265  -8759.120032  20921.185405     86.284540  7  3  5 116       
PG07  25144.065129   5569.873098  -6874.096005    -49.004897  6  6  5  66       
PG08   4818.611565  15407.469453 -21134.511981    322.639823  5  3  5 115       
PG09  21605.918955  -3523.208816  14989.763702    321.873533  8  4  5 112       
PG10 -10963.033379  14681.079231 -18890.011830    -99.505828  5  7  3 118       
PG11  -1031.519035 -16519.867785  20815.019064   -724.091459  6  4  2  99       
PG12 -10101.798286 -20604.664810  13131.960150   -531.789715  7  3  3  98       
PG13   5206.595899 -17710.896237 -19228.179758    671.882638  5  5  4 112       
PG14  13600.527809 -10662.870396 -20067.072600    476.712250  4  5  6 102       
PG15  -7032.625106 -15079.318167 -21192.209718    194.738341  7  4  4 115       
PG16   -359.023381  26245.927687   1532.370417   -203.498834  6  3  6  80       
PG17  22630.048277 -14021.796326   -853.546383    649.892416  7  5  7  81       
PG18 -24790.006283  -5011.693581  -8446.850739   -647.623416 10  5  6  76       
PG19  18981.699100 -16799.873225   7011.357770    527.089841  8  4  7  90       
PG20   -340.713288 -24847.742809   9649.807577    371.490830  6  4  5  78       
PG21  16848.388070  15633.366659 -13752.644073    103.233328  7  5  6  97       
PG22  10271.125753 -18933.747964 -15316.470997    -53.261220  7  6  4  87       
PG23 -14794.345258    855.864569 -22020.812210    301.550307  8  7  5 115       
PG24 -18768.204606 -15252.870022 -11870.840398   -486.462104  8  6  6 103       
PG25 -15208.025694  -9624.136491  19278.309036    499.378350  6  6  5  93       
PG26  -6239.641551  21501.857153  13843.240778     96.694535  6  7  4 104       
PG27  -6567.766287  19589.114606 -16738.243486    -33.235956  6  4  4  97       
PG28 -15968.031217   8311.701378  19519.569196   -379.807770  4  7  5  94       
PG29 -20173.387096  -1268.589399  17252.024473   -582.970724  7  7  7  87       
PG30  21020.953616  -3605.606774 -15839.197329   -336.610653  4  5  1  61       
PG31  -4546.330735  14631.652368  21451.244022   -225.665197  5  6  4 110       
PG32 -21111.641095  15931.913785    -30.373166   -604.350591  7  6  5  82       
*  2024  8 20 12 30  0.00000000
PG01  -9026.240888  18072.599019  16695.392048 999999.999999                    
PG02  19472.720597  13564.891152 -11776.447864   -375.171106  7  6  7  90       
PG03  12435.755862  19201.456876  13424.182063    507.182950  5  7  4  83       
PG04  12946.025207   8736.190528  21514.933890    427.807521  7  4  7  97       
PG05  -5137.249944 -25978.271032   1254.433401   -183.830092  5  2  5  78       
PG06  16060.190503  -7819.565834  19755.960784     86.262389  8  4  5 112       
PG07  25688.959052   6052.523416  -4158.526809    -48.999909  6  6  5  52       
PG08   2959.281844  16863.882595 -20306.718442    322.652670  5  3  4 108       
PG09  20305.418074  -2211.281577  16917.759797    321.887678  8  3  6 111       
PG10 -11395.302573  12437.166175 -20213.948488    -99.515841  5  7  2 115       
PG11   1191.348482 -15578.790967  21515.364879   -724.096188  6  5  3 102       
PG12  -9995.674169 -22021.727386  10751.864832   -531.792510  7  3  4  91       
PG13   7062.744568 -18645.360961 -17649.658667    671.884581  5  4  4 102       
PG14  13989.684679  -8330.042229 -20904.544220    476.720075  4  4  6 103       
PG15  -5413.867161 -16698.281922 -20404.675612    194.742661  6  4  4 114       
PG16   -671.509913  25883.936565   4387.676189   -203.489479  6  4  6  98       
PG17  22508.403858 -13663.264916  -3697.919126    649.883494  8  4  7  75       
PG18 -25462.342218  -5496.765533  -5729.917811   -647.626134  9  4  6  83       
PG19  19686.702306 -16935.368581   4216.698514    527.094360  9  4  7  71       
PG20    265.654332 -23751.804847  12101.859794    371.490357  6  3  3  84       
PG21  15159.670378  15279.958474 -15798.773404    103.232989  6  5  6 101       
PG22  10543.485430 -17026.653191 -17178.600579    -53.264831  7  6  4  93       
PG23 -15214.254830  -1609.584376 -21709.412623    301.558073  8  7  5 111       
PG24 -17346.057942 -15081.470464 -14089.003586   -486.462572  8  6  6 105       
PG25 -15431.876737 -11802.497537  17886.543157    499.378538  6  6  5  97       
PG26  -6899.052802  19864.010023  15846.306996     96.687486  6  7  4  89       
PG27  -8066.562536  20549.156867 -14743.789597    -33.236305  6  5  4  99       
PG28 -17951.692240   7464.273223  18086.920863   -379.821003  5  7  5  90       
PG29 -18529.172524  -2529.077043  18866.346676   -582.968600  7  7  7 103       
PG30  22537.693731  -2767.156665 -13837.665663   -336.604436  4  5  1  75       
PG31  -6864.778847  13674.926497  21499.789849   -225.664412  5  7  4 102       
PG32 -21129.715142  15604.849685  -2895.754535   -604.347941  8  6  5  99       
*  2024  8 20 12 45  0.00000000
PG01  -9614.800729  16063.749012  18334.715052 999999.999999                    
PG02  17934.839928  13397.615300 -14064.997901   -375.164176  7  6  6  88       
PG03  12579.964287  20617.033154  11012.966315    507.196009  4  7  5  75       
PG04  11068.194171  10347.702074  21833.540959    427.814189  7  4  7 103       
PG05  -4832.475609 -25720.161172   4115.419710   -183.830763  5  2  5  94       
PG06  18072.768533  -7050.705666  18253.596513     86.240251  8  4  5 113       
PG07  25964.340598   6404.872266  -1372.584025    -48.994776  6  5  5  46       
PG08   1254.250751  18336.593553 -19129.561404    322.665544  4  3  4 114       
PG09  18926.822137   -694.530770  18553.359966    321.901796  8  3  6 111       
PG10 -11976.566902  10093.369068 -21180.789552    -99.526010  5  7  2 114       
PG11   3516.116627 -14736.134867  21846.742091   -724.100921  6  5  4 109       
PG12  -9926.514307 -23161.557213   8184.732247   -531.794789  8  3  4  88       
PG13   8706.220494 -19571.229051 -15769.733396    671.886627  4  4  5  96       
PG14  14506.176152  -5948.023154 -21379.750611    476.727952  3  4  7 103       
PG15  -3941.513624 -18315.785550 -19279.759636    194.746876  6  4  4 113       
PG16  -1042.530271  25216.830436   7164.839120   -203.480179  5  4  6  99       
PG17  22157.697671 -13097.810139  -6478.808130    649.874741  8  4  7  72       
PG18 -25865.433708  -5841.264042  -2915.588379   -647.628836  9  4  6  75       
PG19  20119.578219 -16918.230759   1347.358676    527.099338  9  4  7  81       
PG20   1026.677730 -22443.142671  14347.923914    371.490368  7  3  3  93       
PG21  13235.555590  14970.542842 -17577.202069    103.232836  7  5  5 107       
PG22  10938.541115 -14937.485182 -18739.180221    -53.268255  7  6  4  99       
PG23 -15756.029780  -3991.036298 -21024.401746    301.565782  8  7  5 107       
PG24 -15691.408263 -14928.674132 -16075.308111   -486.463021  8  6  6 112       
PG25 -15725.460139 -13790.779540  16181.616414    499.378742  6  6  5  92       
PG26  -7692.630665  18055.823653  17569.493348     96.680501  5  7  4 102       
PG27  -9340.146166  21425.186566 -12495.240821    -33.236643  6  4  4 103       
PG28 -19804.246508   6772.391824  16342.811022   -379.834265  5  7  5 100       
PG29 -16823.602917  -3977.042663  20156.164951   -582.966290  6  7  6 106       
PG30  23864.686951  -2079.978235 -11598.800137   -336.598246  4  5  2  48       
PG31  -9209.749504  12843.317551  21171.163072   -225.663786  5  6  3 115       
PG32 -20926.346335  15059.742382  -5710.518029   -604.345250  8  6  5 104       
*  2024  8 20 13  0  0.00000000
PG01 -10344.999333  13922.503458  19645.531654 999999.999999                    
PG02  16141.650521  13272.832407 -16108.096572   -375.157411  7  6  6  98       
PG03  12728.376719  21746.186795   8411.857812    507.209045  4  7  5  82       
PG04   9266.604657  12067.597453  21777.137229    427.820859  6  5  6  98       
PG05  -4411.703388 -25173.722372   6905.006264   -183.831211  5  2  5  90       
PG06  19944.612490  -6447.042363  16439.823263     86.218121  9  4  5 110       
PG07  25954.682817   6659.636131   1436.466175    -48.989757  6  5  5  66       
PG08   -275.142007  19783.688959 -17622.051032    322.678426  4  3  3 112       
PG09  17513.850208   1014.725933  19867.984490    321.915913  7  3  7 110       
PG10 -12709.168769   7701.109273 -21774.109360    -99.536036  5  7  2 115       
PG11   5898.510898 -14013.105837  21803.288096   -724.105654  6  6  5 108       
PG12  -9858.272013 -24008.001354   5475.665060   -531.797737  8  3  5  95       
PG13  10119.401108 -20446.445297 -13619.631698    671.888504  5  4  5  98       
PG14  15147.019853  -3564.613780 -21485.090998    476.735825  3  4  7 104       
PG15  -2630.467498 -19890.656215 -17834.882852    194.750569  5  4  4 102       
PG16  -1505.964720  24262.223337   9814.044859   -203.471002  4  5  6 104       
PG17  21609.078450 -12303.463183  -9147.918729    649.865771  8  5  7  65       
PG18 -25978.047563  -6077.647037    -51.726824   -647.631531  9  4  6  90       
PG19  20297.336471 -16714.476162  -1545.819469    527.103490  9  5  7  79       
PG20   1958.123797 -20959.759222  16349.745776    371.489907  7  3  2  96       
PG21  11105.995258  14735.528155 -19054.897493    103.232210  7  5  5 119       
PG22  11471.199084 -12709.820561 -19969.248312    -53.272088  7  6  4  85       
PG23 -16399.124412  -6243.154385 -19978.205536    301.573553  8  7  5 109       
PG24 -13829.258888 -14825.602750 -17797.430445   -486.463504  8  7  6 109       
PG25 -16058.908696 -15556.479227  14194.542003    499.378927  7  6  6  98       
PG26  -8629.512539  16120.150658  18982.774987     96.673538  5  7  3 103       
PG27 -10385.091008  22174.193609 -10030.288308    -33.236955  6  5  4  93       
PG28 -21482.030212   6224.913194  14317.289286   -379.847450  6  7  5  93       
PG29 -15102.129669  -5598.780678  21098.907406   -582.964342  5  7  5 109       
PG30  24967.277968  -1525.793263  -9161.532855   -336.591964  5  5  3  64       
PG31 -11533.459815  12148.979461  20472.407933   -225.663816  5  6  3 113       
PG32 -20533.408363  14276.184583  -8425.260516   -604.342548  8  5  5 101       
*  2024  8 20 13 15  0.00000000
PG01 -11221.186295  11697.052652  20604.486500 999999.999999                    
PG02  14122.767682  13222.419542 -17868.428620   -375.150455  7  6  5 112       
PG03  12841.136555  22577.183345   5666.024105    507.222088  5  7  5  84       
PG04   7576.267093  13861.136541  21346.261730    427.827505  6  5  5  95       
PG05  -3843.921265 -24362.495584   9574.567193   -183.833088  5  3  5  78       
PG06  21631.037376  -5994.871530  14345.625840     86.195948  9  4  6 111       
PG07  25652.332072   6852.291863   4221.587355    -48.984608  6  5  5  60       
PG08  -1615.278106  21161.112113 -15809.087208    322.691363  4  3  3 104       
PG09  16108.583916   2895.972815  20838.586413    321.930027  7  4  7 111       
PG10 -13586.784998   5312.104219 -21984.276855    -99.546156  5  7  2 111       
PG11   8291.179624 -13423.347134  21385.547650   -724.110396  6  7  6 103       
PG12  -9753.357669 -24553.735107   2671.946265   -531.800169  9  4  5  74       
PG13  11293.047123 -21227.706974 -11235.413216    671.890492  5  3  5 100       
PG14  15901.453697  -1226.592901 -21219.410079    476.743637  4  4  7 108       
PG15  -1488.286961 -21380.364272 -16092.746944    194.754729  5  3  5  90       
PG16  -2091.542109  23046.178048  12287.591927   -203.461770  3  5  6 104       
PG17  20898.736015 -11265.771651 -11658.391107    649.856909  8  5  7  93       
PG18 -25787.055871  -6241.987891   2813.013193   -647.634204  8  4  6  91       
PG19  20244.707245 -16295.501784  -4411.734752    527.108232  9  5  7  84       
PG20   3068.337207 -19343.406123  18073.170388    371.489360  7  4  2  95       
PG21   8807.843360  14600.001498 -20203.348322    103.231620  7  5  4 129       
PG22  12148.555334 -10390.982125 -20845.576001    -53.275667  7  6  4  96       
PG23 -17116.077043  -8325.561449 -18589.388340    301.581289  8  7  5  97       
PG24 -11790.676348 -14798.896501 -19227.251707   -486.463992  8  7  5 103       
PG25 -16398.148841 -17074.547961  11961.034867    499.379075  7  6  6  85       
PG26  -9711.233707  14102.282279  20061.808659     96.666555  5  7  3 105       
PG27 -11206.313514  22754.812444  -7390.786460    -33.237311  6  5  3  97       
PG28 -22945.594479   5803.362557  12045.249763   -379.860708  6  8  5  93       
PG29 -13408.140358  -7372.439999  21677.937588   -582.962262  5  7  4 113       
PG30  25816.545240  -1080.379397  -6567.955655   -336.585746  6  6  4  85       
PG31 -13787.679017  11595.904276  19417.065774   -225.663291  6  7  3 104       
PG32 -19987.586495  13241.557824 -10992.161139   -604.339834  8  5  5 102       
*  2024  8 20 13 30  0.00000000
PG01 -12239.453593   9436.882373  21194.799039 999999.999999                    
PG02  11915.112206  13272.979414 -19313.338589   -375.143693  7  6  4 111       
PG03  12877.917580  23107.482403   2822.917201    507.235119  4  6  5  94       
PG04   6025.912031  15688.364489  20547.894640    427.834224  6  5  4 104       
PG05  -3103.663063 -23317.321785  12077.399740   -183.833744  4  3  4  87       
PG06  23091.976283  -5672.965007  12006.726093     86.173756  9  4  6 108       
PG07  25057.736381   7019.542867   6936.687663    -48.979368  6  4  4  73       
PG08  -2760.650993  22424.313692 -13721.105965    322.704216  3  3  3 110       
PG09  14749.878569   4921.082974  21448.076640    321.944157  6  4  7 110       
PG10 -14594.618264   2976.492240 -21808.578229    -99.556201  5  7  2 108       
PG11  10645.322480 -12972.466468  20600.477416   -724.115150  6  7  6 110       
PG12  -9574.283432 -24800.381485   -177.818321   -531.802765  8  4  6  88       
PG13  12226.518537 -21872.167359  -8657.415397    671.892333  5  3  5 102       
PG14  16751.321237   1021.896551 -20587.972305    476.751490  3  4  7 107       
PG15   -515.018715 -22742.510975 -14081.084638    194.758558  5  4  5  85       
PG16  -2823.394114  21602.231621  14540.864392   -203.452458  2  6  5  98       
PG17  20066.469183  -9978.638054 -13965.665622    649.847945  8  5  7  98       
PG18 -25287.966940  -6372.412107   5629.984321   -647.636906  7  4  7  88       
PG19  19992.984310 -15639.369382  -7199.999731    527.112912  9  6  6  89       
PG20   4357.730211 -17638.059637  19488.709101    371.489495  7  5  2 101       
PG21   6383.753569  14582.569760 -20999.251764    103.230845  7  5  3 126       
PG22  12969.416380  -8030.343163 -21351.213420    -53.279391  7  7  3  97       
PG23 -17873.601716 -10204.175441 -16882.296252    301.589059  8  6  5 109       
PG24  -9611.816508 -14869.660591 -20341.243452   -486.464470  7  7  5 101       
PG25 -16706.361546 -18328.118902   9520.794013    499.379247  7  6  6  88       
PG26 -10931.524956  12048.269573  20788.350974     96.659575  5  7  4 112       
PG27 -11816.759527  23129.014631  -4622.077301    -33.237673  6  5  3  95       
PG28 -24161.121564   5482.820722   9565.828443   -379.873961  7  8  5  89       
PG29 -11781.372489  -9268.675877  21882.868479   -582.960077  5  7  3 110       
PG30  26390.320696   -714.719509  -3862.587251   -336.579492  7  5  4  85       
PG31 -15925.440931  11179.927566  18024.836109   -225.663151  6  6  4 102       
PG32 -19328.844033  11951.751487 -13365.881988   -604.337153  8  5  4  97       
*  2024  8 20 13 45  0.00000000
PG01 -13387.675962   7190.926353  21406.570143 999999.999999                    
PG02   9561.697193  13444.603890 -20415.556786   -375.136730  7  6  3 108       
PG03  12799.633794  23343.670430    -68.556105    507.248137  4  5  5 100       
PG04   4637.022130  17505.517554  19395.367204    427.840870  6  4  4 100       
PG05  -2172.236260 -22075.157983  14369.580768   -183.834826  3  3  4  89       
PG06  24293.405113  -5453.546437   9462.990032     86.151589  9  5  5 106       
PG07  24179.391497   7197.776349   9537.286251    -48.974336  6  3  5  71       
PG08  -3713.937016  23529.956187 -11393.612035    322.717070  3  2  4  97       
PG09  13471.909432   7055.209181  21685.644062    321.958246  6  4  7 107       
PG10 -15709.942101    741.042249 -21251.198206    -99.566382  5  7  2 101       
PG11  12912.382267 -12657.884177  19461.342450   -724.119914  7  7  6 107       
PG12  -9285.291649 -24758.293921  -3024.558986   -531.805778  8  5  6  58       
PG13  12927.662227 -22339.154325  -5929.609178    671.894510  6  4  5  98       
PG14  17671.754829   3140.845993 -19602.323860    476.759381  4  3  6  92       
PG15    296.693616 -23936.346245 -11832.331443    194.762627  4  3  5  63       
PG16  -3718.840369  19970.111585  16533.247556   -203.443284  3  6  5 101       
PG17  19154.098085  -8444.846480 -16028.339511    649.839131  7  5  7 100       
PG18 -24485.144147  -6507.461041   8351.339564   -647.639574  6  4  7  95       
PG19  19578.619778 -14731.816761  -9861.882725    527.117315  9  6  6  87       
PG20   5818.575717 -15888.323126  20572.034701    371.489195  8  5  2 104       
PG21   3880.815214  14694.432197 -21425.150812    103.230320  7  5  3 125       
PG22  13924.169197  -5677.530883 -21475.916252    -53.283165  7  6  3  92       
PG23 -18633.909412 -11852.298399 -14886.609026    301.596859  7  6  5  89       
PG24  -7332.780473 -15052.615391 -21120.802085   -486.464935  7  6  4  97       
PG25 -16945.540824 -19308.910299   6916.735380    499.379425  7  6  7 100       
PG26 -12276.437161  10003.235692  21150.547021     96.652593  5  7  4 110       
PG27 -12236.768145  23263.709148  -1772.221072    -33.237999  6  5  4  85       
PG28 -25101.634432   5233.066380   6921.727295   -379.887233  7  8  5  94       
PG29 -10256.474803 -11251.602092  21709.769877   -582.958004  6  6  3 108       
PG30  26673.958852   -396.325069  -1091.616068   -336.573267  7  5  4  94       
PG31 -17902.692091  10889.067121  16321.131816   -225.662644  6  6  4 104       
PG32 -18598.759293  10411.547336 -15504.430587   -604.334492  8  5  4 106       
*  2024  8 20 14  0  0.00000000
PG01 -14645.907727   5005.759437  21236.931069 999999.999999                    
PG02   7110.148351  13749.895804 -21153.838823   -375.129791  6  6  2 119       
PG03  12570.096625  23301.055031  -2958.874143    507.261169  4  5  5 106       
PG04   3423.149227  19266.592744  17908.160878    427.847568  6  4  3  99       
PG05  -1038.687088 -20677.656306  16410.781755   -183.836117  3  4  3  87       
PG06  25208.549857  -5303.521815   6757.767823     86.129439  9  5  5 102       
PG07  23033.515104   7421.564486  11981.128514    -48.968849  5  2  4  80       
PG08  -4485.738787  24437.604446  -8866.601072    322.729904  3  2  4 108       
PG09  12302.911086   9257.945570  21546.963465    321.972332  5  5  6 108       
PG10 -16902.972358  -1352.479665 -20323.065296    -99.576599  5  7  3 108       
PG11  15045.736132 -12469.008597  17987.505246   -724.124721  8  8  6 106       
PG12  -8853.903423 -24446.017319  -5819.586413   -531.807924  8  5  5  80       
PG13  13412.370049 -22591.836681  -3098.871715    671.896291  7  5  4 109       
PG14  18632.127227   5095.708164 -18280.047942    476.767231  3  3  6 113       
PG15    961.222856 -24924.264518  -9383.214929    194.766696  5  4  6  89       
PG16  -4787.461916  18194.197500  18228.959551   -203.433960  3  7  5 101       
PG17  18203.781548  -6676.245935 -17808.994643    649.830509  7  5  7 111       
PG18 -23391.704694  -6684.443672  10930.813849   -647.642253  5  4  7  94       
PG19  19041.633555 -13566.956689 -12351.197700    527.122159  8  6  6 101       
PG20   7435.112868 -14137.814964  21304.396868    371.488672  8  6  2 105       
PG21   1348.968273  14938.736554 -21469.995564    103.229871  7  5  2 131       
PG22  14995.014066  -3380.604409 -21216.435019    -53.286375  7  6  3 109       
PG23 -19356.206532 -13251.420722 -12636.810033    301.604671  7  5  5  75       
PG24  -4996.336563 -15355.477898 -21552.530509   -486.465412  7  6  3  98       
PG25 -17078.085767 -20017.297912   4194.193792    499.379599  7  6  7  81       
PG26 -13724.784439   8009.748944  21143.086575     96.645646  5  7  4 112       
PG27 -12493.131300  23132.181410   1108.855316    -33.238381  6  5  4  99       
PG28 -25747.953256   5019.929253   4158.476836   -379.900508  8  8  6 110       
PG29  -8861.772697 -13280.008852  21161.263711   -582.955577  6  6  3 105       
PG30  26660.830300    -90.681367   1697.868976   -336.567071  7  5  4 100       
PG31 -19679.812279  10704.173758  14336.543364   -225.662173  6  6  5  92       
PG32 -17838.801990   8634.649754 -17369.963361   -604.331852  8  5  3 108       
*  2024  8 20 14 15  0.00000000
PG01 -15987.115731   2923.909861  20690.034247 999999.999999                    
PG02   4611.013355  14193.299602 -21513.495243   -375.122777  6  6    116       
PG03  12157.556512  23002.940650  -5798.736228    507.274168  4  4  5  99       
PG04   2389.544164  20925.021921  16111.597093    427.854187  5  4  4  78       
PG05    299.539639 -19169.561812  18165.024107   -183.837107  4  5  3  93       
PG06  25818.831329  -5185.918537   3937.176247     86.107246  9  5  5  88       
PG07  21643.467173   7722.258218  14228.749295    -48.964131  5  2  4  61       
PG08  -5094.005764  25111.332844  -6183.878568    322.742725  3  2  4 103       
PG09  11264.160266  11484.715911  21034.286200    321.986465  5  4  6 108       
PG10 -18138.024502  -3268.723228 -19041.569848    -99.586750  5  7  4  97       
PG11  17002.322032 -12387.732682  16204.109681   -724.129458  8  8  6 104       
PG12  -8252.328759 -23889.454482  -8515.407147   -531.810524  7  5  5  84       
PG13  13703.819537 -22598.770757   -214.186229    671.898323  8  6  4  98       
PG14  19597.232341   6858.504156 -16644.420605    476.775094  4  3  6  93       
PG15   1499.299501 -25673.224701  -6774.258870    194.770466  5  4  6  99       
PG16  -6030.506850  16321.795546  19597.774363   -203.424522  4  7  4 108       
PG17  17256.307075  -4693.572195 -19274.974425    649.821728  7  4  7  97       
PG18 -22029.101583  -6937.837839  13324.482328   -647.644895  4  4  6  97       
PG19  18423.907138 -12147.638533 -14625.123250    527.126651  8  6  5  93       
PG20   9183.963016 -12427.601562  21672.951168    371.488525  8  7  3  98       
PG21  -1160.748307  15310.262515 -21129.600977    103.229189  7  6  3 132       
PG22  16156.557196  -1184.286393 -20576.653219    -53.290371  6  6  2 103       
PG23 -19998.312530 -14391.713752 -10171.584491    301.612472  7  4  5  85       
PG24  -2646.548458 -15778.595945 -21628.464715   -486.465862  6  6  2 100       
PG25 -17068.363305 -20462.062818   1400.111172    499.379747  6  6  7  93       
PG26 -15248.883886   6106.322143  20767.229022     96.638707  5  7  4 110       
PG27 -12617.881785  22715.306012   3970.276329    -33.238733  5  6  4  99       
PG28 -26089.362169   4806.800828   1323.650036   -379.913790  8  8  6  64       
PG29  -7618.286797 -15308.801032  20246.503760   -582.953688  6  6  3 106       
PG30  26352.524953    237.240841   4458.648315   -336.560830  6  5  4  91       
PG31 -21222.951577  10599.861197  12106.227801   -225.662145  6  5  6  75       
PG32 -17088.621384   6643.357263 -18929.510358   -604.329200  8  5  3 101       
*  2024  8 20 14 30  0.00000000
PG01 -17378.212431    982.362018  19776.890960 999999.999999                    
PG02   2115.928374  14770.778838 -21486.789691   -375.116110  5  6  1 108       
PG03  11536.071420  22479.617108  -8539.881257    507.287216  4  5  6  88       
PG04   1533.115136  22435.386122  14036.421124    427.860825  5  5  5  85       
PG05   1836.276229 -17596.993061  19601.357460   -183.838354  4  6  2 104       
PG06  26114.511728  -5061.478618   1049.334097     86.085034  8  5  6  89       
PG07  20038.941076   8126.717362  16243.984506    -48.958921  4  1  3  74       
PG08  -5563.151125  25521.180952  -3392.286140    322.755570  3  2  5  73       
PG09  10369.242991  13688.334752  20156.410944    322.000622  5  4  5 111       
PG10 -19374.905170  -4979.894106 -17430.166498    -99.596929  5  7  5  93       
PG11  18744.138241 -12389.233532  14141.664011   -724.134274  9  8  5  98       
PG12  -7458.686783 -23120.775169 -11066.497998   -531.813476  7  5  5  85       
PG13  13831.422657 -22335.262471   2674.218072    671.900119  8  6  5  78       
PG14  20528.647677   8408.671345 -14723.975784    476.782913  4  4  5  86       
PG15   1937.096902 -26156.039862  -4049.201326    194.774208  6  4  7  84       
PG16  -7440.655866  14401.303254  20615.615710   -203.415322  4  7  4 111       
PG17  16349.425043  -2525.905284 -20399.087266    649.812895  6  4  6  85       
PG18 -20426.403443  -7297.800685  15491.484827   -647.647553  4  4  6 110       
PG19  17767.434467 -10485.463009 -16644.935263    527.131152  7  6  5  92       
PG20  11034.842691 -10794.733855  21670.995669    371.488307  8  7  3  96       
PG21  -3598.047767  15795.464210 -20406.973218    103.228556  6  6  3 126       
PG22  17376.742474    871.673097 -19567.565252    -53.294046  6  6  2  89       
PG23 -20518.334946 -15272.195499  -7533.156728    301.620211  6  3  5  80       
PG24   -327.352766 -16314.849721 -21346.242080   -486.466282  6  5  2 105       
PG25 -16884.182515 -20659.832954  -1417.773496    499.379917  6  7  7 103       
PG26 -16815.557739   4326.096688  20030.701625     96.631764  5  7  4 101       
PG27 -12646.855952  22002.475826   6761.182843    -33.239132  5  6  4  84       
PG28 -26123.960788   4556.243284  -1533.958682   -379.927034  8  8  6  98       
PG29  -6539.044057 -17290.602088  18981.038350   -582.951506  5  7  3 113       
PG30  25758.760894    621.463919   7144.131667   -336.554613  6  5  5  84       
PG31 -22505.137161  10545.672194   9669.238339   -225.661730  6  5  6  78       
PG32 -16384.418591   4467.886762 -20155.603428   -604.326543  7  5  4 100       
*  2024  8 20 14 45  0.00000000
PG01 -18781.340092   -788.689670  18515.065927 999999.999999                    
PG02   -324.280504  15469.863124 -21073.187329   -375.108989  5  6  3 103       
PG03  10686.652328  21767.102359 -11135.876980    507.300253  4  5  6  89       
PG04    842.717471  23755.103539  11718.285694    427.867493  4  6  5  82       
PG05   3556.659633 -16005.675122  20694.445145   -183.839537  5  6  2 108       
PG06  26095.018204  -4890.345849  -1856.438219     86.062846  8  5  6  64       
PG07  18254.955515   8656.215091  17994.432369    -48.953925  4  2  3 100       
PG08  -5922.897795  25644.394138   -540.849531    322.768411  3  3  5  99       
PG09   9623.635325  15820.680482  18928.534365    322.014718  5  3  4 106       
PG10 -20570.478108  -6466.581581 -15517.874742    -99.607072  5  7  5  99       
PG11  20239.558143 -12443.044588  11835.528883   -724.139068  9  8  5 103       
PG12  -6457.993134 -22177.113405 -13430.029188   -531.815883  6  5  5 103       
PG13  13829.520997 -21784.485804   5515.770281    671.902172  8  7  5  71       
PG14  21386.224862   9733.623458 -12551.989106    476.790747  4  4  5  96       
PG15   2305.086892 -26352.483800  -1254.328166    194.778322  6  5  7  86       
PG16  -9002.157753  12480.346636  21265.006163   -203.405970  5  7  4 118       
PG17  15516.299556   -209.776108 -21160.214316    649.804137  6  3  6  93       
PG18 -18619.297628  -7788.844361  17394.706048   -647.650216  4  4  6 122       
PG19  17112.602120  -8600.455349 -18376.641502    527.135982  7  6  5 100       
PG20  12951.549148  -9270.942236  21298.110151    371.488243  8  8  4 102       
PG21  -5915.268103  16372.887937 -19312.478517    103.228025  6  7  4 122       
PG22  18618.084656   2753.926557 -18207.090623    -53.297708  5  6  3 103       
PG23 -20876.338690 -15900.566386  -4766.577546    301.627949  6  2  5 114       
PG24   1918.868448 -16949.827760 -20709.207075   -486.466695  6  5  1 109       
PG25 -16498.126980 -20634.247397  -4211.718984    499.380060  5  7  7 110       
PG26 -18387.353706   2695.760503  18947.478740     96.624777  5  7  5 109       
PG27 -12618.089245  20992.200999   9431.721354    -33.239580  5  6  4  92       
PG28 -25858.687288   4231.633429  -4365.174947   -379.940289  8  8  6  92       
PG29  -5628.709440 -19177.461897  17386.556916   -582.949524  5  7  3 123       
PG30  24897.005033   1093.528142   9709.098408   -336.548416  6  5  5 105       
PG31 -23507.113567  10507.430613   7067.810021   -225.661461  6  5  6  98       
PG32 -15757.472012   2145.377364 -21026.792683   -604.323876  7  5  4  99       
*  2024  8 20 15  0  0.00000000
PG01 -20155.346818  -2366.788400  16928.242989 999999.999999                    
PG02  -2661.477379  16270.069604 -20279.439840   -375.102165  5  7  4 102       
PG03   9598.144736  20905.689005 -13542.869129    507.313305  4  5  5  89       
PG04    299.764631  24846.024826   9197.142169    427.874159  4  7  5  78       
PG05   5437.512218 -14439.197244  21425.043020   -183.840471  5  7  1  89       
PG06  25768.930381  -4633.782869  -4730.442846     86.040627  7  4  6  88       
PG07  16330.681780   9325.548856  19451.865772    -48.948531  4  2  3  68       
PG08  -6206.899388  25466.393427   2320.133965    322.781283  4  3  5 103       
PG09   9024.614484  17834.414537  17371.984050    322.028816  5  4  4  91       
PG10 -21680.339301  -7718.248164 -13338.692703    -99.617183  5  7  6  78       
PG11  21464.409255 -12514.359469   9325.318156   -724.143857  9  8  5  93       
PG12  -5242.881347 -21099.104879 -15566.528040   -531.818519  6  5  4 107       
PG13  13735.877607 -20938.307274   8260.488079    671.904198  8  7  5  84       
PG14  22129.650650  10829.005257 -10165.890914    476.798582  4  4  4 101       
PG15   2636.702794 -26250.165373   1562.273423    194.782361  7  5  7  95       
PG16 -10691.326820  10603.972447  21535.361595   -203.396703  5  7  3 116       
PG17  14784.145539   2212.047522 -21543.800689    649.795169  6  2  6 104       
PG18 -16648.852060  -8428.727401  19001.401433   -647.652892  4  4  6 105       
PG19  16496.567454  -6520.416188 -19791.510022    527.140525  7  6  5 110       
PG20  14893.183766  -7881.539542  20560.194019    371.487624  8  8  4  98       
PG21  -8069.180594  17013.962725 -17863.832528    103.227686  6  7  4 117       
PG22  19839.150938   4436.687974 -16519.726989    -53.301387  4  6  3  96       
PG23 -21035.947287 -16292.723896  -1918.972976    301.635735  5  2  5  95       
PG24   4052.673313 -17662.276662 -19726.449172   -486.467107  6  5  1  93       
PG25 -15888.698995 -20414.881190  -6934.750087    499.380210  5  7  7 104       
PG26 -19923.931398   1234.737855  17537.452017     96.617797  5  7  5 101       
PG27 -12570.112260  19692.345395  11934.032072    -33.239981  4  6  4  97       
PG28 -25309.012494   3798.777149  -7121.291734   -379.953421  8  8  6  88       
PG29  -4883.553558 -20922.602001  15490.523657   -582.947550  5  7  3 107       
PG30  23791.821568   1681.116187  12110.409620   -336.542197  6  5  5  83       
PG31 -24217.891355  10448.723969   4346.616009   -225.661110  6  4  7  74       
PG32 -15232.878064   -281.385072 -21528.039292   -604.321201  7  5  4  91       
*  2024  8 20 15 15  0.00000000
PG01 -21457.388515  -3737.831854  15045.679201 999999.999999                    
PG02  -4851.993233  17143.685413 -19119.499110   -375.095342  5  7  5 101       
PG03   8267.815415  19938.350321 -15720.280842    507.326335  4  5  5  96       
PG04   -120.862775  25675.872402   6516.549339    427.880790  4  8  5  66       
PG05   7448.062099 -12937.366760  21780.360455   -183.841653  6  7  1 100       
PG06  25153.631213  -4255.852601  -7523.439776     86.018380  7  3  6  86       
PG07  14308.144421  10142.383500  20592.597054    -48.943429  4  2  3  88       
PG08  -6451.192897  24981.429843   5140.048047    322.794077  4  3  5  91       
PG09   8561.503478  19684.678956  15513.838597    322.042965  6  4  4  89       
PG10 -22660.533826  -8733.369772 -10930.939872    -99.627484  5  7  6  88       
PG11  22402.774228 -12565.517030   6654.222108   -724.148649  9  8  5  86       
PG12  -3814.035428 -19929.320459 -17440.476774   -531.820932  6  6  4 102       
PG13  13590.025742 -19797.777366  10859.913836    671.906098  8  7  5  66       
PG14  22720.018997  11698.635845  -7606.619363    476.806403  4  5  4 106       
PG15   2966.856717 -25845.127639   4351.533306    194.786118  7  6  7 105       
PG16 -12477.376974   8812.974372  21423.126912   -203.387221  5  7  3 112       
PG17  14173.115090   4692.049186 -21542.212008    649.786212  6  3  5 104       
PG18 -14560.080156  -9227.604782  20283.758895   -647.655515  5  4  6 114       
PG19  15951.796889  -4279.981831 -20866.486865    527.145207  7  6  5 108       
PG20  16815.569351  -6644.574466  19469.400204    371.487394  7  8  4 102       
PG21 -10022.646057  17684.140973 -16085.894584    103.226722  6  7  5 121       
PG22  20996.225123   5902.568606 -14536.050741    -53.304873  4  5  3  96       
PG23 -20965.816801 -16471.976464    961.234281    301.643499  5  3  5  82       
PG24   6038.856815 -18424.815459 -18412.766933   -486.467487  6  5  1  77       
PG25 -15041.237790 -20035.975445  -9541.390048    499.380364  5  7  7 108       
PG26 -21383.557656    -45.323085  15826.003378     96.610783  5  7  5 102       
PG27 -12540.221460  18119.984283  14223.209181    -33.240343  3  6  3  90       
PG28 -24498.317242   3227.431059  -9754.907615   -379.966668  8  8  6  85       
PG29  -4291.758221 -22482.129666  13325.703944   -582.945555  4  7  4 109       
PG30  22473.973340   2406.826722  14307.683795   -336.535981  6  5  5  96       
PG31 -24634.990575  10332.458171   1552.007905   -225.660785  6  4  7  96       
PG32 -14828.559647  -2765.469393 -21650.976315   -604.318592  7  5  5 100       
*  2024  8 20 15 30  0.00000000
PG01 -22644.587666  -4896.341782  12901.566702 999999.999999                    
PG02  -6858.217703  18056.879068 -17614.258211   -375.088161  5  8  5 107       
PG03   6701.624593  18909.065630 -17631.454015    507.339409  4  5  5 105       
PG04   -449.645373  26219.466016   3722.911870    427.887417  5  9  5  78       
PG05   9550.974704 -11534.726851  21754.295202   -183.842461  5  8  1  96       
PG06  24274.633048  -3724.999375 -10187.480121     85.996170  7  3  6  89       
PG07  12230.836108  11106.845869  21397.795936    -48.938151  4  3  2  80       
PG08  -6692.548621  24192.892000   7868.927123    322.806903  4  3  5 101       
PG09   8216.238943  21330.705207  13386.442172    322.057081  6  4  4  89       
PG10 -23469.247459  -9519.229138  -8336.544692    -99.637732  5  7  6  89       
PG11  23047.482116 -12557.609778   3868.264306   -724.153431  9  8  5  97       
PG12  -2180.321481 -18710.653924 -19020.839581   -531.823828  6  6  3  98       
PG13  13431.542297 -18373.263503  13268.034948    671.908292  8  7  5  96       
PG14  23121.355216  12354.146118  -4917.924777    476.814252  5  6  3  89       
PG15   3330.366928 -25142.137556   7064.276554    194.790034  7  6  6 101       
PG16 -14323.551715   7142.423762  20931.754888   -203.377916  5  7  4 115       
PG17  13695.485814   7179.665846 -21154.941897    649.777645  6  4  5  90       
PG18 -12400.360735 -10187.470649  21219.387054   -647.658117  6  5  6 115       
PG19  15504.817822  -1919.435907 -21584.501660    527.149700  7  6  4  98       
PG20  18672.809502  -5570.268880  18043.963808    371.486837  7  8  5  94       
PG21 -11746.033297  18344.345401 -14010.259703    103.225938  6  7  5 127       
PG22  22045.079426   7143.053203 -12292.079555    -53.308714  4  5  3  79       
PG23 -20640.928172 -16467.987563   3825.119405    301.651231  5  4  5  87       
PG24   7847.612253 -19204.896769 -16788.551824   -486.467884  5  6  1  92       
PG25 -13948.583105 -19535.022450 -11988.349814    499.380529  4  7  6 106       
PG26 -22724.650902  -1140.751654  13843.493755     96.603796  4  7  5 101       
PG27 -12562.801282  16300.884841  16258.206398    -33.240757  3  6  3 105       
PG28 -23456.977443   2492.671766 -12220.741449   -379.979909  8  7  6 106       
PG29  -3834.048130 -23816.652904  10929.591558   -582.943665  4  8  4  98       
PG30  20979.309249   3287.140922  16263.928841   -336.529799  6  6  6  97       
PG31 -24764.376700  10122.425658  -1268.747884   -225.660466  6  4  7  80       
PG32 -14554.582620  -5257.463659 -21394.033159   -604.315992  7  5  5 110       
*  2024  8 20 15 45  0.00000000
PG01 -23675.680122  -5845.385377  10534.322695 999999.999999                    
PG02  -8649.932726  18971.091634 -15791.125217   -375.081137  5  8  6  97       
PG03   4914.175103  17861.126901 -19244.225313    507.352470  5  6  5  95       
PG04   -721.037156  26459.685007    864.662296    427.894024  6  9  5  64       
PG05  11703.653911 -10259.298759  21347.537125   -183.843609  5  8  1  91       
PG06  23164.603078  -3015.468314 -12676.723899     85.973964  6  3  6  87       
PG07  10142.289459  12211.383567  21853.760448    -48.932978  4  3  2 104       
PG08  -6966.788343  23113.251106  10458.419139    322.819689  4  4  5 110       
PG09   7964.238570  22737.270829  11026.823154    322.071211  6  5  4  89       
PG10 -24068.409205 -10091.378202  -5600.292363    -99.647959  4  7  6  84       
PG11  23400.270160 -12452.152516   1015.504903   -724.158238  9  7  5  93       
PG12   -358.616866 -17484.722134 -20281.515435   -531.826116  6  7  3 107       
PG13  13298.318399 -16684.214503  15442.166299    671.909968  7  6  5  79       
PG14  23302.035630  12814.326908  -2145.636576    476.822107  5  6  3 102       
PG15   3760.358247 -24154.643189   9652.145158    194.793957  7  6  6  89       
PG16 -16188.496601   5620.464071  20071.535250   -203.368487  5  8  4 118       
PG17  13355.190469   9623.131381 -20388.660807    649.768489  6  5  5  92       
PG18 -10217.770541 -11301.917361  21791.721136   -647.660708  6  5  7 116       
PG19  15175.227354    516.677547 -21934.662501    527.154544  7  7  4  84       
PG20  20418.932139  -4660.762194  16307.925785    371.486510  6  8  5  92       
PG21 -13218.323175  18952.658931 -11674.651292    103.225321  5  7  5 129       
PG22  22942.774029   8158.598122  -9828.516456    -53.312218  4  5  3  97       
PG23 -20043.650476 -16315.490349   6624.054835    301.659004  4  4  5 112       
PG24   9455.513549 -19965.987937 -14879.585242   -486.468277  5  6  2  88       
PG25 -12611.464935 -18951.258630 -14235.168459    499.380716  4  7  6 103       
PG26 -23907.314626  -2055.744316  11624.681139     96.596792  4  7  5  89       
PG27 -12667.773060  14268.629158  18002.662128    -33.241182  4  6  3 115       
PG28 -22221.192597   1576.059093 -14476.409425   -379.993166  7  6  6 104       
PG29  -3484.623637 -24892.732199   8343.747103   -582.941567  4  7  4 100       
PG30  19347.477887   4331.618913  17946.123572   -336.523611  6  5  6 101       
PG31 -24620.097431   9784.829525  -4068.227162   -225.660101  6  4  7  87       
PG32 -14412.806612  -7707.233299 -20762.423132   -604.313355  7  5  5 105       
*  2024  8 20 16  0  0.00000000
PG01 -24512.584474  -6596.162159   7985.827838 999999.999999                    
PG02 -10205.327428  19844.644038 -13683.442184   -375.073929  5  9  6  98       
PG03   2928.341398  16835.488342 -20531.430579    507.365564  5  6  5  93       
PG04   -971.916835  26388.128001  -2008.597950    427.900586  6 10  5  87       
PG05  13859.759588  -9131.599286  20567.539179   -183.844846  5  8  2  91       
PG06  21862.123854  -2108.507150 -14948.228699     85.951727  6  4  6  90       
PG07   8084.649783  13440.893742  21952.139559    -48.927859  4  4  3  99       
PG08  -7307.144844  21763.644039  12862.717188    322.832484  4  4  4 113       
PG09   7775.532390  23875.946621   8476.028479    322.085313  6  6  4  88       
PG10 -24425.146304 -10472.797062  -2769.047438    -99.658194  4  7  6  95       
PG11  23471.609224 -12212.745322  -1854.795523   -724.162997  8  6  5  82       
PG12   1626.654462 -16290.334188 -21201.714145   -531.828652  6  7  2  93       
PG13  13224.900765 -14758.562620  17343.772997    671.911900  7  6  5 102       
PG14  23236.050570  13104.214607    663.095980    476.829995  5  6  3  95       
PG15   4286.703174 -22904.388760  12068.543172    194.797846  7  5  6  97       
PG16 -18027.811274   4267.414060  18859.285736   -203.359076  4  8  5 117       
PG17  13147.711278  11971.381443 -19257.101995    649.760015  6  6  5  91       
PG18  -8059.390958 -12556.223126  21990.338387   -647.663335  6  7  7 118       
PG19  14974.989651   2981.083898 -21912.343649    527.159246  6  7  4 104       
PG20  22009.555171  -3910.174444  14290.753736    371.485898  6  8  5  95       
PG21 -14427.836360  19466.177476  -9122.128308    103.224590  5  8  5 118       
PG22  23649.403987   8958.351364  -7189.898852    -53.315770  4  5  3  88       
PG23 -19164.535972 -16052.821235   9310.503420    301.666777  4  5  5  96       
PG24  10846.278444 -20668.936441 -12716.742739   -486.468652  6  6  3 109       
PG25 -11038.609800 -18324.119554 -16244.800521    499.380961  5  6  5  90       
PG26 -24894.802311  -2801.953557   9208.081601     96.589776  3  7  5 100       
PG27 -12879.240609  12063.416731  19425.621003    -33.241585  5  6  3 113       
PG28 -20831.603248    466.547730 -16483.151206   -380.006388  7  6  6 101       
PG29  -3212.357089 -25684.110993   5613.060028   -582.939442  4  7  4  98       
PG30  17620.513169   5542.355279  19325.742279   -336.517396  6  5  5 101       
PG31 -24223.638653   9289.709503  -6799.589203   -225.659949  6  5  8  95       
PG32 -14396.881630 -10065.700293 -19767.997367   -604.310710  7  5  5  91       
*  2024  8 20 16 15  0.00000000
PG01 -25121.834589  -7167.283045   5300.632444 999999.999999                    
PG02 -11511.649900  20634.486055 -11329.767745   -375.067162  6  9  6  91       
PG03    774.592420  15869.218723 -21471.332228    507.378623  5  6  5  80       
PG04  -1239.940743  26005.442863  -4846.981849    427.907309  6 11  6  79       
PG05  15970.879333  -8163.972406  19428.357390   -183.845969  4  8  3  81       
PG06  20410.234905   -993.302409 -16962.695656     85.929483  6  4  5 102       
PG07   6097.293213  14773.120766  21690.104894    -48.922777  4  4  2  85       
PG08  -7742.734212  20173.111777  15039.436411    322.845264  4  3  3 114       
PG09   7616.111539  24726.085748   5778.387064    322.099436  6  7  4  71       
PG10 -24513.040463 -10692.787220    109.035387    -99.668352  3  7  6 101       
PG11  23280.199259 -11806.664823  -4693.036477   -724.167831  8  5  5  87       
PG12   3744.262127 -15162.082773 -21766.253875   -531.831245  6  7  2 115       
PG13  13240.975195 -12631.785613  18939.212751    671.914009  7  7  5  91       
PG14  22904.064675  13253.950189   3460.578080    476.837789  5  7  3  91       
PG15   4934.573087 -21420.692927  14269.581617    194.801845  7  5  5  98       
PG16 -19795.712351   3095.209280  17317.920397   -203.349572  4  8  5 122       
PG17  13060.344715  14175.935714 -17780.786370    649.751027  6  7  5  91       
PG18  -5969.652193 -13927.768382  21811.175700   -647.665922  6  8  8 119       
PG19  14908.041915   5425.391690 -21519.171277    527.163845  6  7  4 107       
PG20  23403.510491  -3304.987656  12026.863866    371.485974  6  8  5  92       
PG21 -15372.542942  19842.933893  -6400.131277    103.223908  6  8  6 111       
PG22  24129.716994   9559.512772  -4423.678691    -53.319541  5  5  4  99       
PG23 -18002.817415 -15720.327060  11838.794484    301.674530  4  5  4 101       
PG24  12011.278111 -21273.475172 -10335.600568   -486.469056  5  6  3 100       
PG25  -9246.563228 -17691.710918 -17984.147052    499.381203  5  6  5 111       
PG26 -25654.860406  -3397.797959   6635.286581     96.582743  3  7  6  91       
PG27 -13214.393056   9730.598961  20502.132238    -33.242009  5  5  3 114       
PG28 -19331.750933   -838.888471 -18206.492888   -380.019654  7  5  5 106       
PG29  -2982.204394 -26172.675798   2784.948543   -582.937362  5  7  3  98       
PG30  15841.342047   6913.714051  20379.216261   -336.511188  6  6  5  87       
PG31 -23603.026659   8612.220392  -9417.294410   -225.659365  6  5  7  82       
PG32 -14492.586784 -12286.571048 -18428.971803   -604.308063  6  6  5 102       
*  2024  8 20 16 30  0.00000000
PG01 -25475.823981  -7583.779209   2525.148380 999999.999999                    
PG02 -12565.470107  21298.006022  -8773.046929   -375.060192  6 10  6  92       
PG03  -1509.967198  14994.112189 -22047.964982    507.391654  5  6  5 105       
PG04  -1561.863901  25321.313116  -7601.207022    427.913940  6 11  6  98       
PG05  17988.286098  -7360.260147  17950.364879   -183.847275  4  7  3  79       
PG06  18854.810208    332.388406 -18685.159495     85.907272  5  4  4 103       
PG07   4215.534365  16179.314537  21070.467589    -48.917686  4  5  2  95       
PG08  -8297.207125  18377.526216  16950.414498    322.858024  5  3  2 104       
PG09   7449.439478  25275.516733   2980.717070    322.113552  6  7  4  83       
PG10 -24313.142737 -10785.645138   2985.300203    -99.678528  3  7  6 100       
PG11  22852.154318 -11206.320308  -7450.146579   -724.172616  8  4  5  81       
PG12   5957.157953 -14129.106133 -21965.778878   -531.833791  5  7  2 103       
PG13  13370.057631 -10345.666619  20200.379344    671.916085  6  7  5  80       
PG14  22294.236005  13297.455331   6199.347747    476.845612  5  7  3  92       
PG15   5723.167084 -19739.411756  16214.996917    194.805504  7  5  5  92       
PG16 -21446.736273   2107.195300  15475.912965   -203.340284  4  8  6 112       
PG17  13072.824626  16192.674394 -15986.593788    649.742152  6  7  5  91       
PG18  -3988.777757 -15386.768722  21256.643264   -647.668510  6  9  8 111       
PG19  14970.217087   7801.730501 -20762.913600    527.168560  6  7  4 112       
PG20  24564.363094  -2824.732583   9555.050134    371.485258  5  8  5  95       
PG21 -16059.935634  20043.795619  -3559.400911    103.223377  6  7  6 108       
PG22  24354.533443   9986.369367  -1579.261124    -53.323255  5  5  4 103       
PG23 -16566.588696 -15358.704963  14165.872154    301.682298  4  5  4 101       
PG24  12949.766220 -21739.815387  -7775.941553   -486.469450  6  6  4 103       
PG25  -7259.237079 -17089.347690 -19424.527893    499.381421  5  5  5 107       
PG26 -26160.901934  -3867.524831   3950.249138     96.575699  3  7  6  81       
PG27 -13682.712912   7319.010718  21213.709784    -33.242407  6  5  3 111       
PG28 -17766.440076  -2334.944166 -19616.835702   -380.032884  7  4  5 107       
PG29  -2756.774580 -26349.107750    -91.486844   -582.935407  5  7  3 103       
PG30  14052.267068   8432.354208  21088.326435   -336.505004  6  6  5  95       
PG31 -22791.711397   7733.719616 -11877.791703   -225.659171  6  5  7  86       
PG32 -14678.492976 -14327.944074 -16769.536915   -604.305424  6  6  5  96       
*  2024  8 20 16 45  0.00000000
PG01 -25553.820192  -7875.886887   -293.157531 999999.999999                    
PG02 -13372.548046  21794.818747  -6059.695483   -375.052991  6  9  6  89       
PG03  -3882.803486  14235.507636 -22251.395917    507.404710  5  6  5  94       
PG04  -1971.897320  24354.101043 -10223.475204    427.920608  6 11  6  90       
PG05  19864.710269  -6715.823356  16159.847970   -183.848087  4  7  3  81       
PG06  17242.833092   1861.935676 -20085.609910     85.885075  5  4  3 105       
PG07   2469.466459  17625.133704  20101.734919    -48.912339  4  6  2  93       
PG08  -8987.636774  16418.252396  18562.416871    322.870860  5  3    108       
PG09   7238.064365  25520.914424    131.492713    322.127594  5  8  3  74       
PG10 -23814.714115 -10789.168459   5811.367813    -99.688723  4  7  5 106       
PG11  22219.909051 -10390.516341 -10078.444949   -724.177422  8  4  5  99       
PG12   8223.678095 -13214.063003 -21796.896482   -531.836364  5  7  1 113       
PG13  13628.449176  -7946.803353  21105.231461    671.918017  6  7  4  85       
PG14  21402.764302  13270.975526   8832.947638    476.853454  5  6  4 104       
PG15   6664.680345 -17901.623850  17869.015099    194.809667  7  5  4  98       
PG16 -22937.412556   1298.270443  13366.674443   -203.330917  3  8  6 112       
PG17  13158.274103  17983.431100 -13907.193925    649.733029  6  8  5  83       
PG18  -2151.389157 -16897.299861  20335.629342   -647.671112  6  9  8 111       
PG19  15149.479995  10064.354056 -19657.282381    527.173031  6  7  4 110       
PG20  25461.765272  -2442.955659   6917.828832    371.485150  4  8  4  94       
PG21 -16506.473760  20034.239545   -652.810155    103.223036  6  8  7 113       
PG22  24301.911389  10269.054941   1292.971192    -53.326933  5  5  4  96       
PG23 -14872.661077 -15007.336546  16252.005514    301.690024  4  6  4 112       
PG24  13668.809638 -22030.268485  -5081.159885   -486.469863  6  6  4  98       
PG25  -5107.198680 -16548.210568 -20542.093119    499.381607  5  5  4 117       
PG26 -26392.970676  -4240.064658   1198.550940     96.568641  2  6  6 102       
PG27 -14285.522413   4879.172995  21548.644468    -33.242787  6  5  3 111       
PG28 -16180.064842  -4007.994770 -20689.960742   -380.046116  7  4  5 118       
PG29  -2497.993646 -26213.199993  -2966.339387   -582.933118  6  7  3 107       
PG30  12293.477751  10077.546996  21440.521321   -336.498847  6  6  5  76       
PG31 -21827.271813   6642.627535 -14140.169860   -225.658642  6  5  7  96       
PG32 -14926.918072 -16153.735048 -14819.362338   -604.302738  6  6  6 103       
*  2024  8 20 17  0  0.00000000
PG01 -25342.717817  -8077.660383  -3106.555029 999999.999999                    
PG02 -13947.320695  22088.451890  -3238.628014   -375.046219  7  8  6 103       
PG03  -6297.364411  13611.359498 -22077.895439    507.417752  5  7  5 102       
PG04  -2500.168128  23130.161698 -12668.323480    427.927319  6 11  6  92       
PG05  21556.054996  -6217.908090  14088.495060   -183.849098  4  7  3  74       
PG06  15620.634593   3579.882095 -21139.532383     85.862885  5  4  2 100       
PG07    882.974682  19071.770547  18798.100206    -48.907408  4  6  1  84       
PG08  -9823.689743  14340.604624  19847.731095    322.883660  5  3    113       
PG09   6945.267627  25467.836086  -2720.013049    322.141664  5  8  3  51       
PG10 -23015.669153 -10743.051521   8539.893287    -99.698866  5  7  6 107       
PG11  21420.889764  -9345.471130 -12532.478828   -724.182181  7  4  5  98       
PG12  10498.917036 -12432.355690 -21262.232518   -531.838827  5  7  2 103       
PG13  14024.499511  -5484.929286  21638.194628    671.920263  6  6  4  88       
PG14  20234.148445  13211.544553  11316.679839    476.861300  5  6  4  92       
PG15   7763.564500 -15952.090129  19201.133957    194.813618  7  6  4  99       
PG16 -24227.842131    655.361382  11027.864497   -203.321345  3  8  7 112       
PG17  13284.441005  19517.333876 -11580.354668    649.724247  6  8  5  80       
PG18   -485.325591 -18418.578458  19063.392942   -647.673781  7 10  8 104       
PG19  15426.462928  12171.152735 -18221.653082    527.177886  5  8  3 105       
PG20  26072.591484  -2128.429553   4160.708893    371.484355  4  8  4  93       
PG21 -16736.630240  19785.915612   2265.845374    103.222737  6  8  8 108       
PG22  23958.012661  10442.094013   4142.622465    -53.330928  4  5  5  97       
PG23 -12946.098846 -14702.678308  18061.450447    301.697806  4  6  4 102       
PG24  14182.913858 -22110.832942  -2297.567784   -486.470242  5  6  4 108       
PG25  -2826.726505 -16094.164704 -21318.171649    499.381783  6  5  4 104       
PG26 -26338.464262  -4547.722878  -1573.339178     96.561653  2  7  7  87       
PG27 -15015.884664   2461.445602  21502.163695    -33.243131  6  6  4 110       
PG28 -14614.965180  -5836.433357 -21407.441453   -380.059285  7  4  5 114       
PG29  -2168.795288 -25773.828945  -5789.784377   -582.931249  6  7  2 107       
PG30  10601.644220  11821.776382  21429.154846   -336.492619  6  5  5  79       
PG31 -20749.989387   5335.032050 -16166.767752   -225.658174  6  5  7  95       
PG32 -15205.131711 -17734.865763 -12613.010361   -604.300062  6  6  6  96       
*  2024  8 20 17 15  0.00000000
PG01 -24837.509513  -8225.469315  -5867.815703 999999.999999                    
PG02 -14312.039428  22147.858452   -360.259695   -375.039340  7  8  6  79       
PG03  -8704.646262  13131.594136 -21530.016313    507.430793  5  6  5  64       
PG04  -3171.344863  21682.855536 -14893.430537    427.934045  6 11  6  91       
PG05  23022.986772  -5846.339067  11772.791123   -183.849746  4  7  3  61       
PG06  14032.163336   5462.333888 -21828.357621     85.840677  5  4  2 103       
PG07   -527.039819  20477.266583  17179.358498    -48.902303  4  6     86       
PG08 -10807.112783  12192.163300  20784.638991    322.896465  5  3    117       
PG09   6536.682792  25130.423252  -5524.593558    322.155707  4  8  3  84       
PG10 -21922.710534 -10687.229146  11125.295046    -99.708988  5  6  5 118       
PG11  20496.002570  -8065.549565 -14769.821744   -724.186989  7  5  5  96       
PG12  12736.226227 -11791.628343 -20370.404459   -531.841348  5  7  2 108       
PG13  14558.209187  -3011.117604  21790.427904    671.922061  6  6  4  75       
PG14  18801.143427  13155.427305  13608.333531    476.869156  5  6  5  98       
PG15   9016.119575 -13937.553552  20186.796836    194.817645  6  5  3  96       
PG16 -25283.122346    158.202262   8500.655666   -203.312219  3  8  7 114       
PG17  13415.159052  20771.839030  -9048.149796    649.715327  6  8  5  88       
PG18    989.274067 -19906.451983  17461.342966   -647.676450  7 10  8 107       
PG19  15775.276920  14085.024121 -16480.710902    527.182386  5  8  4  92       
PG20  26381.807509  -1846.560376   1331.400286    371.484009  4  8  4  97       
PG21 -16781.596202  19277.924626   5143.052725    103.222079  6  8  8 104       
PG22  23317.641376  10542.797586   6920.213764    -53.334070  4  5  5  97       
PG23 -10819.449650 -14476.768596  19563.053272    301.705594  5  6  4 103       
PG24  14513.348528 -21952.680271    526.389052   -486.470626  5  6  5 107       
PG25   -458.664009 -15746.780362 -21739.554949    499.381980  6  6  5 107       
PG26 -25992.593499  -4824.758884  -4318.805302     96.554497  2  6  7 105       
PG27 -15858.859303    114.209440  21076.439684    -33.243486  6  6  4 109       
PG28 -13109.874940  -7791.319905 -21756.957245   -380.072480  7  5  5 114       
PG29  -1734.770202 -25048.581606  -8512.962142   -582.929510  6  7  2 117       
PG30   9008.644378  13631.604106  21053.638703   -336.486404  6  5  5  97       
PG31 -19601.339541   3815.017371 -17923.738817   -225.657842  6  6  6  97       
PG32 -15476.757663 -19050.174334 -10189.273510   -604.297407  6  7  7 102       
*  2024  8 20 17 30  0.00000000
PG01 -24041.465082  -8356.437604  -8530.943164 999999.999999                    
PG02 -14495.604927  21948.693746   2524.489961   -375.032294  7  7  6  95       
PG03 -11054.859623  12797.776292 -20616.578506    507.443887  5  6  5  84       
PG04  -4003.483313  20051.299515 -16860.362327    427.940748  5 11  7  87       
PG05  24232.339418  -5574.508409   9253.332416   -183.850954  4  6  3  46       
PG06  12517.354325   7477.686470 -22139.810124     85.818500  5  5  3  97       
PG07  -1751.192571  21797.980313  15270.740040    -48.897222  4  6  1  91       
PG08 -11931.553800  10021.024093  21357.759158    322.909395  5  4  1 118       
PG09   5981.820453  24530.783224  -8233.965046    322.169776  4  9  3  66       
PG10 -20551.152920 -10660.228125  13524.448417    -99.719060  6  6  5 121       
PG11  19487.998443  -6553.681187 -16751.817330   -724.191724  7  5  4  88       
PG12  14888.785991 -11291.558587 -19135.911604   -531.844124  4  6  3  90       
PG13  15221.185901   -575.943277  21559.951093    671.924096  5  5  4  84       
PG14  17124.417805  13136.598698  15668.875704    476.877007  5  6  5 100       
PG15  10410.441402 -11904.953722  20807.934795    194.821373  6  5  3 104       
PG16 -26074.568902   -219.622462   5828.968187   -203.303039  4  8  7 114       
PG17  13511.966977  21733.418163  -6356.090310    649.705990  5  9  5  77       
PG18   2260.589197 -21315.041697  15556.704611   -647.679109  8 10  7 104       
PG19  16164.566421  15775.056075 -14464.029678    527.186871  5  8  4  72       
PG20  26383.037620  -1560.936075  -1521.025320    371.483999  4  8  3  90       
PG21 -16677.715591  18497.754090   7926.739479    103.221719  5  8  8 104       
PG22  22384.441600  10609.581683   9578.058976    -53.338145  4  5  5  89       
PG23  -8531.695856 -14355.907579  20730.786706    301.713406  5  6  4 104       
PG24  14687.191673 -21533.474310   3340.995926   -486.471005  5  6  4 108       
PG25   1952.890591 -15518.589001 -21798.713382    499.382161  6  6  5  97       
PG26 -25358.564682  -5105.904902  -6991.814380     96.547493  2  6  7  78       
PG27 -16792.096103  -2117.845523  20280.452103    -33.243817  6  7  5 113       
PG28 -11698.521338  -9837.318604 -21732.503156   -380.085652  7  5  5 112       
PG29  -1165.707683 -24063.054998 -11088.838684   -582.927423  5  7  2 100       
PG30   7540.472034  15468.771206  20319.504361   -336.480192  6  5  5  87       
PG31 -18422.452846   2094.705617 -19381.565326   -225.657863  6  7  5  98       
PG32 -15703.315072 -20087.016256  -7590.452068   -604.294723  5  7  7  89       
*  2024  8 20 17 45  0.00000000
PG01 -22966.018880  -8506.881265 -11051.861331 999999.999999                    
PG02 -14532.158746  21474.308835   5365.165263   -375.025271  7  7  6 101       
PG03 -13299.135484  12603.099379 -19352.558266    507.456900  5  6  5  90       
PG04  -5007.139061  18278.906973 -18535.243099    427.947476  5 10  7 100       
PG05  25158.278194  -5370.616368   6574.077067   -183.852351  3  6  3  54       
PG06  11110.660765   9587.658951 -22068.148016     85.796272  5  6  4 104       
PG07  -2787.878375  22990.161233  13102.653558    -48.892263  4  6  2  84       
PG08 -13182.720334   7874.052436  21558.256746    322.922204  5  4  1 113       
PG09   5255.439514  23698.076581 -10801.599302    322.183835  3  9  3  85       
PG10 -18924.444654 -10697.584507  15697.337501    -99.729227  6  6  5 122       
PG11  18439.779801  -4821.445924 -18444.255065   -724.196520  6  6  4  96       
PG12  16911.196405 -10923.951176 -17578.941799   -531.846767  4  6  3  93       
PG13  15996.954017   1772.320451  20951.632368    671.926056  5  4  4  93       
PG14  15231.923177  13185.315180  17463.095364    476.884829  5  6  5  91       
PG15  11926.730807  -9899.636907  21053.358359    194.825267  6  6  3 105       
PG16 -26580.695005   -509.419278   3058.691491   -203.293543  4  8  7 110       
PG17  13535.812577  22397.875844  -3552.205079    649.697387  5  9  6  88       
PG18   3325.408795 -22598.475713  13382.076113   -647.681778  8 10  7 100       
PG19  16558.767755  17217.483783 -12205.590329    527.191350  5  8  4  70       
PG20  26078.805360  -1234.954177  -4347.005860    371.483682  4  8  3  90       
PG21 -16464.734304  17441.837042  10567.346216    103.221043  5  9  8 106       
PG22  21170.755861  10680.279654  12071.070891    -53.341629  4  6  5  80       
PG23  -6126.963605 -14359.560907  21544.209096    301.721170  5  6  4  96       
PG24  14736.124726 -20838.461838   6096.197640   -486.471421  4  6  5 117       
PG25   4362.015643 -15414.601229 -21493.942375    499.382361  6  7  5 106       
PG26 -24447.481117  -5424.878341  -9547.628106     96.540648  2  7  7 101       
PG27 -17786.735205  -4195.257506  19129.715232    -33.244201  6  7  5 109       
PG28 -10408.429082 -11933.887930 -21334.492237   -380.098891  7  6  6 116       
PG29   -436.968040 -22849.856937 -13473.027629   -582.925318  5  7  3 113       
PG30   6216.367836  17291.498978  19238.370375   -336.473950  5  5  5  60       
PG31 -17252.598793    194.008931 -20515.517961   -225.657438  6  7  5 111       
PG32 -15845.835916 -20841.538819  -4861.587445   -604.292027  4  7  7  96       
*  2024  8 20 18  0  0.00000000
PG01 -21630.375372  -8710.799823 -13389.055885 999999.999999                    
PG02 -14459.498762  20716.427130   8112.692068   -375.018182  7  6  6  95       
PG03 -15391.209903  12532.702067 -17758.880675    507.469942  5  5  6  71       
PG04  -6184.781814  16411.774803 -19889.339655    427.954132  5 10  7 102       
PG05  25783.181354  -5199.111357   3781.547895   -183.853177  3  6  2  79       
PG06   9839.807059  11748.599371 -21614.288100     85.774101  5  7  4  98       
PG07  -3643.244943  24011.577488  10710.332108    -48.886812  4  7  2  97       
PG08 -14538.864183   5795.214085  21383.921305    322.935032  5  5  1 109       
PG09   4338.711598  22667.348306 -13183.517890    322.197953  2  9  4  84       
PG10 -17073.405515 -10830.381849  17607.659836    -99.739328  6  5  5 118       
PG11  17392.715486  -2888.823651 -19817.965627   -724.201137  6  6  5  92       
PG12  18761.031678 -10673.132414 -15725.094445   -531.849256  3  6  3  87       
PG13  16861.601177   3989.397566  19977.040101    671.927946  5  3  4 102       
PG14  13157.997399  13326.832280  18960.192058    476.892723  5  6  5  96       
PG15  13537.952608  -7963.643073  20918.985821    194.829078  6  6  3 106       
PG16 -26787.918738   -745.964446    236.906298   -203.284257  4  8  8 112       
PG17  13448.766861  22770.292987   -686.096431    649.688656  4  8  6  75       
PG18   4189.082506 -23712.644356  10974.881489   -647.684425  8 10  7  94       
PG19  16919.525778  18396.390041  -9743.245075    527.195841  5  9  4  88       
PG20  25480.436605   -833.463170  -7097.375188    371.483047  3  8  2 111       
PG21 -16183.954141  16115.720958  13018.783176    103.220539  4  9  8  98       
PG22  19697.160038  10790.515985  14357.485656    -53.345354  4  5  5  75       
PG23  -3653.035417 -14499.530119  21988.838449    301.728955  6  6  3  92       
PG24  14695.023517 -19861.279776   8742.570737   -486.471842  3  6  5 116       
PG25   6722.471343 -15432.105230 -20829.435106    499.382533  6  7  5 102       
PG26 -23277.969340  -5812.940586 -11943.489603     96.533639  3  7  7  95       
PG27 -18808.570132  -6085.096405  17645.883235    -33.244561  5  7  5 112       
PG28  -9259.974607 -14036.678559 -20569.748996   -380.112114  7  6  6 115       
PG29    469.368390 -21447.349096 -15624.558455   -582.923268  5  7  3 105       
PG30   5048.207726  19055.944295  17827.811493   -336.467705  5  5  5  83       
PG31 -16127.744334  -1859.901162 -21306.056025   -225.657002  6  8  4 117       
PG32 -15866.494776 -21318.624496  -2049.666981   -604.289301  4  7  6 112       
*  2024  8 20 18 15  0.00000000
PG01 -20060.851240  -8998.472532 -15504.165363 999999.999999                    
PG02 -14317.390062  19675.486310  10720.226976   -375.011362  7  4  6 100       
PG03 -17289.025554  12564.301976 -15862.115896    507.482941  5  5  6  89       
PG04  -7530.534159  14496.982105 -20899.548807    427.960840  5  9  7 110       
PG05  26098.208488  -5022.269718    924.003868   -183.854559  3  6  2  70       
PG06   8724.812807  13913.011462 -20785.812203     85.751929  5  8  5  96       
PG07  -4330.867834  24823.138952   8133.375788    -48.881840  4  8  3  92       
PG08 -15971.567319   3824.047268  20839.117008    322.947906  5  5  2 113       
PG09   3220.134085  21478.149648 -15339.034688    322.212093  2  9  4  81       
PG10 -15035.207671 -11083.961180  19223.378771    -99.749431  6  5  5 116       
PG11  16385.030403   -783.616983 -20849.325284   -724.205901  6  7  5  87       
PG12  20400.302759 -10516.633946 -13605.020046   -531.851940  3  6  3  87       
PG13  17784.731488   6036.529223  18654.166283    671.929910  4  3  4 105       
PG14  10942.232933  13580.316714  20134.299807    476.900565  5  6  5  89       
PG15  15210.814726  -6134.147777  20407.901480    194.833211  5  6  4  97       
PG16 -26690.980584   -965.977071  -2588.880912   -203.274976  5  8  8 101       
PG17  13215.675640  22864.607825   2192.004853    649.679425  4  8  6  75       
PG18   4865.131165 -24616.908028   8376.727512   -647.687103  8 10  7  88       
PG19  17207.218587  19304.126533  -7118.133397    527.200337  5  9  4  84       
PG20  24607.627375   -324.350730  -9724.246731    371.482909  3  8  2 106       
PG21 -15876.381439  14533.854726  15239.249444    103.219785  4  9  8  95       
PG22  17991.702154  10972.203448  16399.497713    -53.348830  4  5  4  75       
PG23  -1159.719988 -14779.423487  22056.433525    301.736721  6  6  3  95       
PG24  14600.402087 -18604.434955  11232.315231   -486.472266  3  6  5 114       
PG25   8989.228743 -15560.755771 -19815.278023    499.382736  6  7  5  96       
PG26 -21875.544483  -6297.553056 -14139.278324     96.526670  3  7  7 105       
PG27 -19819.419952  -7761.986825  15856.249521    -33.244912  5  7  6 112       
PG28  -8265.726243 -16099.086198 -19451.393962   -380.125311  7  6  6 111       
PG29   1563.620413 -19898.183185 -17506.577466   -582.921367  5  7  4 108       
PG30   4040.174978  20717.757415  16111.127177   -336.461472  5  5  5  75       
PG31 -15079.237483  -4033.391448 -21739.163254   -225.656579  6  8  3 122       
PG32 -15730.188195 -21531.511517    797.185092   -604.286631  3  7  6 102       
*  2024  8 20 18 30  0.00000000
PG01 -18289.980104  -9395.205738 -17362.519474 999999.999999                    
PG02 -14145.843316  18360.642779  13143.924425   -375.004547  6  3  6  94       
PG03 -18956.190423  12669.125677 -13694.080528    507.495944  5  5  6  79       
PG04  -9030.244177  12580.867487 -21548.780281    427.967555  5  8  7 114       
PG05  26103.537857  -4801.851338  -1949.403711   -183.855398  2  7  3  85       
PG06   7777.327174  16031.244402 -19596.853109     85.729771  4  9  5  92       
PG07  -4871.127759  25390.453404   5415.188067    -48.877087  4  8  4  88       
PG08 -17446.792474   1994.333984  19934.612570    322.960754  5  5  2 116       
PG09   1896.157523  20173.005344 -17231.434945    322.226158  2  9  5  93       
PG10 -12852.135034 -11476.847658  20517.218657    -99.759526  6  5  5 123       
PG11  15450.332921   1459.430364 -21520.660590   -724.210626  5  8  6  95       
PG12  21796.774961 -10426.144391 -11253.977282   -531.854464  2  5  4  87       
PG13  18730.682305   7881.759453  17007.031884    671.932101  4  3  4 109       
PG14   8628.150265  13957.994942  20964.938029    476.908396  5  6  5  87       
PG15  16907.021668  -4442.128648  19530.244035    194.837030  5  6  4 108       
PG16 -26293.063698  -1206.544165  -5371.481506   -203.265567  6  8  8 109       
PG17  12805.681468  22702.861723   5032.162889    649.670718  4  8  6  78       
PG18   5374.530665 -25275.688647   5632.675743   -647.689703  8 10  7  88       
PG19  17382.537023  19941.442824  -4374.055434    527.205259  5 10  4  72       
PG20  23487.692703    319.986231 -12181.876504    371.482399  3  8  1 101       
PG21 -15580.954383  12719.020208  17191.902050    103.219411  3  9  8  96       
PG22  16088.882514  11252.217440  18163.800927    -53.352731  4  5  4  66       
PG23   1302.861173 -15194.450246  21745.175159    301.744505  6  7  3  95       
PG24  14488.775553 -17079.426340  13520.238629   -486.472680  3  6  5 111       
PG25  11119.970392 -15782.954823 -18467.365284    499.382910  6  7  5 108       
PG26 -20271.737535  -6901.177766 -16098.127014     96.519681  4  7  7 105       
PG27 -20778.650215  -9208.817568  13793.157717    -33.245255  4  7  6 110       
PG28  -7430.095186 -18073.900434 -17998.621190   -380.138523  7  7  6 103       
PG29   2847.927043 -18247.688722 -19086.969806   -582.919393  5  7  4 112       
PG30   3188.731936  22233.685213  14117.008615   -336.455246  5  5  5  72       
PG31 -14132.662891  -6287.407312 -21806.613840   -225.656327  6  8  2 118       
PG32 -15406.004488 -21501.111678   3630.516783   -604.283927  3  7  5 110       
*  2024  8 20 18 45  0.00000000
PG01 -16355.412467  -9920.271889 -18933.622896 999999.999999                    
PG02 -13983.429936  16789.449652  15343.612578   -374.997578  6  3  5  93       
PG03 -20363.238060  12813.102892 -11291.346916    507.508923  4  5  6  92       
PG04 -10661.887962  10707.352296 -21826.229685    427.974269  5  7  6 115       
PG05  25808.268082  -4500.765623  -4789.474958   -183.857157  2  7  2  93       
PG06   7000.300727  18053.280006 -18067.860806     85.707562  4  9  5  86       
PG07  -5290.303277  25685.251543   2602.305837    -48.871882  5  8  4  92       
PG08 -18926.152148    333.018060  18687.300480    322.973599  5  5  3 114       
PG09    371.504466  18795.786052 -18828.580667    322.240230  2  8  5  98       
PG10 -10570.163281 -12019.931916  21467.097996    -99.769630  5  5  6 123       
PG11  14616.337376   3799.785428 -21820.546702   -724.215361  5  8  7  93       
PG12  22925.091131 -10368.697461  -8711.309660   -531.857078  2  5  4  97       
PG13  19659.951500   9500.939187  15065.186994    671.933867  4  4  4 109       
PG14   6261.723771  14464.571946  21437.381463    476.916240  4  6  5 100       
PG15  18584.743524  -2911.314005  18302.931997    194.841103  5  6  5 110       
PG16 -25605.619699  -1503.554588  -8064.738875   -203.256360  6  7  8  93       
PG17  12193.557193  22314.150137   7785.619084    649.661474  5  7  6  85       
PG18   5744.696650 -25659.879637   2790.442887   -647.692330  8 10  7  95       
PG19  17408.064021  20317.319088  -1556.808478    527.209764  5 10  4  71       
PG20  22154.526085   1121.350108 -14427.487836    371.482349  3  8  1  96       
PG21 -15332.922785  10701.449822  18845.370902    103.218919  3  9  8  92       
PG22  14028.420238  11651.291972  19622.034649    -53.356297  4  5  4  75       
PG23   3686.006595 -15731.549318  21059.742137    301.752260  6  7  3 101       
PG24  14395.014625 -15306.496038  15564.703207   -486.473093  3  6  5 114       
PG25  13076.510091 -16074.515243 -16807.228215    499.383082  7  6  5  91       
PG26 -18503.014854  -7640.264757 -17786.994784     96.512715  4  7  6 114       
PG27 -21644.778601 -10417.118755  11493.342322    -33.245572  4  7  6 115       
PG28  -6749.310227 -19914.986926 -16236.372181   -380.151788  8  7  6 108       
PG29   4315.991896 -16542.176039 -20338.892760   -582.917238  5  6  4 109       
PG30   2482.896561  23563.159426  11879.105136   -336.449046  5  6  4  82       
PG31 -13306.911567  -8578.722889 -21506.162891   -225.655687  6  7  2 121       
PG32 -14868.530412 -21255.055948   6402.345112   -604.281199  3  7  5 115       
*  2024  8 20 19  0  0.00000000
PG01 -14298.648967 -10586.074195 -20191.583122 999999.999999                    
PG02 -13865.697774  14987.231393  17283.373061   -374.990658  6  3  4  89       
PG03 -21488.640015  12958.282347  -8694.664885    507.521912  4  5  6  91       
PG04 -12396.285069   8916.374564 -21727.538430    427.980969  5  6  6 111       
PG05  25229.992422  -4084.683336  -7547.790801   -183.857793  2  7  2  95       
PG06   6388.008405  19930.547342 -16225.252260     85.685383  5  9  5  85       
PG07  -5619.404813  25686.617319   -256.372436    -48.866639  5  8  4 106       
PG08 -20368.342543  -1140.593863  17119.816893    322.986471  5  4  3 111       
PG09  -1340.831187  17390.048711 -20103.433786    322.254249  2  8  6 100       
PG10  -8237.408678 -12715.936121  22056.495578    -99.779774  5  5  6 113       
PG11  13903.831055   6192.503304 -21743.994699   -724.220162  5  8  7  92       
PG12  23767.656447 -10308.055954  -6019.845097   -531.859496  2  6  4  96       
PG13  20530.774696  10878.414009  12863.120271    671.935800  4  4  4 112       
PG14   3889.813285  15096.944495  21542.941765    476.924097  4  6  5  89       
PG15  20200.232010  -1557.456148  16749.238998    194.844878  5  7  5 107       
PG16 -24647.912110  -1890.196248 -10624.207417   -203.246921  7  7  8 105       
PG17  11360.802769  21733.329302  10405.617627    649.652972  5  6  6  69       
PG18   6008.210265 -25748.016223   -100.455085   -647.694995  8  9  7  85       
PG19  17249.798699  20448.508009   1286.507661    527.214468  6 10  4  75       
PG20  20647.311105   2094.682891 -16422.040910    371.482114  3  8  1 101       
PG21 -15162.441031   8517.682509  20174.122903    103.218751  3  9  7  87       
PG22  11853.856609  12183.171490  20751.135923    -53.359743  4  5  3  68       
PG23   5944.121784 -16369.851012  20011.277329    301.760031  6  7  3  93       
PG24  14350.766832 -13314.013460  17328.507266   -486.473512  4  5  5 116       
PG25  14826.080227 -16405.589212 -14861.776231    499.383263  7  6  5 105       
PG26 -16609.527037  -8524.462748 -19177.190392     96.505766  4  7  6 102       
PG27 -22377.100517 -11387.101802   8997.216908    -33.245891  3  6  6 112       
PG28  -6211.716779 -21578.938864 -14194.911444   -380.164951  8  7  6  96       
PG29   5953.159499 -14827.220663 -21241.212655   -582.915135  4  6  4 109       
PG30   1904.817204  24669.808330   9435.493088   -336.442839  5  6  4  63       
PG31 -12613.500787 -10861.360644 -20841.655296   -225.655135  7  7  2 120       
PG32 -14098.948301 -20826.507433   9065.929397   -604.278470  3  7  5 114       
*  2024  8 20 19 15  0.00000000
PG01 -12163.649464 -11397.563748 -21115.480925 999999.999999                    
PG02 -13823.743551  12986.188217  18932.023133   -374.983780  5  4  4 104       
PG03 -22319.529319  13064.417420  -5948.302270    507.534920  3  5  6  92       
PG04 -14198.097763   7242.493329 -21254.839792    427.987682  5  6  6 110       
PG05  24394.065985  -3523.533187 -10177.514974   -183.858855  2  7  2 101       
PG06   5926.423097  21617.693203 -14100.950472     85.663159  5  9  5  97       
PG07  -5892.788969  25381.963947  -3110.451185    -48.861719  6  8  5 100       
PG08 -21730.684291  -2415.324442  15260.074575    322.999323  4  4  4 102       
PG09  -3219.903128  15997.407973 -21034.490257    322.268297  2  7  6 103       
PG10  -5902.498534 -13559.185745  22274.744436    -99.789837  5  5  6 112       
PG11  13325.925143   8589.776492 -21292.525416   -724.224890  6  9  8 101       
PG12  24315.248254 -10206.242741  -3225.223536   -531.862439  2  6  4  72       
PG13  21300.787387  12007.374793  10439.593402    671.938150  5  5  4 110       
PG14   1558.558766  15844.222635  21279.154196    476.931981  4  6  5  77       
PG15  21709.509695   -387.954854  14898.236941    194.848928  4  7  5 114       
PG16 -23446.297974  -2395.567031 -13007.792081   -203.237732  7  6  8  95       
PG17  10296.468759  20999.536608  12848.161747    649.644313  5  5  6  79       
PG18   6201.336429 -25527.157277  -2989.597806   -647.697654  8  9  7  92       
PG19  16878.571415  20358.800643   4108.210311    527.218985  6  9  4  79       
PG20  19009.037032   3247.281794 -18130.931536    371.481487  3  8  2 100       
PG21 -15093.420217   6209.217310  21158.684429    103.218345  4  9  7 100       
PG22   9611.048787  12854.042162  21533.600858    -53.363678  4  5  3  59       
PG23   8036.295503 -17081.457328  18617.241433    301.767844  7  6  4  89       
PG24  14383.017870 -11137.515505  18779.672383   -486.473965  4  5  5 112       
PG25  16342.437944 -16741.833242 -12662.946448    499.383458  7  6  5 102       
PG26 -14633.729879  -9556.082250 -20244.839770     96.498804  5  6  6 106       
PG27 -22937.271848 -12127.370702   6348.126799    -33.246233  3  6  6  88       
PG28  -5798.388291 -23026.634604 -11909.310532   -380.178224  8  7  6  86       
PG29   7736.819117 -13145.995138 -21778.839704   -582.912884  4  6  4  99       
PG30   1430.627041  25522.831526   6828.052700   -336.436620  6  7  3  62       
PG31 -12056.172667 -13088.133134 -19823.046942   -225.654776  7  7  3 124       
PG32 -13085.885810 -20252.788540  11576.511268   -604.275739  3  7  5 113       
*  2024  8 20 19 30  0.00000000
PG01  -9995.363786 -12351.928316 -21689.681712 999999.999999                    
PG02 -13882.989224  10824.271236  20263.501771   -374.976754  4  4  4 107       
PG03 -22852.104044  13090.662068  -3099.312553    507.547910  3  5  6  89       
PG04 -16027.074189   5713.715692 -20416.692347    427.994393  5  5  6 103       
PG05  23332.597177  -2792.827617 -12634.156984   -183.860337  1  7  2  94       
PG06   5593.924994  23074.238239 -11731.821015     85.640962  6  9  5  90       
PG07  -6146.604682  24767.703385  -5908.980141    -48.856465  6  8  5  92       
PG08 -22970.709621  -3488.299423  13140.721821    323.012200  3  4  4  98       
PG09  -5237.436723  14655.999974 -21606.119821    322.282335  2  7  6 109       
PG10  -3612.919276 -14535.698388  22117.248234    -99.799975  5  5  6 113       
PG11  12887.617751  10942.596419 -20474.129393   -724.229589  6  9  8  92       
PG12  24567.323343 -10025.162873   -375.159565   -531.864809  2  7  4  84       
PG13  21928.705322  12889.864421   7836.916689    671.940041  5  6  4 112       
PG14   -688.202335  16688.061862  20649.863826    476.939846  4  6  5  92       
PG15  23070.057355    598.160971  12784.128627    194.852860  4  7  5 102       
PG16 -22033.275634  -3043.444933 -15176.345276   -203.228202  8  6  8 107       
PG17   8997.682316  20154.586971  15072.691912    649.635153  5  3  6  62       
PG18   6362.395121 -24993.441739  -5826.575842   -647.700296  8  9  7 108       
PG19  16271.298881  20078.040169   6860.771930    527.223632  6  9  4  78       
PG20  17284.878194   4578.322338 -19524.605296    371.481484  4  8  2  92       
PG21 -15142.670505   3821.026791  21785.735534    103.217889  4  9  6 106       
PG22   7346.608672  13662.255729  21957.659365    -53.367101  4  5  3  69       
PG23   9927.703853 -17832.513782  16901.153633    301.775645  7  6  4  94       
PG24  14512.860529  -8818.443359  19892.111659   -486.474363  4  5  5 113       
PG25  17606.745883 -17045.772011 -10247.260449    499.383605  8  6  4  91       
PG26 -12618.924775 -10729.832395 -20971.291644     96.491904  5  6  5 115       
PG27 -23290.790369 -12654.325063   3591.581825    -33.246597  3  6  6  94       
PG28  -5484.026053 -24224.641843  -9418.848985   -380.191458  8  7  5  94       
PG29   9637.119166 -11537.711651 -21942.957145   -582.910827  4  6  4  94       
PG30   1031.547810  26098.181258   4101.761084   -336.430415  6  7  3  85       
PG31 -11630.791101 -15212.253993 -18466.332438   -225.654574  7  7  3 114       
PG32 -11825.989841 -19573.874622  13892.012914   -604.273068  3  7  5 124       
*  2024  8 20 19 45  0.00000000
PG01  -7838.232222 -13438.564037 -21904.085538 999999.999999                    
PG02 -14062.199643   8543.874950  21257.163269   -374.970049  4  5  4 112       
PG03 -23091.691619  12997.311897   -196.740078    507.560911  2  5  7  95       
PG04 -17839.486526   4350.589718 -19227.904003    428.001129  5  5  6 101       
PG05  22083.204083  -1874.769526 -14876.285833   -183.861574     7  1  96       
PG06   5362.318144  24266.052925  -9159.016621     85.618820  6  9  5  91       
PG07  -6417.133906  23849.568018  -8601.454531    -48.851300  7  8  5  99       
PG08 -24047.735862  -4364.803800  10798.540248    323.025158  3  4  5 101       
PG09  -7358.733913  13399.095573 -21808.807741    322.296460  2  6  7  98       
PG10  -1413.399887 -15623.590629  21585.614592    -99.810022  5  5  6 121       
PG11  12585.684801  13202.463122 -19303.114549   -724.234360  6  9  8  98       
PG12  24532.005654  -9728.255680   2481.350788   -531.867442  2  7  4  75       
PG13  22375.957607  13536.447409   5100.181846    671.941490  6  7  3 110       
PG14  -2810.435312  17603.296725  19665.206867    476.947752  4  6  5  99       
PG15  24242.427218   1409.902697  10445.493891    194.856663  3  7  5 104       
PG16 -20446.332935  -3851.256959 -17094.218713   -203.218736  8  6  7 100       
PG17   7469.863777  19241.309049  17042.680383    649.626220  5  2  6  82       
PG18   6530.052621 -24152.296156  -8561.907194   -647.702908  8  8  7 109       
PG19  15412.032815  19640.916156   9497.569019    527.228268  6  8  4  58       
PG20  15520.502316   6078.708256 -20579.075289    371.480880  4  8  3  86       
PG21 -15319.350360   1399.992479  22048.091693    103.217262  5  9  6 105       
PG22   5106.341128  14598.349001  22017.368068    -53.370896  3  5  2  84       
PG23  11590.786285 -18584.533653  14892.220626    301.783415  7  6  5 103       
PG24  14754.528693  -6402.632098  20646.158329   -486.474776  4  5  5 115       
PG25  18608.189619 -17278.314377  -7655.288424    499.383784  8  6  4  89       
PG26 -10607.769070 -12032.843957 -21343.454881     96.484920  5  6  5 102       
PG27 -23408.323480 -12991.285694    774.482979    -33.246924  3  5  6  95       
PG28  -5238.112245 -25146.414415  -6766.342090   -380.204726  9  7  5  75       
PG29  11617.963624 -10036.233845 -21731.142935   -582.908626  4  6  4  99       
PG30    675.201510  26379.500068   1303.912303   -336.424248  6  7  3  79       
PG31 -11325.546750 -17188.960876 -16793.374183   -225.654073  7  6  4 105       
PG32 -10324.206259 -18830.809923  15973.686243   -604.270371  4  7  6 126       
*  2024  8 20 20  0  0.00000000
PG01  -5734.705038 -14639.332953 -21754.312877 999999.999999                    
PG02 -14372.768773   6190.397331  21897.983343   -374.962993  4  5  3 114       
PG03 -23052.467517  12747.522005   2709.224656    507.573896  2  5  6 102       
PG04 -19589.708178   3165.595591 -17709.251527    428.007792  4  4  6  95       
PG05  20687.584227   -759.100583 -16866.185745   -183.862753  1  7  1  99       
PG06   5198.113021  25166.594674  -6427.242468     85.596573  6  9  5  89       
PG07  -6739.098157  22642.557687 -11138.847914    -48.845993  7  7  5  95       
PG08 -24924.367489  -5057.832621   8273.794036    323.038031  2  4  5  95       
PG09  -9543.824437  12253.914173 -21639.296278    322.310501  2  6  6  96       
PG10    655.611554 -16793.793140  20687.699823    -99.820042  5  6  6 113       
PG11  12408.901618  15323.077524 -17799.845170   -724.239112  6 10  8 106       
PG12  24225.749053  -9282.112580   5294.867653   -531.870106  1  7  4  75       
PG13  22608.210757  13965.561989   2276.467500    671.943364  7  8  3 115       
PG14  -4773.268476  18558.854944  18341.484218    476.955607  4  7  5  92       
PG15  25191.716294   2063.667220   7924.474135    194.860524  3  7  5 111       
PG16 -18726.635438  -4829.279733 -18729.768092   -203.209285  9  6  7  98       
PG17   5726.633825  18301.884218  18726.139381    649.617612  5  2  6  81       
PG18   6741.603166 -23018.284545 -11147.935574   -647.705556  8  7  7  65       
PG19  14292.761568  19085.579924  11973.633580    527.232870  6  7  4  72       
PG20  13760.375510   7731.254004 -21276.334074    371.480880  5  8  3  97       
PG21 -15624.726340  -1006.678258  21944.589854    103.216735  6  9  5 111       
PG22   2933.733822  15645.352553  21712.626338    -53.374375  4  5  2  85       
PG23  13006.145783 -19295.924789  12624.857849    301.791176  7  5  5  87       
PG24  15114.740570  -3938.621792  21028.939688   -486.475159  4  6  6 115       
PG25  19344.302189 -17400.367040  -4931.023209    499.383933  8  6  4  99       
PG26  -8640.808785 -13444.981640 -21354.061049     96.477955  6  6  5 100       
PG27 -23266.837545 -13167.382021  -2055.645045    -33.247259  4  5  5  79       
PG28  -5026.271207 -25773.235608  -3997.406743   -380.217918  9  7  5  62       
PG29  13638.251465  -8668.909110 -21147.383992   -582.906638  4  6  4  76       
PG30    327.079000  26358.773379  -1516.721877   -336.418101  7  7  3  62       
PG31 -11121.468812 -18977.090521 -14831.628693   -225.653658  7  6  4  97       
PG32  -8593.757318 -18064.103311  17786.706601   -604.267670  5  7  6 128       
*  2024  8 20 20 15  0.00000000
PG01  -3723.830277 -15929.100844 -21241.822573 999999.999999                    
PG02 -14818.291624   3810.719483  22176.683467   -374.956052  4  6  3 111       
PG03 -22756.835576  12308.932626   5568.125107    507.586878  4  5  6  98       
PG04 -21231.869280   2162.855727 -15887.102056    428.014478  4  4  7 103       
PG05  19189.951898    556.338413 -18570.446414   -183.863945  2  7  2  98       
PG06   5064.022975  25757.857099  -3583.956659     85.574364  7  9  4  89       
PG07  -7144.007664  21170.502349 -13474.648240    -48.840783  7  7  5  99       
PG08 -25567.873210  -5587.359156   5609.542513    323.050817  4  5  5 103       
PG09 -11748.820116  11240.681367 -21100.625018    322.324546  1  5  6 106       
PG10   2559.322227 -18011.053431  19437.559858    -99.830207  6  6  6 113       
PG11  12338.585231  17261.951672 -15990.377599   -724.243900  7 10  8 105       
PG12  23672.682558  -8657.995517   8016.375583   -531.872949  2  7  4  92       
PG13  22596.727749  14202.585574   -585.968020    671.945338  8  8  4 108       
PG14  -6548.160239  19518.919878  16700.926050    476.963490  4  7  5 108       
PG15  25888.843169   2582.296196   5265.919718    194.864375  3  7  5 113       
PG16 -16917.598378  -5980.097577 -20055.808575   -203.199849  9  6  7 114       
PG17   3789.422058  17376.248061  20096.042423    649.608631  5  3  6  98       
PG18   7031.311765 -21614.606804 -13539.691558   -647.708211  8  7  7 100       
PG19  12913.931528  18452.128663  14246.397671    527.237448  5  6  4  86       
PG20  12046.131286   9511.192059 -21604.652933    371.479994  6  8  4  97       
PG21 -16052.235799  -3352.998961  21479.895323    103.216227  6  9  5 106       
PG22    868.547609  16779.373572  21049.120113    -53.378074  4  5  2  92       
PG23  14163.135753 -19923.660069  10138.109283    301.798933  7  5  5  99       
PG24  15592.379517  -1475.867228  21034.587557   -486.475550  4  6  6 117       
PG25  19820.976129 -17374.485080  -2121.169440    499.384084  8  6  4 101       
PG26  -6755.086365 -14939.438904 -21001.845569     96.470984  6  6  5 106       
PG27 -22850.492688 -13216.247254  -4851.405359    -33.247600  4  6  5  91       
PG28  -4811.785738 -26094.871559  -1159.677850   -380.231162  9  8  5  81       
PG29  15653.311422  -7455.663739 -20201.984601   -582.904719  3  6  4  71       
PG30    -47.893318  26036.666602  -4310.774467   -336.411954  7  7  2  81       
PG31 -10993.230678 -20540.545474 -12613.767763   -225.653137  7  6  4 107       
PG32  -6655.818962 -17312.161177  19300.705570   -604.264958  5  7  7 127       
*  2024  8 20 20 30  0.00000000
PG01  -1839.957971 -17276.541182 -20373.957675 999999.999999                    
PG02 -15394.429438   1451.657073  22089.779290   -374.949128  4  7  4 113       
PG03 -22234.490989  11655.135951   8330.137994    507.599920  4  6  6  99       
PG04 -22721.527371   1338.172179 -13792.944366    428.021226  4  4  7  93       
PG05  17635.401070   2065.354013 -19960.481576   -183.865000  4  8  3 104       
PG06   4920.613761  26030.994150   -678.521799     85.552158  7  8  4  90       
PG07  -7658.631118  19465.249758 -15565.864926    -48.835588  7  7  5  99       
PG08 -25951.390413  -5979.352315   2850.927148    323.063669  4  5  5  85       
PG09 -13927.421713  10371.964447 -20202.070423    322.338593     5  6  98       
PG10   4269.767506 -19235.194794  17855.302660    -99.840305  6  6  6 101       
PG11  12349.434975  18981.875766 -13905.999710   -724.248658  7 10  8 101       
PG12  22903.658283  -7833.192863  10598.166655   -531.875204  2  7  4  98       
PG13  22319.513850  14278.654143  -3438.493192    671.947358  9  9  4  98       
PG14  -8113.826352  20444.298830  14771.348229    476.971307  4  7  5  98       
PG15  26311.582918   2993.897827   2516.523154    194.868268  4  7  5 103       
PG16 -15063.389283  -7298.336201 -21050.018703   -203.190393  9  7  6 117       
PG17   1686.797493  16500.609323  21130.660143    649.600119  5  4  5  86       
PG18   7428.886216 -19972.266653 -15695.698831   -647.710917  8  6  7  66       
PG19  11284.663926  17781.011816  16276.420479    527.242386  5  5  4  83       
PG20  10415.067715  11386.983970 -21558.764199    371.480173  7  8  4  92       
PG21 -16587.835546  -5595.665267  20664.244741    103.216173  7 10  5 108       
PG22  -1054.447854  17970.429953  20038.197649    -53.381579  4  5  2  91       
PG23  15060.108239 -20425.025793   7474.974777    301.806686  7  5  6  91       
PG24  16178.523625    937.072724  20664.283123   -486.475927  4  6  6 113       
PG25  20052.155060 -17166.494280    725.643799    499.384226  8  6  4 108       
PG26  -4982.874761 -16483.598609 -20291.640988     96.464021  6  5  5 111       
PG27 -22151.276117 -13174.571898  -7566.256214    -33.247946  4  6  5  84       
PG28  -4557.209108 -26109.909407   1698.011267   -380.244408  9  8  4  84       
PG29  17616.477466  -6408.393167 -18911.372073   -582.902441  3  6  5  68       
PG30   -483.753017  25422.529206  -7029.190742   -336.405818  7  6  2  78       
PG31 -10910.224625 -21849.593756 -10177.194186   -225.652635  7  6  5 102       
PG32  -4538.910159 -16609.812983  20490.237960   -604.262222  5  7  7 128       
*  2024  8 20 20 45  0.00000000
PG01   -111.606439 -18645.182444 -19163.914365 999999.999999                    
PG02 -16089.066449   -841.565494  21639.558661   -374.942134  5  7  5 116       
PG03 -21521.200431  10766.922682  10946.974148    507.613029  5  6  6 106       
PG04 -24017.290049    679.387317 -11462.838832    428.027905  5  4  7  95       
PG05  16068.253720   3753.461336 -21012.970724   -183.866220  5  8  3 105       
PG06   4728.039211  25986.595198   2238.675422     85.529903  7  8  4 100       
PG07  -8303.660671  17565.507265 -17373.973588    -48.830547  6  6  4  98       
PG08 -26054.916408  -6264.582934     44.443115    323.076544  5  6  5 100       
PG09 -16032.522596   9652.309527 -18958.986175    322.352647  1  4  6  98       
PG10   5766.735746 -20422.589757  15966.838455    -99.850430  6  7  7 104       
PG11  12410.637537  20452.186560 -11582.682798   -724.253371  7 10  8 107       
PG12  21955.035261  -6792.154360  12994.720676   -531.878022  3  7  4  93       
PG13  21762.210016  14229.283898  -6232.897068    671.949171 10  9  5 113       
PG14  -9456.889235  21293.945710  12585.703607    476.979152  4  7  4 112       
PG15  26445.327222   3330.487160   -276.041412    194.872265  5  7  5 112       
PG16 -13207.410191  -8770.682132 -21695.289864   -203.181198  9  7  6 121       
PG17   -546.450138  15706.135049  21813.813098    649.591165  5  4  5 102       
PG18   7958.140461 -18128.943720 -17578.709357   -647.713616  8  6  7  91       
PG19   9422.652705  17111.417540  18028.086172    527.246656  4  5  4  94       
PG20   8898.831069  13321.402067 -21139.925006    371.479411  7  8  5  95       
PG21 -17210.611947  -7695.387785  19513.138540    103.215078  8 10  6 102       
PG22  -2806.553724  19183.505826  18696.680573    -53.385272  4  5  2 101       
PG23  15704.311620 -20759.378106   4681.656372    301.814450  7  5  6  80       
PG24  16856.817904   3254.285791  19926.140356   -486.476321  4  6  6 116       
PG25  20059.209615 -16747.018464   3559.715125    499.384350  8  6  4 111       
PG26  -3350.586034 -18040.132813 -19234.376271     96.457088  6  5  5 116       
PG27 -21169.356497 -13080.569064 -10155.207478    -33.248273  4  6  5  98       
PG28  -4226.009637 -25825.767026   4526.470270   -380.257692  9  8  5  67       
PG29  19480.745608  -5530.668176 -17297.804040   -582.900589  2  6  5  68       
PG30  -1011.934178  24534.062136  -9624.140948   -336.399681  7  5  2  69       
PG31 -10837.868977 -22881.946880  -7563.454466   -225.652347  7  6  5 112       
PG32  -2278.015884 -15986.981490  21335.178584   -604.259496  5  6  7 126       
*  2024  8 20 21  0  0.00000000
PG01   1439.467420 -19994.667501 -17630.628850 999999.999999                    
PG02 -16882.748164  -3026.769471  20833.994120   -374.935312  6  8  5 110       
PG03 -20657.346033   9633.254892  13372.762367    507.626083  6  6  6 113       
PG04 -25082.328701    167.051637  -8936.795950    428.034594  6  5  7  98       
PG05  14530.453207   5598.256964 -21710.219718   -183.867595  6  8  4 114       
PG06   4447.792886  25634.601400   5117.119189     85.507597  7  8  3 102       
PG07  -9092.638865  15515.385832 -18865.765939    -48.825531  6  6  4 101       
PG08 -25866.053994  -6477.264697  -2762.795346    323.089386  6  6  5 108       
PG09 -18017.849971   9078.192860 -17392.546996    322.366710  2  4  6  96       
PG10   7038.405810 -21527.796935  13803.525472    -99.860577  6  7  7 104       
PG11  12487.192567  21649.789577  -9060.455844   -724.258058  7  9  8 110       
PG12  20867.244214  -5527.354130  15163.563394   -531.880886  3  7  3  88       
PG13  20918.704668  14092.849205  -8922.159626    671.951401 10  9  5 107       
PG14 -10572.221713  22026.579413  10181.533619    476.986981  5  7  4 106       
PG15  26283.549573   3626.505104  -3063.954928    194.876083  6  8  5 108       
PG16 -11390.809429 -10376.189763 -21980.017732   -203.171705  9  7  6 121       
PG17  -2870.442522  15017.843447  22135.044734    649.582207  5  5  5  94       
PG18   8635.903063 -16127.616409 -19156.353430   -647.716269  8  7  7  94       
PG19   7353.740202  16479.699645  19470.259742    527.251221  4  5  3 101       
PG20   7522.336134  15272.838123 -20355.863286    371.479222  7  8  5 118       
PG21 -17893.622266  -9618.060593  18046.994018    103.214525  8 10  6 107       
PG22  -4366.003203  20379.792676  17046.612862    -53.388867  4  5  2 105       
PG23  16111.440223 -20889.836256   1806.737467    301.822193  7  5  7  76       
PG24  17604.166475   5434.121866  18834.938019   -486.476671  4  6  6 111       
PG25  19870.016045 -16092.846154   6331.172704    499.384485  8  6  5 114       
PG26  -1877.897739 -19568.305558 -17846.976759     96.450115  6  5  6 107       
PG27 -19913.151324 -12972.406204 -12575.481018    -33.248630  4  6  5 104       
PG28  -3784.183294 -25258.373849   7277.000336   -380.270920  9  8  5  60       
PG29  21200.450005  -4817.766162 -15388.982966   -582.898733  3  7  6  81       
PG30  -1659.799400  23396.659577 -12049.917512   -336.393562  7  5  2  66       
PG31 -10739.100144 -23623.568396  -4817.554088   -225.651928  6  7  5 104       
PG32     86.525911 -15467.544710  21821.044733   -604.256777  5  6  7 126       
*  2024  8 20 21 15  0.00000000
PG01   2798.957203 -21282.185691 -15798.577161 999999.999999                    
PG02 -17749.383306  -5066.159362  19686.593772   -374.928211  7  8  6 111       
PG03 -19686.290505   8251.922364  15564.897295    507.639169  6  6  6 112       
PG04 -25885.726876   -224.628757  -6258.094057    428.041269  7  6  7  92       
PG05  13060.060298   7570.089683 -22040.436797   -183.869039  7  9  4 110       
PG06   4044.405260  24993.868221   7907.056589     85.485337  7  7  3  94       
PG07 -10031.201732  13362.711126 -20014.075261    -48.820406  6  6  4 108       
PG08 -25380.487660  -6653.579989  -5523.787414    323.102250  6  6  5 110       
PG09 -19839.583176   8638.287564 -15529.399720    322.380742  3  4  6 103       
PG10   8081.667722 -22505.302094  11401.710853    -99.870794  6  7  6 107       
PG11  12541.406660  22559.897170  -6382.713321   -724.262802  7  9  8 105       
PG12  19683.188897  -4039.841019  17066.082799   -531.883548  4  7  3  78       
PG13  19791.445186  13908.974507 -11461.189425    671.953225 10  9  6 112       
PG14 -11462.969357  22602.334290   7600.328103    476.994799  5  6  4 111       
PG15  25827.968001   3917.277680  -5800.052152    194.879918  7  8  5  96       
PG16  -9651.072694 -12086.869362 -21898.331267   -203.162267  9  6  5 122       
PG17  -5241.517059  14453.738143  22089.717917    649.573462  5  5  4  94       
PG18   9471.213873 -14014.991960 -20401.692921   -647.718965  8  7  7  80       
PG19   5111.179205  15917.905896  20576.887206    527.256193  3  5  3  82       
PG20   6302.963334  17196.786692 -19220.609227    371.479086  8  8  5 100       
PG21 -18604.932765 -11335.735986  16290.767694    103.214201  9 10  6 105       
PG22  -5718.577232  21518.075117  15114.949577    -53.392405  4  5  2 106       
PG23  16304.852808 -20784.843332  -1099.689240    301.829963  7  5  6  88       
PG24  18391.707721   7440.607213  17411.715080   -486.477036  5  6  6 109       
PG25  19517.769345 -15188.075189   8990.907499    499.384630  8  6  5  96       
PG26   -577.133621 -21025.433715 -16152.160588     96.443106  6  4  5 105       
PG27 -18399.108448 -12886.657510 -14787.130747    -33.249019  5  6  5  93       
PG28  -3201.770954 -24431.535075   9902.234936   -380.284139  8  7  5  52       
PG29  22732.895953  -4257.024510 -13217.584536   -582.896843  4  7  6  80       
PG30  -2449.334106  22042.450397 -14263.795876   -336.387439  7  4  1  83       
PG31 -10575.992346 -24069.174465  -1987.184371   -225.651594  6  7  5  92       
PG32   2510.335163 -15068.430264  21939.240475   -604.254061  4  5  7 129       
*  2024  8 20 21 30  0.00000000
PG01   3960.425447 -22464.030660 -13697.483293 999999.999999                    
PG02 -18657.184547  -6927.502403  18216.193450   -374.921098  8  8  6 111       
PG03 -18652.628990   6629.852318  17484.832610    507.652303  6  6  6 114       
PG04 -26403.613349   -526.602630  -3472.547507    428.047929  8  7  6 108       
PG05  11689.905572   9633.005094 -21997.921203   -183.869952  7  9  5 116       
PG06   3487.018682  24091.393239  10560.369642     85.463038  6  7  3  97       
PG07 -11116.676289  11157.179694 -20798.352686    -48.815106  6  6  4 113       
PG08 -24602.175906  -6830.143883  -8192.368381    323.115121  7  7  6 115       
PG09 -21457.889257   8314.035367 -13401.226482    322.394845  4  4  6 103       
PG10   8902.108034 -23311.297963   8802.168714    -99.880940  6  7  6 107       
PG11  12534.497288  23176.455489  -3595.468631   -724.267569  7  9  8 101       
PG12  18446.547971  -2339.447970  18668.283442   -531.886074  4  6  3  77       
PG13  18391.441304  13716.899597 -13807.520556    671.954857 10  9  6 108       
PG14 -12140.248442  22984.376741   4886.803782    477.002631  5  6  4 106       
PG15  25088.409416   4237.475777  -8438.571477    194.883758  8  8  5 102       
PG16  -8020.741878 -13868.540792 -21450.254012   -203.152959  9  6  5 125       
PG17  -7613.657897  14024.209220  21679.038251    649.565103  5  5  4  97       
PG18  10464.839609 -11839.807322 -21293.668706   -647.721637  8  7  7  99       
PG19   2734.602179  15452.466774  21327.525995    527.260848  3  5  2  88       
PG20   5250.061363  19047.444492 -17754.217498    371.478538  8  7  5 114       
PG21 -19308.816058 -12827.382576  14273.553231    103.213511  9 10  6 107       
PG22  -6857.954587  22556.216187  12933.186505    -53.395971  5  5  2  95       
PG23  16314.490836 -20419.529973  -3986.927439    301.837767  7  6  6  89       
PG24  19186.023580   9244.602986  15683.248025   -486.477380  5  7  6 108       
PG25  19039.575641 -14024.981420  11491.516836    499.384794  8  6  5  91       
PG26    547.073316 -22368.453368 -14178.128971     96.436082  6  4  5 105       
PG27 -16651.211661 -12856.829385 -16753.618835    -33.249384  5  5  5 104       
PG28  -2454.220564 -23376.003852  12356.958073   -380.297416  8  7  5  61       
PG29  24039.889138  -3828.501289 -10820.707549   -582.894530  5  7  6  84       
PG30  -3396.059394  20509.077975 -16226.838688   -336.381367  7  4  1  86       
PG31 -10311.440188 -24222.399554    878.126436   -225.651312  6  7  6  90       
PG32   4946.453482 -14798.975306  21687.219053   -604.251366  4  5  7 127       
*  2024  8 20 21 45  0.00000000
PG01   4925.429711 -23497.230477 -11361.932113 999999.999999                    
PG02 -19569.816872  -8585.113460  16446.692034   -374.914432  8  8  7 113       
PG03 -17600.398718   4783.056750  19098.801571    507.665430  6  6  5 114       
PG04 -26620.038149   -773.588459   -627.737004    428.054539  9  8  6 106       
PG05  10446.446461  11745.930740 -21583.162117   -183.871100  7  8  5 118       
PG06   2750.777830  22961.241599  13031.411150     85.440758  6  6  2  97       
PG07 -12338.052090   8948.446715 -21205.075895    -48.810044  6  6  4 108       
PG08 -23543.254593  -7042.460775 -10723.915539    323.127976  7  7  6 105       
PG09 -22838.318877   8080.501890 -11044.225987    322.408935  5  4  6  91       
PG10   9513.654157 -23905.433308   6049.440172    -99.891104  5  7  6 109       
PG11  12428.244284  23502.245337   -746.566045   -724.272306  7  8  7 101       
PG12  17200.047095   -444.646372  19941.459407   -531.889225  5  6  2  84       
PG13  16737.962906  13553.877105 -15921.961970    671.956606 10  8  6 116       
PG14 -12622.529835  23140.422243   2088.114251    477.010456  6  6  3 109       
PG15  24082.390122   4619.632259 -10935.848096    194.887504  8  8  5 102       
PG16  -6526.307324 -15681.929034 -20641.791716   -203.143209  9  5  4 122       
PG17  -9940.005506  13731.717864  20910.007021    649.555822  4  6  4  97       
PG18  11609.125752  -9651.068798 -21817.435933   -647.724326  8  8  7 101       
PG19    268.730582  15103.099645  21707.791209    527.265488  3  5  1  94       
PG20   4364.771648  20779.363292 -15982.387427    371.478008  8  7  6 113       
PG21 -19967.068283 -14079.410105  12028.158886    103.213241  9 10  7 103       
PG22  -7785.783885  23452.693843  10536.931442    -53.399861  5  5  2 103       
PG23  16175.540267 -19776.824431  -6804.597723    301.845511  7  6  7  95       
PG24  19950.525595  10824.667631  13681.430870   -486.477715  5  7  6 112       
PG25  18474.879972 -12604.568245  13788.235144    499.384993  8  5  5  90       
PG26   1497.817342 -23555.533231 -11958.149807     96.429077  6  5  6 113       
PG27 -14700.228472 -12912.008379 -18442.345026    -33.249732  5  5  5 106       
PG28  -1523.540465 -22128.297358  14598.885606   -380.310669  7  7  4  81       
PG29  25089.104516  -3505.917276  -8239.253867   -582.892798  5  7  7  91       
PG30  -4508.210295  18838.268786 -17904.624495   -336.375266  7  4  2  59       
PG31  -9910.834267 -24095.614007   3727.921668   -225.651057  6  8  6 100       
PG32   7346.910442 -14660.576477  21068.559847   -604.248638  3  4  7 110       
*  2024  8 20 22  0  0.00000000
PG01   5703.344139 -24341.191271  -8830.885123 999999.999999                    
PG02 -20447.716779 -10020.614337  14406.730801   -374.907317  9  8  7 111       
PG03 -16571.319918   2736.216891  20378.448528    507.678536  6  6  5 117       
PG04 -26527.559458  -1002.546980   2227.785875    428.061187 10  8  6 101       
PG05   9348.870134  13864.060076 -20802.846258   -183.871952  7  8  5 118       
PG06   1817.981290  21643.213158  15277.789386     85.418469  5  6  2 104       
PG07 -13676.326752   6784.235013 -21227.979284    -48.804637  6  5  4 118       
PG08 -22223.655511  -7323.427938 -13076.030620    323.140823  8  6  5 107       
PG09 -23953.010490   7907.483442  -8498.519893    322.423016  5  5  6  92       
PG10   9937.885583 -24252.460448   3191.083279    -99.901325  5  6  6 106       
PG11  12186.624885  23548.654364   2115.135489   -724.277156  6  8  7  99       
PG12  15983.773478   1617.953245  20862.768013   -531.891820  5  6  2  82       
PG13  14857.945205  13453.659248 -17769.193240    671.958709 10  8  6 104       
PG14 -12934.732313  23044.090428   -746.993571    477.018270  6  5  3 105       
PG15  22834.436059   5092.768137 -13250.945588    194.891485  9  8  5 106       
PG16  -5187.315239 -17483.969073 -19484.939722   -203.134162  9  4  4 121       
PG17 -12174.394933  13570.772853  19795.305950    649.547218  2  6  4  99       
PG18  12888.188266  -7496.299844 -21964.583468   -647.726941  8  8  8 103       
PG19  -2238.131290  14881.976515  21709.703869    527.270166  4  5  2  95       
PG20   3640.178187  22349.092424 -13935.989938    371.477509  8  6  6 117       
PG21 -20540.405357 -15085.950256   9590.666418    103.212698  9 10  7 103       
PG22  -8511.473017  24168.138105   7965.417634    -53.403575  5  5  2  97       
PG23  15926.891595 -18848.262703  -9503.553573    301.853209  7  7  7  93       
PG24  20646.955167  12167.597686  11442.579789   -486.478103  5  7  6 109       
PG25  17863.794735 -10936.767020  15839.827504    499.385172  8  5  5  99       
PG26   2285.649474 -24547.672587  -9530.036639     96.422145  6  5  5 108       
PG27 -12582.725788 -13075.676764 -19825.126059    -33.250078  6  5  5  92       
PG28   -399.198233 -20729.302671  16589.395928   -380.323867  6  7  4  80       
PG29  25855.244050  -3257.843044  -5517.247776   -582.890661  5  7  7  95       
PG30  -5786.214721  17074.249433 -19267.884205   -336.369116  7  4  2  89       
PG31  -9343.658063 -23709.395172   6511.764956   -225.650628  6  8  6  98       
PG32   9664.337897 -14646.644871  20092.956605   -604.245954  3  4  6 114       
*  2024  8 20 22 15  0.00000000
PG01   6310.875267 -24959.292112  -6147.099374 999999.999999                    
PG02 -21249.540652 -11223.442570  12129.316937   -374.900547 10  8  8 110       
PG03 -15603.140524    521.919763  21301.356957    507.691686  7  6  5 118       
PG04 -26127.520027  -1251.069838   5045.307769    428.067906 11  9  6 104       
PG05   8408.475145  15940.386552 -19669.772965   -183.873059  7  8  6  70       
PG06    678.949931  20181.305132  17261.088227     85.396186  5  6  2  99       
PG07 -15105.205927   4708.552614 -20868.102581    -48.799562  6  5  4 112       
PG08 -20670.453547  -7701.938478 -15209.192393    323.153684  8  6  6 106       
PG09 -24781.657390   7760.823943  -5807.492503    322.437109  6  5  6  73       
PG10  10203.034025 -24323.712070    276.844106    -99.911490  5  6  6  98       
PG11  11777.369227  23335.130507   4940.592994   -724.281851  6  7  7  98       
PG12  14833.604298   3814.437091  21415.688593   -531.894146  5  6  1  91       
PG13  12785.123598  13445.126981 -19318.301542    671.960649 10  8  6 107       
PG14 -13107.061196  22676.041811  -3569.059668    477.026121  7  5  3  99       
PG15  21375.173727   5681.173166 -15346.223291    194.895473  9  8  5 109       
PG16  -4015.726388 -19229.279587 -17997.603348   -203.124809  9  4  4 123       
PG17 -14272.872535  13528.198493  18353.115294    649.538698     6  4  91       
PG18  14278.435116  -5419.864999 -21733.236446   -647.729603  9  8  8  98       
PG19  -4735.763082  14793.194499  21331.928272    527.274956  4  6  2  98       
PG20   3061.773699  23716.748162 -11650.511338    371.477790  7  6  6 116       
PG21 -20989.897041 -15848.888465   6999.971631    103.212076  9  9  7 105       
PG22  -9051.699938  24666.817247   5260.960045    -53.407246  5  4  2 100       
PG23  15609.461400 -17634.465029 -12036.773423    301.861005  7  7  7 102       
PG24  21236.933575  13268.636476   9006.684140   -486.478455  4  8  6 110       
PG25  17245.400273  -9040.273854  17609.421526    499.385351  8  5  5  89       
PG26   2928.005471 -25310.219668  -6935.527869     96.415136  6  5  5  98       
PG27 -10339.886023 -13364.735712 -20878.622050    -33.250413  6  5  5  93       
PG28    921.270708 -19222.726428  18294.197219   -380.337065  5  7  3  72       
PG29  26320.940292  -3049.085898  -2701.104907   -582.888586  6  7  7  87       
PG30  -7222.495071  15262.078262 -20293.031293   -336.362966  6  4  3  80       
PG31  -8584.935936 -23091.669434   9180.207114   -225.650508  6  8  6  99       
PG32  11853.575300 -14742.870687  18776.114047   -604.243256  2  5  6 109       
*  2024  8 20 22 30  0.00000000
PG01   6771.282696 -25320.367491  -3356.452652 999999.999999                    
PG02 -21933.696508 -12191.091537   9651.390790   -374.893393 10  8  8 116       
PG03 -14728.152986  -1820.423278  21851.462190    507.704805  7  6  5 117       
PG04 -25430.003201  -1555.745633   7776.763959    428.074554 11  9  6 113       
PG05   7628.355270  17927.333468 -18202.676295   -183.874253  7  7  6  58       
PG06   -667.420642  18622.031395  18947.511035     85.373909  5  6  3  97       
PG07 -16592.120383   2760.098637 -20133.662631    -48.794372  6  5  4 116       
PG08 -18916.964451  -8201.633022 -17087.373048    323.166540  8  6  6 114       
PG09 -25312.200702   7603.892472  -3017.073064    322.451242  6  5  6  71       
PG10  10342.708411 -24098.343107  -2642.236434    -99.921725  6  6  5 102       
PG11  11173.376391  22888.338628   7681.410829   -724.286628  5  7  7 101       
PG12  13779.816116   6104.728244  21590.353691   -531.896972  6  6  2  90       
PG13  10558.929188  13551.109471 -20543.255146    671.962641  9  7  6 110       
PG14 -13173.639196  22024.848440  -6328.809706    477.033989  6  5  3 108       
PG15  19740.228609   6403.379011 -17187.838695    194.898978  9  8  5 111       
PG16  -3015.555175 -20871.757297 -16203.424669   -203.115365 10  4  4 119       
PG17 -16195.141649  13583.685097  16606.866143    649.529674  1  6  4  78       
PG18  15749.394613  -3461.433732 -21128.043153   -647.732241  9  9  8 107       
PG19  -7173.792382  14832.576719  20579.887309    527.279143  5  6  2  87       
PG20   2608.220982  24847.450761  -9165.425089    371.476942  7  5  6  65       
PG21 -21278.397356 -16377.647265   4297.305345    103.211190  9  9  7 115       
PG22  -9429.657425  24918.021572   2468.355655    -53.411012  4  4  2 105       
PG23  15264.444526 -16145.259090 -14360.210089    301.868757  7  7  6 103       
PG24  21683.498602  14131.354470   6416.624571   -486.478732  5  8  6 117       
PG25  16656.091772  -6942.024978  19065.254105    499.385529  7  5  5 106       
PG26   3448.350706 -25814.247471  -4219.574320     96.408106  7  5  5 109       
PG27  -8016.162237 -13788.769907 -21584.706291    -33.250756  7  5  5  97       
PG28   2431.969185 -17653.448296  19683.919682   -380.350235  5  7  3  74       
PG29  26477.372009  -2842.224059    161.138451   -582.886730  6  7  7  92       
PG30  -8801.600268  13445.961017 -20962.574924   -336.356780  6  4  3  88       
PG31  -7616.467176 -22276.557850  11685.747302   -225.650104  6  8  6  95       
PG32  13873.208224 -14927.791564  17139.550554   -604.240591  2  5  5 106       
*  2024  8 20 22 45  0.00000000
PG01   7113.327700 -25400.014923   -507.181457 999999.999999                    
PG02 -22459.909991 -12929.071011   7013.336245   -374.886327 10  8  9 113       
PG03 -13971.944161  -4245.932525  22019.339905    507.717967  7  6  6 118       
PG04 -24453.470401  -1950.565399  10375.537932    428.081236 11  9  7 112       
PG05   7003.398617  19778.421338 -16425.954395   -183.875635  7  7  6  82       
PG06  -2213.443616  17012.664393  20308.438549     85.351689  6  7  4 101       
PG07 -18099.507970    970.925347 -19039.760104    -48.789111  6  6  5 119       
PG08 -17001.623363  -8839.844844 -18678.611888    323.179400  9  7  6 110       
PG09 -25541.221204   7399.165623   -174.971049    322.465380  6  5  6  72       
PG10  10394.393670 -23564.281581  -5514.762328    -99.931886  6  6  5 105       
PG11  10353.936560  22241.053413  10290.659195   -724.291412  5  6  6  91       
PG12  12845.934754   8443.984790  21383.743557   -531.899470  6  5  3  91       
PG13   8223.183582  13787.435352 -21423.309063    671.964791  9  7  6 107       
PG14 -13170.985469  21087.561622  -8978.053387    477.041819  6  5  4  99       
PG15  17968.972219   7271.355413 -18746.185373    194.902909  9  8  5 113       
PG16  -2182.809610 -22366.237296 -14131.509864   -203.105919 10  4  4 115       
PG17 -17905.889545  13710.604756  14584.927207    649.520685  3  7  4  85       
PG18  17264.816019  -1654.641529 -20160.049657   -647.734887  9  9  8 106       
PG19  -9503.486282  14987.818181  19465.746964    527.284061  5  7  3  87       
PG20   2252.377412  25712.575640  -6523.503450    371.476574  7  4  7 117       
PG21 -21371.930181 -16688.727204   1525.732541    103.210274  9  8  8 114       
PG22  -9674.053283  24897.294827   -365.770070    -53.414562  3  4  2  96       
PG23  14931.568625 -14399.445080 -16433.580052    301.876505  7  7  6 105       
PG24  21952.568405  14767.217926   3717.377046   -486.479132  4  8  6 109       
PG25  16128.045522  -4676.329958  20181.311758    499.385754  7  5  6  95       
PG26   3875.072750 -26037.728026  -1429.546582     96.401091  7  6  5 103       
PG27  -5657.816022 -14349.580362 -21930.774373    -33.251131  7  5  5  91       
PG28   4118.671297 -16065.841951  20734.622487   -380.363463  5  7  3  83       
PG29  26324.568561  -2599.229976   3020.624201   -582.884760  6  7  7 100       
PG30 -10500.661566  11667.619979 -21265.408618   -336.350624  5  5  4  98       
PG31  -6427.789709 -21302.972401  13983.763725   -225.649416  7  8  6  97       
PG32  15686.983335 -15173.647649  15210.305551   -604.237939  3  6  5 111       
*  2024  8 20 23  0  0.00000000
PG01   7369.985310 -25181.669258   2350.958014 999999.999999                    
PG02 -22790.773130 -13450.585246   4258.433814   -374.879573 10  7  9 104       
PG03 -13352.429173  -6705.835271  21802.364685    507.731144  8  5  6 115       
PG04 -23224.093539  -2465.428018  12797.238057    428.087877 11  8  7 117       
PG05   6520.604093  21449.912325 -14369.307366   -183.876442  7  6  7  96       
PG06  -3942.767288  15399.467800  21320.892937     85.329372  7  8  5  99       
PG07 -19586.296983   -634.591076 -17607.938712    -48.783983  6  6  6 126       
PG08 -14966.681599  -9626.777279 -19955.539545    323.192260  9  7  5 129       
PG09 -25474.013870   7109.854419   2670.124072    322.479511  7  6  6  74       
PG10  10397.783494 -22718.843507  -8289.948363    -99.942022  7  7  5 106       
PG11   9305.712336  21430.831426  12723.666542   -724.296137  6  6  6 110       
PG12  12047.874505  10784.197931  20799.738822   -531.902275  6  5  3  71       
PG13   5824.638030  14162.249482 -21943.338703    671.966506  9  7  6 111       
PG14 -13136.405469  19869.952519 -11470.563195    477.049618  6  5  4 115       
PG15  16103.161876   8289.951885 -19996.267746    194.906861  9  8  5 113       
PG16  -1505.742608 -23670.159417 -11816.052616   -203.096842 10  4  5 115       
PG17 -19375.950950  13877.067105  12320.226025    649.511752  5  7  4  83       
PG18  18783.997866    -25.996928 -18846.467356   -647.737502  9  9  8 106       
PG19 -11679.497437  15238.976546  18008.264336    527.288627  6  7  4  90       
PG20   1962.540960  26290.772792  -3770.081356    371.476562  7  4  7  57       
PG21 -21240.989536 -16805.016817  -1270.373076    103.209684  9  8  8 102       
PG22  -9817.896277  24587.466352  -3193.667011    -53.418446  2  4  3 111       
PG23  14647.422353 -12424.212837 -18221.076813    301.884285  7  8  6 114       
PG24  22014.279292  15194.873520    955.219229   -486.479530  5  8  6 104       
PG25  15687.872620  -2283.698317  20937.846518    499.385943  7  5  6  93       
PG26   4240.164336 -25966.453004   1385.623213     96.394054  7  6  5 102       
PG27  -3311.386029 -15041.004434 -21909.987856    -33.251520  8  5  5  96       
PG28   5959.181914 -14502.128379  21428.206752   -380.376649  6  7  3  62       
PG29  25871.391051  -2283.121197   5828.487447   -582.882794  6  7  7 108       
PG30 -12290.151610   9964.782853 -21196.970651   -336.344435  4  6  5 108       
PG31  -5016.828773 -20213.022015  16033.389348   -225.649278  7  8  6 103       
PG32  17265.046079 -15447.495621  13020.551385   -604.235266  4  6  6 106       
*  2024  8 20 23 15  0.00000000
PG01   7576.967257 -24657.392356   5167.591700 999999.999999                    
PG02 -22893.223083 -13775.934126   1432.256675   -374.872515 10  7 10 108       
PG03 -12879.207792  -9149.196272  21204.736268    507.744259  8  6  6 115       
PG04 -21774.807078  -3124.802470  15000.439616    428.094550 11  8  7 117       
PG05   6159.705930  22902.371196 -12067.285943   -183.877800  7  5  7  86       
PG06  -5830.837834  13825.987472  21967.902145     85.307214  7  8  6 100       
PG07 -21009.520426  -2040.435738 -15865.618798    -48.778921  6  7  6 124       
PG08 -12856.765574 -10564.945157 -20895.845657    323.205088  9  7  5 131       
PG09 -25124.340794   6701.513275   5469.366197    322.493676  7  6  5 104       
PG10  10393.016070 -21568.980825 -10918.589730    -99.952171  7  7  4 110       
PG11   8023.441423  20498.513431  14938.773191   -724.300896  6  6  6 111       
PG12  11393.402545  13075.923054  19849.030435   -531.904720  6  5  4  80       
PG13   3411.407147  14675.620375 -22094.097450    671.968590  9  6  7 114       
PG14 -13106.358086  18386.415193 -13762.914815    477.057610  6  6  5 118       
PG15  14185.518954   9456.599500 -20918.014276    194.910959  9  8  5 113       
PG16   -965.413718 -24745.177296  -9295.851143   -203.087445 10  4  5 122       
PG17 -20583.267573  14047.182010   9849.804460    649.503298  6  7  4  89       
PG18  20263.291366   1405.926949 -17210.340220   -647.740134  9  9  8 107       
PG19 -13661.491501  15559.292515  16232.497188    527.293430  7  7  5  91       
PG20   1703.868276  26568.717684   -952.285176    371.475998  7  4  7 119       
PG21 -20861.715117 -16754.888744  -4045.882040    103.209177  9  7  8 109       
PG22  -9897.106616  23979.441728  -5967.209227    -53.421959  3  5  3 107       
PG23  14443.924840 -10254.235563 -19691.994763    301.892046  7  8  6 115       
PG24  21844.151568  15439.185634  -1823.047018   -486.479975  5  8  6 110       
PG25  15355.519570    190.590185  21321.753471    499.386153  7  6  6  94       
PG26   4577.749582 -25594.658290   4176.347542     96.387023  7  6  5 100       
PG27  -1022.138131 -15849.033417 -21521.447106    -33.251895  8  6  5 104       
PG28   7924.009534 -13000.825019  21752.727498   -380.389792  6  7  4  72       
PG29  25135.190169  -1859.575907   8536.675256   -582.880710  7  6  6 110       
PG30 -14134.913551   8369.851512 -20759.275886   -336.338254  4  7  5 112       
PG31  -3390.200165 -19050.296959  17798.309444   -225.649085  7  8  6 100       
PG32  18584.952361 -15712.543602  10607.111053   -604.232538  5  7  6 107       
*  2024  8 20 23 30  0.00000000
PG01   7771.113655 -23828.336845   7892.674354 999999.999999                    
PG02 -22739.898119 -13931.651891  -1417.988974   -374.865686 10  6 10 104       
PG03 -12553.267908 -11524.732917  20237.374486    507.757403  8  6  6 114       
PG04 -20144.114705  -3946.598135  16947.380873    428.101237 11  8  7 116       
PG05   5894.085651  24102.084121  -9558.754707   -183.879155  7  4  7  93       
PG06  -7845.679430  12331.465232  22238.760519     85.285046  8  9  7 106       
PG07 -22325.987896  -3239.278942 -13845.429857    -48.774087  5  7  7 122       
PG08 -10717.347062 -11648.903784 -21482.682495    323.217947  9  7  5 131       
PG09 -24513.870246   6143.568546   8174.585801    322.507818  8  6  5  89       
PG10  10418.887557 -20131.147146 -13354.011646    -99.962324  7  8  4 112       
PG11   6510.333443  19486.614286  16898.034193   -724.305618  7  6  5 109       
PG12  10881.949653  15270.070984  18548.890169   -531.907344  6  5  5  83       
PG13   1031.351227  15319.454014 -21872.394106    671.970418  9  5  7 109       
PG14 -13114.867415  16659.535906 -15815.271489    477.065446  6  7  5 128       
PG15  12258.291931  10761.279539 -21496.530607    194.915069  9  7  6 115       
PG16   -536.548083 -25558.645553  -6613.719176   -203.078129 10  5  6 105       
PG17 -21513.608352  14182.488958   7214.308551    649.493783  6  7  4  95       
PG18  21657.720507   2630.989173 -15280.119751   -647.742774  9  9  8 108       
PG19 -15415.586185  15916.309335  14169.377175    527.297884  7  8  6  94       
PG20   1439.909542  26541.567216   1881.760995    371.475743  7  6  7  79       
PG21 -20216.905324 -16571.104819  -6755.492123    103.208986  9  6  8  94       
PG22  -9948.997767  23072.716120  -8638.681296    -53.425680  4  5  4 118       
PG23  14346.997574  -7930.477756 -20821.252424    301.899808  7  8  6 120       
PG24  21424.046184  15530.069772  -4570.845957   -486.480397  5  8  7 111       
PG25  15143.463466   2698.109420  21326.800793    499.386351  6  6  6  86       
PG26   4922.514527 -24925.322215   6893.317429     96.379991  7  7  5 103       
PG27   1167.449961 -16752.228919 -20770.287323    -33.252298  9  6  6  91       
PG28   9977.327239 -11595.350412  21702.599298   -380.402998  6  7  5  85       
PG29  24141.152617  -1298.451248  11098.756450   -582.878631  7  6  6 113       
PG30 -15995.416195   6908.802033 -19960.822005   -336.332056  3  8  6 112       
PG31  -1563.153596 -17858.106051  19247.460270   -225.648470  7  8  5 100       
PG32  19632.412568 -15929.659409   8010.885026   -604.229852  6  7  6 109       
*  2024  8 20 23 45  0.00000000
PG01   7988.719628 -22704.855644  10477.459563 999999.999999                    
PG02 -22310.319557 -13949.407147  -4244.176253   -374.858736 10  5 10 114       
PG03 -12367.045804 -13782.641669  18917.687055    507.770521  8  5  6 116       
PG04 -18374.694715  -4941.286814  18604.602310    428.107882 10  8  8 119       
PG05   5691.939822  25022.280677  -6886.275059   -183.879834  7  4  8  74       
PG06  -9948.960917  10949.434585  22129.183466     85.262914  8  9  7  99       
PG07 -23493.943068  -4232.439007 -11584.467552    -48.768475  5  8  8 130       
PG08  -8593.177971 -12865.279734 -21704.996771    323.230791  9  7  5 126       
PG09 -23671.321679   5410.706635  10739.119104    322.522022  8  6  5 102       
PG10  10511.120253 -18430.783236 -15552.975027    -99.972463  7  8  4 114       
PG11   4778.145175  18437.661850  18567.860303   -724.310330  8  7  5 106       
PG12  10504.772755  17319.684489  16922.809008   -531.909838  6  5  6  90       
PG13  -1269.536583  16077.719748 -21281.186221    671.972542  9  5  8 114       
PG14 -13192.044374  14719.346527 -17592.096213    477.073280  6  7  5 120       
PG15  10361.850140  12186.758142 -21722.293669    194.918870  9  7  6 115       
PG16   -188.666559 -26084.921971  -3815.794590   -203.068646 10  5  6 106       
PG17 -22161.021661  14243.506365   4457.413513    649.485367  7  6  5  97       
PG18  22922.656815   3647.650939 -13089.156671   -647.745426  9  9  8 112       
PG19 -16915.539186  16273.246740  11855.153307    527.302757  7  7  6  86       
PG20   1134.200999  26213.105461   4683.738949    371.475108  7  7  8  75       
PG21 -19296.832282 -16289.558789  -9354.342934    103.208009  9  4  8  98       
PG22 -10010.683317  21875.582715 -11161.592240    -53.429102  6  6  4 117       
PG23  14375.490760  -5498.766263 -21589.806645    301.907573  8  8  7 120       
PG24  20742.884063  15501.170298  -7242.542725   -486.480809  6  8  7 113       
PG25  15056.235235   5189.034009  20953.708266    499.386553  6  6  7  89       
PG26   5308.108441 -23970.121180   9488.442228     96.372975  7  7  5 111       
PG27   3219.116344 -17722.429488 -19667.691425    -33.252658  9  6  7  93       
PG28  12078.185325 -10312.837932  21278.692175   -380.416205  6  7  6  87       
PG29  22921.359627   -575.145762  13470.709564   -582.876661  7  6  6 125       
PG30 -17829.182542   5600.356783 -18816.376079   -336.325839  4  8  7 106       
PG31    440.841579 -16677.743243  20355.611467   -225.648242  7  8  5 104       
PG32  20401.735224 -16058.996516   5276.192626   -604.227167  6  8  6 125       
EOF
