#cP2024  8 21  0  0  0.00000000      96 ORBIT IGS20 HLM  IGS
## 2328 259200.00000000   900.00000000 60543 0.0000000000000
+   32   G01G02G03G04G05G06G07G08G09G10G11G12G13G14G15G16G17
+        G18G19G20G21G22G23G24G25G26G27G28G29G30G31G32  0  0
+          0  0  0  0  0  0  0  0  0  0  0  0  0  0  0  0  0
+          0  0  0  0  0  0  0  0  0  0  0  0  0  0  0  0  0
+          0  0  0  0  0  0  0  0  0  0  0  0  0  0  0  0  0
++         5  2  2  2  2  2  2  2  2  2  2  2  2  2  2  2  2
++         2  2  2  2  2  2  2  2  1  2  2  2  2  2  2  0  0
++         0  0  0  0  0  0  0  0  0  0  0  0  0  0  0  0  0
++         0  0  0  0  0  0  0  0  0  0  0  0  0  0  0  0  0
++         0  0  0  0  0  0  0  0  0  0  0  0  0  0  0  0  0
%c G  cc GPS ccc cccc cccc cccc cccc ccccc ccccc ccccc ccccc
%c cc cc ccc ccc cccc cccc cccc cccc ccccc ccccc ccccc ccccc
%f  1.2500000  1.025000000  0.00000000000  0.000000000000000
%f  0.0000000  0.000000000  0.00000000000  0.000000000000000
%i    0    0    0    0      0      0      0      0         0
%i    0    0    0    0      0      0      0      0         0
/* RAPID ORBIT COMBINATION FROM WEIGHTED AVERAGE OF:        
/* cod emr esa gfz grg jgx jpl ngs sio usn whu              
/* REFERENCED TO IGS TIME (IGST) AND TO WEIGHTED MEAN POLE: 
/* PCV:IGS20      OL/AL:FES2014b NONE     Y  ORB:CMB CLK:CMB
*  2024  8 21  0  0  0.00000000
PG01   8263.868734 -21306.243997  12875.468849 999999.999999 21 14 12           
PG02 -21591.851658 -13864.697229  -6998.017494   -374.851753  7  9  9 119       
PG03 -12304.837841 -15876.362694  17269.217377    507.783635  6  7  5  70       
PG04 -16511.855738  -6111.311045  19943.518807    428.114553  7  9  9 115       
PG05   5517.661682  25644.110564  -4095.414963   -183.880953  7  8  6 113       
PG06 -12097.307774   9706.549997  21641.355550     85.240760  7  7  5  99       
PG07 -24474.639474  -5029.500174  -9123.500323    -48.763385  8  7  8 100       
PG08  -6526.745258 -14193.107747 -21557.781589    323.243727  5  7    115       
PG09 -22631.347966   4484.066364  13118.618815    322.536051  8  6  8 114       
PG10  10700.760784 -16501.441476 -17476.515018    -99.982589  7  7  6 115       
PG11   2846.930518  17392.548143  19919.586889   -724.315019  5  7  5 120       
PG12  10245.459119  19181.626546  15000.014361   -531.912766  6  6  3 123       
PG13  -3448.681348  16926.983581 -20329.585409    671.974585  7  6  7 128       
PG14 -13362.778371  12602.292983 -19062.777672    477.081213  7  3  8 120       
PG15   8533.352695  13709.078745 -21591.287077    194.922751  8  8  6 113       
PG16    112.551860 -26306.425940   -950.753323   -203.059699  8  4  5  75       
PG17 -22527.998438  14191.348433   1625.185720    649.476155  6  3  5  94       
PG18  24015.485568   4462.815851 -10675.119157   -647.748083 11  8  6  87       
PG19 -18143.632507  16590.572208   9330.716633    527.307347  7  5  7  91       
PG20    751.854484  25595.575384   7405.937661    371.474825  7  8  5 123       
PG21 -18099.826497 -15947.891316 -11798.662187    103.207956  6  7  7 123       
PG22 -10117.468160  20405.018655 -13491.504441    -53.432833  7  3  4 116       
PG23  14540.405203  -3008.182271 -21984.952053    301.915435  8  7  4 102       
PG24  19797.109182  15388.433418  -9794.116438   -486.481284  5  9  8  95       
PG25  15090.288742   7613.933919  20210.075397    499.386726  3  5  8 114       
PG26   5765.584676 -22749.041581  11915.772318     96.365896  7  5  4 103       
PG27   5100.102628 -18725.728836 -18230.813428    -33.253046  7  6  3 103       
PG28  14181.929455  -9173.203991  20488.316165   -380.429255  5  5  4 112       
PG29  21513.591983    328.247268  15611.676077   -582.874934  5  6  5 103       
PG30 -19592.333003   4455.457200 -17346.649870   -336.319638  8  6  5 113       
PG31   2590.849483 -15546.858251  21103.818895   -225.647964  5  4  7 101       
PG32  20895.948311 -16061.675737   2450.035860   -604.224382  7  5  5  90       
*  2024  8 21  0 15  0.00000000
PG01   8626.846423 -19660.117762  15043.433606 999999.999999 20 15 12           
PG02 -20580.396678 -13715.379013  -9631.864124   -374.844999  6  8  9 115       
PG03 -12343.543635 -17764.212989  15321.182040    507.796663  6  7  5  75       
PG04 -14601.900276  -7450.802896  20940.915334    428.121271  6  9  8 101       
PG05   5333.385847  25957.334850  -1233.994405   -183.882051  6  8  6  96       
PG06 -14243.809387   8621.692207  20783.872890     85.218579  6  7  5  95       
PG07 -25233.774707  -5647.615447  -6506.148994    -48.758224  8  7  8 121       
PG08  -4556.802477 -15604.467251 -21042.240531    323.256568  6  7    112       
PG09 -21433.196619   3352.187281  15271.832004    322.550194  7  6  7 109       
PG10  11012.778212 -14383.585141 -19090.690979    -99.992663  6  7  6 104       
PG11    744.473814  16388.955497  20929.961799   -724.319713  5  7  5 124       
PG12  10080.747222  20818.111826  12814.880041   -531.915192  6  5  3 118       
PG13  -5468.359754  17837.233431 -19032.771191    671.976556  6  6  6 123       
PG14 -13645.651576  10349.961272 -20202.158323    477.089050  7  2  8 121       
PG15   6805.534930  15298.297085 -21105.077422    194.927079  7  8  6 106       
PG16    403.726036 -26214.401989   1931.059405   -203.050202  8  3  5  75       
PG17 -22625.334034  13989.352809  -1234.615017    649.467542  6  2  4  88       
PG18  24897.201413   5091.349796  -8079.347885   -647.750778 10  8  6 109       
PG19 -19091.213900  16827.702552   6640.821274    527.311738  7  6  6  79       
PG20    261.083949  24709.204253  10002.040330    371.474537  6  7  4 126       
PG21 -16632.603227 -15584.017799 -14046.441567    103.207342  6  6  7 125       
PG22 -10301.286969  18686.242285 -15586.862378    -53.436538  7  3  3 117       
PG23  14844.438219   -509.338489 -22000.502805    301.923240  8  6  3 106       
PG24  18590.885686  15228.627156 -12183.787600   -486.481778  5  9  7  75       
PG25  15234.217188   9925.539902  19110.165110    499.386897  3  5  8 112       
PG26   6321.948677 -21289.662546  14132.381725     96.358873  6  5  3 102       
PG27   6784.252289 -19723.696860 -16482.606200    -33.253405  7  6  3 103       
PG28  16241.770217  -8188.506183  19345.094755   -380.442371  4  5  4 111       
PG29  19959.925886   1422.041316  17484.666318   -582.872741  5  6  5  86       
PG30 -21241.181166   3477.053098 -15577.874353   -336.313426  8  6  5 119       
PG31   4849.525536 -14498.000267  21479.739026   -225.647319  5  5  6 100       
PG32  21126.588407 -15901.456550   -418.703827   -604.221660  7  5  5  86       
*  2024  8 21  0 30  0.00000000
PG01   9102.707082 -17801.448540  16942.183351 999999.999999 19 15 12           
PG02 -19280.789145 -13540.086728 -12099.535784   -374.837974  6  8  8 122       
PG03 -12453.707293 -19410.824757  13107.910014    507.809730  6  7  5  89       
PG04 -12690.457027  -8945.625790  21579.357344    428.127927  5  8  7  91       
PG05   5100.637399  25960.701260   1648.722752   -183.882909  6  7  6  96       
PG06 -16339.664884   7705.381306  19571.582223     85.196424  6  7  4 106       
PG07 -25742.732857  -6110.535427  -3778.060312    -48.753250  8  7  8 127       
PG08  -2717.033273 -17065.401194 -20165.856242    323.269423  6  6    115       
PG09 -20119.200776   2011.674725  17161.330601    322.564342  7  7  7 107       
PG10  11464.923071 -12123.113390 -20367.229130   -100.002763  6  6  5 105       
PG11  -1494.573314  15459.917567  21581.544082   -724.324431  4  7  6 126       
PG12   9981.625804  22198.020600  10406.245545   -531.917667  6  5  3 111       
PG13  -7296.963010  18772.970776 -17411.810146    671.978819  5  5  6 114       
PG14 -14052.118692   8007.613216 -20990.955551    477.096873  7  2  7 124       
PG15   5205.651478  16919.436585 -20270.829537    194.930944  7  7  5 106       
PG16    722.108860 -25809.347795   4778.564520   -203.040861  7  3  4  79       
PG17 -22471.686595  13604.659316  -4073.287353    649.459186  6  3  3 100       
PG18  25533.874263   5555.301406  -5346.158858   -647.753413 10  8  6 101       
PG19 -19758.871674  16944.762397   3833.220806    527.316363  6  6  6  97       
PG20   -365.388534  23581.441354  12427.885985    371.474104  6  7  4 120       
PG21 -14910.307538 -15234.615312 -16058.137455    103.206885  7  6  6 132       
PG22 -10589.254281  16751.948579 -17409.803416    -53.440163  7  3  3 114       
PG23  15281.868571   1947.390707 -21636.856132    301.931019  8  6  3 111       
PG24  17136.027654  15057.859903 -14372.597422   -486.482267  6  8  7  67       
PG25  15469.302446  12080.406039  17674.553350    499.387076  3  6  7 113       
PG26   6998.876618 -19626.138878  16099.188728     96.351903  6  5  2 110       
PG27   8252.875019 -20674.804652 -14451.548622    -33.253786  7  5  3 108       
PG28  18210.444009  -7362.615690  17868.729588   -380.455599  4  5  4 114       
PG29  18305.171766   2708.349558  19057.205600   -582.870898  4  6  5  95       
PG30 -22733.819441   2660.211171 -13541.285322   -336.307225  7  6  5 114       
PG31   7174.431832 -13557.394705  21477.800973   -225.646906  4  5  6  94       
PG32  21113.161000 -15546.330367  -3280.122588   -604.218945  7  5  5  87       
*  2024  8 21  0 45  0.00000000
PG01   9710.059038 -15771.294045  18537.453737 999999.999999 19 16 12           
PG02 -17706.863409 -13376.594544 -14357.165369   -374.831214  6  8  7 119       
PG03 -12600.811854 -20788.334625  10668.197030    507.822780  6  7  5  98       
PG04 -10820.844895 -10573.740330  21847.508438    428.134641  5  8  6  97       
PG05   4782.021956  25661.985218   4502.877536   -183.884290  5  7  6  91       
PG06 -18335.905833   6959.517979  18025.320078     85.174347  7  7  3  94       
PG07 -25979.595338  -6447.411882   -986.091951    -48.748143  7  7  8 124       
PG08  -1034.899191 -18537.088623 -18942.356453    323.282299  6  6  1 115       
PG09 -18733.157836    467.552910  18754.180692    322.578472  6  7  7  96       
PG10  12066.896081  -9769.675040 -21284.042753   -100.012865  6  6  5 106       
PG11  -3829.819777  14632.570085  21863.007195   -724.329147  5  7  6 124       
PG12   9914.661770  23297.945230   7816.662460   -531.920088  6  4  3 116       
PG13  -8910.040768  19694.532440 -15493.378459    671.980789  5  5  6 114       
PG14 -14585.983417   5622.591099 -21416.069783    477.104761  7  3  7 128       
PG15   3754.611376  18533.635845 -19101.258754    194.934809  6  7  5 102       
PG16   1103.872543 -25101.079676   7540.930447   -203.031492  7  4  4  84       
PG17 -22092.840463  13009.679067  -6841.987031    649.449836  6  3  2 102       
PG18  25897.932140   5882.854429  -2522.104696   -647.756056 10  7  6 110       
PG19 -20156.235767  16904.322948    957.741624    527.320906  7  6  5  95       
PG20  -1149.099847  22245.937187  14642.194642    371.474022  6  6  4 122       
PG21 -12956.263030 -14933.619888 -17797.388453    103.206779  7  6  6 116       
PG22 -11002.389170  14641.242920 -18926.930933    -53.443909  7  3  3 119       
PG23  15838.781970   4313.617594 -20900.939770    301.938811  8  5  2 116       
PG24  15451.668749  14910.146591 -16324.937653   -486.482802  6  8  7  77       
PG25  15770.368240  14040.402271  15929.658481    499.387257  3  6  7 113       
PG26   7811.659912 -17797.927486  17781.694165     96.344879  6  5  2 109       
PG27   9495.338879 -21536.005247 -12171.268209    -33.254134  7  5  3  88       
PG28  20041.901700  -6691.215836  16084.660150   -380.468828  5  5  4 113       
PG29  16595.215261   4180.794868  20301.909110   -582.868438  5  5  4  96       
PG30 -24031.633470   1992.532919 -11272.533129   -336.301001  7  6  6 116       
PG31   9519.551785 -12744.001385  21099.236383   -225.646617  4  5  5  98       
PG32  20882.288939 -14969.969425  -6084.189575   -604.216278  8  4  4  82       
*  2024  8 21  1  0  0.00000000
PG01  10460.125934 -13615.276666  19800.590490 999999.999999 18 16 12           
PG02 -15881.179196 -13260.187388 -16364.043087   -374.824206  7  7  6 126       
PG03 -12746.772374 -21877.280247   8044.590015    507.835842  5  7  5 101       
PG04  -9032.530486 -12305.882505  21740.348620    428.141291  5  8  5  89       
PG05   4342.889591  25077.690608   7278.890817   -183.885045  5  6  6  93       
PG06 -20185.131837   6377.460915  16171.556835     85.152157  7  6  3  99       
PG07 -25929.891768  -6691.430474   1822.476685    -48.743209  7  7  8 121       
PG08    469.281109 -19977.232019 -17391.571668    323.295162  7  6  2 111       
PG09 -17318.658632  -1266.710422  20022.537345    322.592725  5  7  7  84       
PG10  12819.861135  -7374.843510 -21825.618692   -100.023005  6  6  4 112       
PG11  -6216.486152  13927.139165  21769.341184   -724.333853  5  7  7 126       
PG12   9843.498776  24102.931357   5091.587019   -531.922770  6  3  4 107       
PG13 -10291.084472  20559.597430 -13309.386734    671.982540  6  5  6 116       
PG14 -15243.190493   3242.655023 -21470.776059    477.112635  7  3  7 126       
PG15   2466.335656  20099.453568 -17614.516423    194.939018  6  7  5 111       
PG16   1582.417993 -24108.424264  10168.576671   -203.022088  6  4  3  99       
PG17 -21520.694549  12183.394275  -9492.561720    649.441184  6  3  2 112       
PG18  25969.214138   6107.052971    344.794267   -647.758681  9  7  6 110       
PG19 -20301.415386  16673.045721  -1934.682770    527.325452  7  6  5 106       
PG20  -2104.832363  20741.302232  16607.245972    371.473618  7  6  5 125       
PG21 -10801.416830 -14710.789644 -19231.738019    103.205754  8  6  5 129       
PG22 -11554.573121  12398.307546 -20110.028497    -53.447381  7  4  3 127       
PG23  16493.625065   6544.601262 -19806.047221    301.946582  8  5  2 119       
PG24  13563.685879  14816.069246 -18009.030438   -486.483303  5  8  6  85       
PG25  16106.895603  15773.979145  13907.167097    499.387378  4  6  6 109       
PG26   8768.421058 -15848.311818  19150.620103     96.337889  5  5  1 111       
PG27  10509.360821 -22264.413611  -9680.057736    -33.254472  7  5  3  91       
PG28  21692.960274  -6162.126267  14023.624482   -380.482076  5  5  4 114       
PG29  14875.323110   5824.550813  21196.974556   -582.866435  5  5  4  94       
PG30 -25100.688723   1454.860303  -8811.029978   -336.294777  6  6  6 118       
PG31  11836.938916 -12068.888735  20351.972062   -225.646381  5  6  4 104       
PG32  20466.579549 -14152.969225  -8781.662707   -604.213589  8  4  4  89       
*  2024  8 21  1 15  0.00000000
PG01  11356.127932 -11381.876465  20709.128354 999999.999999 18 17 12           
PG02 -13834.403480 -13222.106724 -18083.440102   -374.817066  7  7  6 122       
PG03 -12851.566320 -22667.173259   5282.617052    507.848851  5  7  5  90       
PG04  -7359.738097 -14106.530946  21259.288005    428.147955  6  8  4  87       
PG05   3752.905452  24232.418054   9928.348222   -183.886385  5  6  6  89       
PG06 -21843.194599   5944.436176  14041.951455     85.129981  8  6  3 100       
PG07 -25587.073490  -6878.329389   4600.697087    -48.738100  7  7  8 119       
PG08   1782.981376 -21341.610507 -15539.180369    323.308038  7  5  3 108       
PG09 -15917.432462  -3169.511512  20944.152930    322.606876  5  8  6  94       
PG10  13716.321061  -4990.230630 -21983.263388   -100.033110  6  5  3 110       
PG11  -8606.928974  13356.206089  21301.950038   -724.338619  6  7  7 124       
PG12   9730.462868  24606.889809   2278.537755   -531.925524  6  3  3 100       
PG13 -11432.016672  21324.825179 -10896.507789    671.984514  7  6  6 115       
PG14 -16011.939013    914.318407 -21154.798304    477.120504  7  3  7 128       
PG15   1347.362242  21574.290886 -15834.004824    194.942900  5  7  5 109       
PG16   2186.784000 -22858.542445  12614.172753   -203.012967  6  4  3 105       
PG17 -20792.007130  11112.432592 -11978.409033    649.432005  6  4  2 114       
PG18  25735.755528   6264.348273   3205.838011   -647.761328  9  6  6 108       
PG19 -20220.099985  16223.160586  -4792.991833    527.329995  7  6  4 108       
PG20  -3239.858120  19109.691356  18289.501872    371.472689  7  6  5 126       
PG21  -8483.484387 -14590.391765 -20333.346517    103.205322  8  5  5 123       
PG22 -12251.792212  10070.848167 -20936.693227    -53.451181  7  4  3 125       
PG23  17218.063437   8600.757499 -18371.566788    301.954353  7  4  3 119       
PG24  11503.898018  14801.574428 -19397.357842   -486.483756  5  8  6  84       
PG25  16444.348940  17257.158758  11643.374592    499.387536  4  7  6 105       
PG26   9869.633347 -13822.787617  20182.434734     96.330932  5  5  2 109       
PG27  11300.976514 -22819.022575  -7020.286921    -33.254814  7  5  3  77       
PG28  23124.854075  -5755.939447  11721.128351   -380.495308  6  5  3 105       
PG29  13188.478987   7616.714850  21726.582822   -582.864266  6  4  4  94       
PG30 -25912.938672   1022.237125  -6199.248404   -336.288614  6  6  6 112       
PG31  14078.430233 -11534.943929  19250.393646   -225.645769  5  6  4 104       
PG32  19903.253594 -13083.829772 -11325.005271   -604.210875  8  4  4  93       
*  2024  8 21  1 30  0.00000000
PG01  12393.011554  -9120.614035  21247.228637 999999.999999 17 17 12           
PG02 -11604.361356 -13288.138689 -19483.389911   -374.810197  8  7  5 122       
PG03 -12874.935616 -23156.730792   2429.978597    507.861906  5  6  5  97       
PG04  -5830.265868 -15935.128582  20412.172198    428.154628  6  7  1  88       
PG05   2987.462255  23157.922094  12404.877634   -183.887554  4  6  6  88       
PG06 -23270.768140   5638.262112  11672.823716     85.107814  8  6  3  97       
PG07 -24952.702878  -7044.860993   7302.660099    -48.733070  6  7  8  96       
PG08   2901.815510 -22585.741633 -13416.339822    323.320895  7  5  3 113       
PG09 -14567.773182  -5211.740749  21502.788263    322.621019  5  8  6  97       
PG10  14740.358270  -2665.618581 -21755.206127   -100.043258  6  4  3 115       
PG11 -10952.281335  12924.277178  20468.641801   -724.343330  7  7  7 111       
PG12   9538.208881  24812.669202   -573.763267   -531.927960  6  3  3  97       
PG13 -12333.362972  21947.564902  -8295.610053    671.986457  7  6  6 122       
PG14 -16873.109756  -1318.753861 -20474.268026    477.128342  7  3  7 125       
PG15    396.716297  22915.886037 -13788.117119    194.947095  4  6  5 104       
PG16   2940.229505 -21385.909487  14833.604727   -203.003506  5  5  3 108       
PG17 -19946.939743   9791.865972 -14255.341796    649.423321  6  4  3 108       
PG18  25194.276683   6393.021808   6012.442846   -647.764001  8  5  6 109       
PG19 -19944.365459  15533.715813  -7566.967825    527.334923  7  7  3 112       
PG20  -4553.469603  17395.266109  19660.164057    371.472721  7  6  5 123       
PG21  -6045.809263 -14590.071924 -21079.673067    103.205036  8  5  5 124       
PG22 -13091.704137   7708.380303 -21390.866851    -53.454758  7  4  3 124       
PG23  17978.107778  10448.963007 -16622.611766    301.962110  7  3  3 118       
PG24   9309.067227  14886.945620 -20467.040673   -486.484191  5  7  5  86       
PG25  16745.653921  18474.219048   9178.459691    499.387598  5  7  5 102       
PG26  11107.963133 -11767.378703  20859.753244     96.323985  5  5  2 114       
PG27  11884.182551 -23162.386843  -4237.713549    -33.255161  6  5  3  61       
PG28  24304.626052  -5446.944079   9216.832041   -380.508511  6  5  3 104       
PG29  11573.813627   9527.002094  21881.198150   -582.861934  7  4  3  91       
PG30 -26447.211895    665.085296  -3481.984295   -336.282369  6  6  7 112       
PG31  16197.354066 -11136.923843  17814.991705   -225.645656  5  6  3 103       
PG32  19232.590436 -11759.630949 -13669.282635   -604.208196  8  3  3  90       
*  2024  8 21  1 45  0.00000000
PG01  13557.539902  -6880.203770  21405.964183 999999.999999 16 18 12           
PG02  -9234.783930 -13477.409335 -20537.403994   -374.803512  8  7  5 115       
PG03 -12778.093202 -23353.761355   -464.284513    507.874943  5  6  5  89       
PG04  -4464.554374 -17747.513890  19213.177260    428.161264  5  7     99       
PG05   2028.875080  21891.891825  14665.001089   -183.888620  4  6  6  94       
PG06 -24434.746946   5430.361955   9104.551785     85.085590  8  6  3 108       
PG07 -24036.361310  -7227.252016   9884.155426    -48.727949  6  7  7 102       
PG08   3829.564149 -23666.587858 -11059.203299    323.333747  7  5  3  93       
PG09 -13303.108777  -7357.712953  21688.517659    322.635161  4  8  6  97       
PG10  15868.226143   -447.186882 -21146.561419   -100.053457  6  4  3 115       
PG11 -13204.148272  12627.675898  19283.510638   -724.348065  8  8  7 111       
PG12   9231.341572  24731.793086  -3416.248309   -531.930689  6  3  3 104       
PG13 -13004.094683  22387.571011  -5551.101578    671.988441  8  7  5 126       
PG14 -17800.986972  -3417.223711 -19441.571353    477.136172  7  3  7 114       
PG15   -393.943441  24083.832167 -11509.898068    194.950741  3  6  5 101       
PG16   3859.055371 -19730.992519  16786.880649   -202.994277  5  5  3 113       
PG17 -19027.453145   8225.692781 -16282.442113    649.414428  6  5  3  94       
PG18  24350.358152   6531.543717   8716.934367   -647.766631  7  4  6 116       
PG19 -19511.240051  14591.549096 -10208.172026    527.339422  7  7  3 110       
PG20  -6036.815751  15642.591577  20695.658467    371.472601  7  6  6 125       
PG21  -3535.966307 -14719.962614 -21454.103918    103.204194  8  5  4 110       
PG22 -14063.557194   5360.424662 -21463.244538    -53.458273  7  5  2 125       
PG23  18735.462802  12063.607166 -14589.560450    301.969903  7  3  3 117       
PG24   7019.734145  15085.983293 -21200.165789   -486.484643  6  7  5  97       
PG25  16972.764336  19418.052468   6555.712068    499.387760  5  7  4  95       
PG26  12468.438758  -9726.953513  21171.608416     96.317026  5  5  3 115       
PG27  12280.257495 -23262.205232  -1380.702189    -33.255498  6  5  3  63       
PG28  25206.305570  -5204.298879   6553.865374   -380.521755  7  6  2 107       
PG29  10065.190439  11518.735445  21657.760864   -582.860139  7  4  3  98       
PG30 -26689.944521    350.548224   -705.597342   -336.276160  5  6  7 104       
PG31  18150.164721 -10861.837239  16071.903856   -225.645110  6  6  3  96       
PG32  18496.252746 -10186.369883 -15773.017943   -604.205547  8  3  3  93       
*  2024  8 21  2  0  0.00000000
PG01  14828.737523  -4706.758955  21183.446292 999999.999999 16 18 11           
PG02  -6773.796416 -13801.445635 -21225.097791   -374.796462  8  6  4 106       
PG03 -12525.368101 -23274.714158  -3350.631274    507.887960  5  6  5  88       
PG04  -3275.044706 -19497.508280  17682.593955    428.167951  5  7     97       
PG05    867.306981  20476.501634  16668.942643   -183.889440  4  5  5  92       
PG06 -25309.420082   5287.025594   6380.903915     85.063415  8  6  3 108       
PG07 -22855.287284  -7459.714614  12303.279745    -48.722491  5  7  7  95       
PG08   4577.873366 -24544.239698  -8508.327741    323.346579  7  4  3  89       
PG09 -12150.771425  -9566.363065  21497.920942    322.649314  4  8  5  98       
PG10  17069.262087   1624.094507 -20169.156407   -100.063665  6  3  3 111       
PG11 -15316.292936  12454.762059  17766.711701   -724.352842  9  8  7 114       
PG12   8777.948472  24383.878474  -6200.345106   -531.933002  6  3  3  90       
PG13 -13461.142873  22608.657070  -2710.192275    671.990281  8  7  5 119       
PG14 -18764.243802  -5347.379536 -18075.090267    477.144046  7  3  7 114       
PG15  -1039.900365  25041.065946  -9036.621858    194.954951  4  6  6 104       
PG16   4951.721382 -17938.682013  18438.948497   -202.985142  6  6  2 111       
PG17 -18075.617089   6426.973336 -18022.883643    649.406038  6  5  3 110       
PG18  23218.295409   6716.927756  11273.326439   -647.769284  6  4  6 117       
PG19 -18961.094063  13391.941960 -12670.826116    527.344171  6  7  3 114       
PG20  -7673.050847  13895.026942  21378.039037    371.471896  8  6  6 118       
PG21  -1004.150487 -14982.081569 -21446.501237    103.203929  8  5  4 107       
PG22 -15148.472785   3074.687741 -21151.544306    -53.461552  6  5  2 126       
PG23  19449.045728  13427.354741 -12307.515548    301.977647  7  3  4 119       
PG24   4678.924807  15405.419604 -21584.060375   -486.485099  6  6  5  91       
PG25  17088.253847  20090.193830   3820.731430    499.387959  5  7  4  91       
PG26  13928.935823  -7743.611679  21113.588780     96.310065  4  4  3 113       
PG27  12516.782285 -23092.732481   1500.637334    -33.255871  6  5  3  70       
PG28  25811.827550  -4993.410426   3778.082888   -380.535032  7  6  2 102       
PG29   8690.002327  13550.095924  21059.767420   -582.857745  7  3  2  93       
PG30 -26635.634422     43.948558   2082.758951   -336.269920  5  6  7 100       
PG31  19897.941547 -10689.635285  14052.367977   -225.644643  6  6  3  91       
PG32  17735.560283  -8378.942514 -17598.986053   -604.202888  7  3  3  89       
*  2024  8 21  2 15  0.00000000
PG01  16178.667275  -2642.126341  20584.793857 999999.999999 15 18 11           
PG02  -4272.203871 -14263.551294 -21532.703716   -374.789366  7  6  4 112       
PG03 -12085.726639 -22943.913486  -6179.854818    507.901030  4  5  5  80       
PG04  -2265.852161 -21138.599466  15846.502947    428.174620  4  6  1  98       
PG05   -498.615596  18956.788999  18381.374112   -183.890772  5  6  5  96       
PG06 -25877.377360   5170.872899   3548.313955     85.041203  8  5  3  96       
PG07 -21433.763710  -7773.056359  14520.992770    -48.717423  5  7  7  94       
PG08   5165.632382 -25183.506057  -5807.979355    323.359534  7  4  3  73       
PG09 -11131.017257 -11792.661532  20934.157698    322.663452  4  8  4  94       
PG10  18307.080003   3513.843833 -18841.232482   -100.073865  6  2  3 109       
PG11 -17246.249470  12386.470521  15944.131371   -724.357525  9  8  7 116       
PG12   8150.986748  23795.764310  -8878.787354   -531.935967  6  2  4  89       
PG13 -13728.597695  22580.221000    177.915130    671.992241  9  8  5 119       
PG14 -19727.150817  -7082.209983 -16398.845507    477.151899  7  3  6 116       
PG15  -1562.685178  25755.272864  -6409.284564    194.958647  5  5  6  99       
PG16   6218.300265 -16056.546482  19760.402376   -202.975888  6  6  3 116       
PG17 -17131.902128   4417.602666 -19444.700035    649.396788  5  5  3 109       
PG18  21820.638171   6983.144069  13638.075443   -647.771946  4  3  6 120       
PG19 -18335.923645  11938.934705 -14912.620390    527.348793  6  7  4 118       
PG20  -9437.792634  12193.169362  21695.304152    371.471842  8  6  7 126       
PG21   1498.592502 -15370.062622 -21053.644531    103.203302  8  5  4 110       
PG22 -16320.085901    895.306898 -20460.623747    -53.465545  6  5  2 125       
PG23  20076.615575  14531.594088  -9815.693324    301.985440  7  3  4 113       
PG24   2330.769346  15844.588206 -21611.510800   -486.485639  6  6  5 101       
PG25  17056.870188  20500.525323   1020.615069    499.388100  5  7  4  89       
PG26  15460.955064  -5855.205347  20687.845922     96.303095  4  4  3 112       
PG27  12626.394647 -22635.956477   4355.375528    -33.256287  5  5  3  96       
PG28  26111.657686  -4777.460851    937.272157   -380.548275  7  7  2  97       
PG29   7468.227544  15575.586471  20097.234533   -582.856103  6  3  2  97       
PG30 -26287.003937   -289.695408   4835.906372   -336.263663  5  6  6  86       
PG31  21407.697621 -10594.175926  11792.102277   -225.644531  6  6  3  92       
PG32  16989.785329  -6360.767068 -19114.926215   -604.200202  7  3  3  95       
*  2024  8 21  2 30  0.00000000
PG01  17573.501324   -722.420272  19621.950508 999999.999999 14 19 11           
PG02  -1781.644156 -14858.533442 -21453.450002   -374.782625  7  6  4 108       
PG03 -11434.113293 -22392.510989  -8903.897716    507.914086  4  5  5  97       
PG04  -1432.769609 -22625.656111  13736.344722    428.181254  4  5  2  93       
PG05  -2061.526002  17378.924319  19772.081525   -183.892121  5  6  5 108       
PG06 -26130.113317   5042.463349    655.111256     85.018991  7  5  4  95       
PG07 -19802.279766  -8193.432126  16501.621851    -48.712578  5  6  7  98       
PG08   5618.051278 -25555.344044  -3005.348360    323.372386  7  4  4  68       
PG09 -10256.335143 -13989.194587  20006.921426    322.677548  4  7  4  86       
PG10  19540.989292   5195.367175 -17187.033076   -100.084059  5  2  3 114       
PG11 -18956.800889  12397.149396  13846.957265   -724.362270  9  9  7 118       
PG12   7329.473673  23000.388410 -11406.382603   -531.938371  5  2  3  94       
PG13 -13836.620256  22278.577357   3062.892113    671.994037  9  8  5 114       
PG14 -20650.959241  -8602.214066 -14442.049900    477.159743  7  3  6 109       
PG15  -1989.128039  26200.154927  -3672.010611    194.962683  6  5  6 106       
PG16   7650.294053 -14132.988483  20728.057137   -202.966355  6  6  3 115       
PG17 -16233.525402   2227.719754 -20521.476917    649.388292  5  4  3 106       
PG18  20187.430435   7359.649143  15770.799205   -647.774585  1  3  5 117       
PG19 -17677.601500  10245.294312 -16895.433847    527.353368  6  7  4 116       
PG20 -11299.874675  10573.409182  21641.619937    371.471313  8  7  7 124       
PG21   3922.225024 -15869.248788 -20279.536982    103.202853  8  6  4 106       
PG22 -17545.520583  -1138.761864 -19402.435716    -53.469268  5  5  2 119       
PG23  20576.451204  15376.557345  -7156.753270    301.993244  6  3  4 115       
PG24     19.076212  16395.362785 -21280.922669   -486.486093  6  6  5 101       
PG25  16846.993285  20666.678598  -1796.850915    499.388249  5  6  3  89       
PG26  17030.657165  -4094.052536  19902.976020     96.296132  4  3  3 104       
PG27  12645.325463 -21882.484826   7132.732892    -33.256662  5  5  3  95       
PG28  26105.099923  -4519.025314  -1919.670852   -380.561498  7  7  2  95       
PG29   6411.782521  17547.653491  18786.546276   -582.853752  6  3  1  97       
PG30 -25654.868450   -684.151348   7507.399810   -336.257434  4  5  6  79       
PG31  22653.452662 -10544.418153   9330.628073   -225.644182  6  6  3  83       
PG32  16294.541879  -4163.063021 -20294.155997   -604.197601  7  2  3 110       
*  2024  8 21  2 45  0.00000000
PG01  18974.835567   1023.184700  18313.360402 999999.999999 12 19 10           
PG02    647.313100 -15572.800531 -20987.787658   -374.775756  7  6  4 114       
PG03 -10552.562332 -21657.198511 -11476.636385    507.927162  4  5  5  93       
PG04   -763.601673 -23916.607065  11388.390170    428.187857  4  5  3  91       
PG05  -3805.393486  15788.442973  20816.536726   -183.892822  6  6  5 106       
PG06 -26068.305718   4861.991098  -2249.283652     84.996750  7  5  5 112       
PG07 -17996.498068  -8741.275117  18213.316396    -48.707434  5  6  6  94       
PG08   5965.473402 -25638.065622   -149.687660    323.385177  6  5  4  89       
PG09  -9531.072180 -16107.847612  18732.273760    322.691692  4  7  2  92       
PG10  20727.579612   6650.441296 -15236.291533   -100.094337  5  2  3 111       
PG11 -20417.264960  12455.666009  11511.154202   -724.367036  9  9  7 120       
PG12   6299.439094  22035.459475 -13740.727639   -531.940964  5  2  3  93       
PG13 -13820.107086  21688.038630   5894.193240    671.996235  9  9  6 122       
PG14 -21495.404585  -9895.920337 -12238.581869    477.167581  6  3  5 106       
PG15  -2350.185584  26356.508281   -871.375126    194.966570  6  6  6 106       
PG16   9230.820347 -12215.384499  21325.376537   -202.957033  6  6  3 118       
PG17 -15412.922662   -105.230975 -21232.945274    649.379026  5  4  3 117       
PG18  18355.178082   7870.088321  17634.950279   -647.777229     3  5 120       
PG19 -17026.166489   8332.142592 -18585.954911    527.358209  6  7  4 124       
PG20 -13222.367100   9066.650799  21217.445581    371.471413  8  7  7 117       
PG21   6219.586393 -16457.161376 -19135.551027    103.202265  8  6  4 109       
PG22 -18786.660447  -2995.140489 -17995.820286    -53.472922  4  5  2 118       
PG23  20909.014913  15971.111153  -4376.079434    302.001004  6  3  4 116       
PG24  -2214.092330  17042.370420 -20596.417648   -486.486474  5  5  5 108       
PG25  16431.944712  20613.164198  -4583.983507    499.388400  5  6  3  89       
PG26  18600.109022  -2485.890224  18773.783572     96.289087  4  3  3 102       
PG27  12611.776691 -20832.096064   9783.070455    -33.257027  4  5  3  99       
PG28  25800.274622  -4181.715759  -4743.584958   -380.574714  7  6  3 100       
PG29   5524.198107  19418.403581  17150.185313   -582.851673  5  3  1 104       
PG30 -24757.718386  -1170.508275  10052.264252   -336.251203  4  5  6  72       
PG31  23617.035329 -10505.795001   6710.550638   -225.643757  6  6  4  88       
PG32  15680.336849  -1823.814415 -21116.071691   -604.194958  7  2  4 115       
*  2024  8 21  3  0  0.00000000
PG01  20341.187139   2573.357322  16683.517343 999999.999999 10 19 10           
PG02   2967.037513 -16384.834030 -20143.452583   -374.768713  7  6  5 108       
PG03  -9431.040646 -20778.731971 -13854.623953    507.940242  4  5  5  97       
PG04   -238.817737 -24974.019107   8843.119988    428.194496  4  6  3  99       
PG05  -5705.951556  14228.511963  21496.360646   -183.894029  6  6  5 100       
PG06 -25701.757196   4591.001099  -5115.185504     84.974517  6  5  5 123       
PG07 -16056.062206  -9430.438241  19628.453600    -48.702791  5  6  6 109       
PG08   6241.969849 -25418.266710   2708.606385    323.397998  6  5  4  93       
PG09  -8951.390765 -18101.525395  17132.361462    322.705809  4  6  2  96       
PG10  21822.405730   7869.756040 -13023.634308   -100.104557  5  2  4 111       
PG11 -21604.538110  12526.738232   8976.854160   -724.371803  9  9  7 122       
PG12   5054.608105  20941.976717 -15842.863401   -531.943642  5  3  3 112       
PG13 -13717.158898  20801.696530   8621.988452    671.998103  9  9  6 121       
PG14 -22220.272704 -10960.099171  -9826.389602    477.175424  6  3  5 106       
PG15  -2679.581180  26213.062356   1944.352830    194.970504  7  6  6 108       
PG16  10935.158026 -10348.291160  21542.745833   -202.947552  6  6  3 118       
PG17 -14696.415457  -2537.753443 -21565.455695    649.370074  5  4  2 124       
PG18  16365.580830   8531.220386  19198.433489   -647.779835  3  3  5 120       
PG19 -16418.220024   6228.265648 -19956.195161    527.362913  5  7  4 125       
PG20 -15163.829640   7697.247944  20429.556886    371.471074  8  7  8 119       
PG21   8348.185761 -17104.340055 -17640.391925    103.201439  8  7  4  98       
PG22 -20001.659302  -4649.146497 -16266.136379    -53.476388  3  5  3 121       
PG23  21038.539605  16332.228399  -1521.024695    302.008798  6  3  4 120       
PG24  -4329.796479  17763.477933 -19567.861731   -486.486852  5  6  5 118       
PG25  15791.103340  20370.267223  -7293.966745    499.388510  6  6  3 100       
PG26  20128.688581  -1049.103571  17320.937619     96.282165  3  3  3 108       
PG27  12564.209624 -19493.925125  12258.875646    -33.257425  3  5  3 110       
PG28  25213.768686  -3731.786460  -7485.890700   -380.587978  6  6  3 105       
PG29   4800.632810  21141.348514  15216.351861   -582.849623  5  4  2 106       
PG30 -23621.031933  -1775.818699  12427.702287   -336.244970  4  5  6  82       
PG31  24288.591404 -10441.709291   3976.812539   -225.643301  6  6  5  92       
PG32  15171.344296    613.539556 -21566.523717   -604.192266  6  3  4 114       
*  2024  8 21  3 15  0.00000000
PG01  21629.608395   3915.179169  14762.404887 999999.999999  8 20  9           
PG02   5134.594168 -17266.017816 -18935.355790   -374.761693  7  6  5 106       
PG03  -8067.992457 -19800.322737 -15997.782191    507.953315  4  5  5 109       
PG04    167.501148 -25766.510462   6144.523179    428.201119  4  7  3  81       
PG05  -7731.462870  12738.302357  21799.667422   -183.894976  6  6  5 100       
PG06 -25049.001071   4194.060721  -7893.480144     84.952262  5  5  6 113       
PG07 -14023.283124 -10267.570730  20723.996743    -48.697354  5  5  6 105       
PG08   6483.774200 -24891.435709   5518.950172    323.410801  6  5  4  95       
PG09  -8505.558587 -19925.841392  15235.021433    322.719939  4  6  2  83       
PG10  22781.704885   8853.006855 -10587.915272   -100.114773  5  2  4  96       
PG11 -22503.856422  12572.439653   6287.670025   -724.376508  9  9  7 114       
PG12   3596.792592  19762.653543 -17677.863248   -531.946115  5  3  3 109       
PG13 -13567.415059  19621.865958  11198.098301    672.000055  9  9  6 122       
PG14 -22786.968802 -11799.663740  -7246.836812    477.183272  6  4  5  90       
PG15  -3012.306573  25767.038599   4726.037491    194.974435  7  6  7 113       
PG16  12731.624843  -8571.795676  21377.585580   -202.938461  6  6  4 122       
PG17 -14103.135308  -5021.820670 -21512.315784    649.361170  5  4  2 112       
PG18  14264.073998   9352.106053  20434.158022   -647.782490  5  4  5 121       
PG19 -15885.490376   3969.137833 -20983.891973    527.367728  5  7  4 118       
PG20 -17079.751833   6482.194567  19290.965594    371.470482  8  7  8 118       
PG21  10271.830779 -17775.528236 -15819.864722    103.200888  7  7  4  99       
PG22 -21146.624594  -6084.581485 -14244.742550    -53.479969  3  5  3 112       
PG23  20934.480814  16484.162860   1359.870701    302.016595  5  3  4 104       
PG24  -6293.499823  18530.540955 -18210.818863   -486.487235  5  6  5 111       
PG25  14910.790563  19972.754742  -9881.578747    499.388666  6  6  4  81       
PG26  21574.590469    205.744534  15570.532456     96.275170  3  3  3 107       
PG27  12539.618163 -17886.269229  14515.716681    -33.257797  3  5  3 108       
PG28  24369.971541  -3139.638415 -10099.426256   -380.601187  6  5  3  94       
PG29   4228.223140  22673.109789  13018.476349   -582.847486  4  4  2  87       
PG30 -22276.344762  -2521.896286  14593.764215   -336.238762  5  5  5  86       
PG31  24666.785779 -10315.093657   1175.932703   -225.642967  6  6  5  82       
PG32  14784.453591   3101.631938 -21638.059240   -604.189649  6  3  4 113       
*  2024  8 21  3 30  0.00000000
PG01  22797.348130   5044.365814  12584.846995 999999.999999  4 20  9           
PG02   7113.304405 -18181.790775 -17385.301280   -374.754864  7  7  5 110       
PG03  -6470.567637 -18765.956727 -17870.034301    507.966425  5  5  4 116       
PG04    486.458429 -26269.943343   3339.327005    428.207792  5  8  3  75       
PG05  -9843.790416  11351.534346  21721.281528   -183.896423  6  6  6 103       
PG06 -24136.584935   3640.322461 -10536.456561     84.929997  5  5  6 121       
PG07 -11941.745491 -11251.748392  21481.806663    -48.692202  5  5  6 107       
PG08   6727.623935 -24062.212183   8231.543011    323.423611  6  5  4  95       
PG09  -8174.559324 -21540.709257  13073.281371    322.734067  3  6  3  84       
PG10  23564.079969   9608.641926  -7971.496987   -100.124944  5  3  4  89       
PG11 -23109.243542  12553.819901   3489.944588   -724.381253  8  8  7 107       
PG12   1935.980995  18540.303521 -19215.349937   -531.948860  5  3  3 112       
PG13 -13410.322401  18160.168244  13576.910466    672.002073  8  9  7 121       
PG14 -23160.030584 -12427.266760  -4544.001302    477.191122  6  5  4 102       
PG15  -3383.041821  25024.395965   7424.561435    194.978337  8  7  7 109       
PG16  14582.744271  -6920.079736  20834.309242   -202.928903  6  5  4 120       
PG17 -13644.255993  -7506.600140 -21073.976935    649.352601  5  5  2 117       
PG18  12098.232873  10333.593018  21320.514760   -647.785124  5  4  6 119       
PG19 -15453.617091   1595.703450 -21652.799089    527.372183  5  7  4 120       
PG20 -18924.127619   5430.603489  17820.733378    371.470061  8  7  8 120       
PG21  11962.007408 -18431.157243 -13706.438792    103.200435  7  7  4  87       
PG22 -22177.397791  -7294.156483 -11968.342152    -53.484113  3  6  3 108       
PG23  20572.780152  16457.359045   4217.675054    302.024328  5  2  4 109       
PG24  -8076.208926  19310.396675 -16546.423425   -486.487592  5  6  5 114       
PG25  13784.897711  19458.445225 -12303.874704    499.388850  6  5  4  92       
PG26  22896.372442   1276.072085  13553.565910     96.268197  3  3  3  99       
PG27  12571.863936 -16036.018220  16513.138685    -33.258218  3  5  4 105       
PG28  23300.123060  -2381.163664 -12539.257825   -380.614430  6  5  3  99       
PG29   3786.757477  23975.015266  10594.634167   -582.845613  4  5  3  81       
PG30 -20760.110934  -3424.311966  16513.973478   -336.232544  5  5  5  97       
PG31  24758.697411 -10089.976094  -1644.756957   -225.642672  5  6  6  79       
PG32  14528.630000   5590.849383 -21330.028098   -604.187012  6  3  4 122       
*  2024  8 21  3 45  0.00000000
PG01  23803.491492   5965.140862  10189.789626 999999.999999    20  7           
PG02   8874.039412 -19093.071339 -15521.538045   -374.748011  7  7  5 102       
PG03  -4654.526722 -17718.703235 -19439.871445    507.979551  5  5  4 115       
PG04    752.928999 -26468.347218    476.172502    428.214432  5  9  3  80       
PG05 -11999.731623  10095.254360  21262.823359   -183.897285  6  6  6  92       
PG06 -22998.057786   2904.916967 -12998.621592     84.907737  5  6  6 115       
PG07  -9854.876983 -12374.369230  21888.906134    -48.687173  5  6  6 109       
PG08   7009.080025 -22944.282103  10798.327092    323.436420  5  5  4 100       
PG09  -7932.998712 -22911.773871  10684.766000    322.748193  3  6  4  75       
PG10  24132.085323  10153.281371  -5219.494230   -100.135180  4  3  4  87       
PG11 -23423.627431  12432.576439    631.947772   -724.385961  8  8  8 113       
PG12     90.126176  17316.246719 -20429.937932   -531.951332  5  4  3 113       
PG13 -13283.411153  16437.245734  15716.255395    672.003875  8  9  7 108       
PG14 -23308.529489 -12862.610985  -1763.937646    477.198978  6  5  4  96       
PG15  -3824.557264  23999.741790   9991.751675    194.982377  8  7  7 121       
PG16  16446.646635  -5420.254172  19924.132424   -202.919689  6  5  4 118       
PG17 -13322.571222  -9940.310287 -20258.061530    649.343913  5  5  3 109       
PG18   9916.097997  11468.119697  21841.770100   -647.787743  6  5  6 117       
PG19 -15141.197200   -847.032869 -21952.866809    527.376739  5  7  4 126       
PG20 -20651.105714   4543.494404  16043.681080    371.469874  7  7  9 115       
PG21  13398.935909 -19029.063399 -11338.614311    103.199643  6  6  4  79       
PG22 -23051.351483  -8279.538088  -9478.212970    -53.487478  3  6  4 106       
PG23  19936.893749  16287.138828   7003.864393    302.032077  6  2  4  93       
PG24  -9655.428114  20066.072241 -14601.165090   -486.487968  5  6  5 108       
PG25  12415.237757  18866.693115 -14520.820387    499.389019  6  5  5 102       
PG26  24054.482898   2167.125581  11305.348798     96.261158  3  3  4  92       
PG27  12690.148128 -13977.731432  18215.476099    -33.258613  3  4  4 109       
PG28  22041.110547  -1438.876878 -14763.450542   -380.627669  5  4  3 104       
PG29   3449.646644  25014.524280   7986.873135   -582.843786  3  5  3  86       
PG30 -19112.396021  -4491.624499  18155.900665   -336.226329  5  5  5  92       
PG31  24579.417034  -9732.993992  -4437.866996   -225.642364  5  6  6  79       
PG32  14404.612040   8031.097423 -20648.552053   -604.184334  6  4  4 116       
*  2024  8 21  4  0  0.00000000
PG01  24610.513869   6689.778417   7619.533483 999999.999999    20  6           
PG02  10396.188044 -19957.888595 -13378.159386   -374.741020  7  7  5 105       
PG03  -2643.827072 -16699.075091 -20680.846883    507.992626  5  5  4 121       
PG04   1003.993478 -26354.535085  -2395.248783    428.221112  6  9  4  92       
PG05 -14152.560836   8988.893516  20432.662108   -183.898367  6  6  6  98       
PG06 -21672.697857   1970.121440 -15237.483672     84.885487  5  6  6 121       
PG07  -7804.524598 -13619.319351  21937.695653    -48.682325  5  6  5 108       
PG08   7360.897798 -21559.912566  13173.912975    323.449226  5  5  5 103       
PG09  -7750.268692 -24011.625668   8111.020746    322.762342  4  6  4  70       
PG10  24453.657539  10510.837571  -2378.994185   -100.145395  3  4  4  84       
PG11 -23458.620835  12172.711787  -2236.963684   -724.390655  7  7  8 121       
PG12  -1915.358558  16128.792618 -21301.598657   -531.953843  5  4  2 114       
PG13 -13220.651559  14482.116074  17578.219363    672.005890  8  8  7 109       
PG14 -23207.308582 -13131.501583   1046.084785    477.206837  6  6  3  85       
PG15  -4366.165627  22715.900359  12381.326164    194.986265  8  7  7 121       
PG16  18278.640603  -4091.507408  18664.745990   -202.910255  5  5  4 107       
PG17 -13132.438785 -12272.127165 -19079.227185    649.334913  5  6  3 106       
PG18   7764.483283  12739.848285  21988.368239   -647.790384  6  5  7 116       
PG19 -14959.123461  -3311.550833 -21880.315609    527.381330  5  7  4 120       
PG20 -22216.653371   3813.901291  13989.995505    371.469301  7  6  9 128       
PG21  14572.243595 -19526.356084  -8760.105915    103.198923  7  6  4  93       
PG22 -23729.123068  -9051.017958  -6819.345275    -53.491107  4  6  4 104       
PG23  19018.547807  16012.214192   9671.113918    302.039824  6  2  4  98       
PG24 -11015.890103  20758.171898 -12406.580155   -486.488343  5  6  5 109       
PG25  10811.612952  18236.842815 -16495.872075    499.389220  6  5  5  99       
PG26  25012.712236   2891.529305   8864.859165     96.254161  3  4  5  82       
PG27  12917.688836 -11752.400354  19592.558587    -33.259029  3  4  4 107       
PG28  20634.061511   -302.789901 -16733.786743   -380.640914  4  3  3 106       
PG29   3185.152138  25766.424376   5240.466417   -582.841754  4  5  3  88       
PG30 -17375.448905  -5724.873442  19491.679715   -336.220173  5  5  4 100       
PG31  24151.367172  -9214.803043  -7156.688983   -225.642263  5  6  6  93       
PG32  14404.955007  10373.576906 -19606.361102   -604.181653  6  4  4 109       
*  2024  8 21  4 15  0.00000000
PG01  25185.690307   7237.842338   4918.937156 999999.999999    20  4           
PG02  11668.256889 -20733.144366 -10994.368796   -374.733943  7  8  5 101       
PG03   -469.905638 -15743.499437 -21571.992429    508.005766  6  5  4 122       
PG04   1277.282873 -25930.387356  -5225.080049    428.227764  6 10  4  80       
PG05 -16253.716963   8043.644471  19245.738165   -183.899473  6  6  6  84       
PG06 -20204.028498    826.256570 -17214.292063     84.863229  5  6  6 115       
PG07  -5829.582434 -14963.407085  21626.117872    -48.676874  6  6  5 102       
PG08   7811.519988 -19939.145482  15316.447302    323.462050  5  4  5  97       
PG09  -7591.921905 -24820.750963   5396.766468    322.776462  4  6  4  83       
PG10  24503.341162  10711.375591    501.733433   -100.155544  3  4  4  81       
PG11 -23233.973644  11742.110313  -5067.208833   -724.395358  7  7  8 113       
PG12  -4048.375733  15011.852210 -21815.947023   -531.956307  5  5  2 116       
PG13 -13250.961894  12331.190770  19129.874523    672.007964  7  8  7 111       
PG14 -22838.011989 -13264.677445   3838.357298    477.214664  7  6  3  84       
PG15  -5032.293581  21203.146704  14549.836650    194.990000  8  7  6 113       
PG16  20032.885833  -2944.594988  17079.868768   -202.900925  5  5  4 108       
PG17 -13060.094580 -14454.057195 -17558.870526    649.325579  4  6  4 113       
PG18   5687.330341  14125.125610  21757.134746   -647.792983  5  6  7 119       
PG19 -14910.232998  -5749.435029 -21437.608581    527.386099  5  7  4 116       
PG20 -23580.169634   3227.297066  11694.738086    371.469426  7  6  9 121       
PG21  15481.215516 -19881.343909  -6018.869294    103.198160  6  6  4  88       
PG22 -24176.209406  -9626.826296  -4039.514686    -53.494512  4  7  4  96       
PG23  17818.193158  15673.081491  12174.070853    302.047599  6  3  3  95       
PG24 -12150.028945  21346.397368  -9998.844688   -486.488706  6  5  6 101       
PG25   8991.599324  17606.705836 -18196.499833    499.389426  6  4  5 100       
PG26  25739.515384   3468.559519   6274.054577     96.247116  3  4  5  81       
PG27  13270.663015  -9405.951450  20620.291432    -33.259429  4  3  4 108       
PG28  19122.786708   1029.005073 -18416.419480   -380.654079  4  3  2 107       
PG29   2957.822353  26213.751876   2403.105342   -582.839931  4  6  4  88       
PG30 -15592.202782  -7117.353710  20498.460277   -336.213964  5  5  3  93       
PG31  23503.372672  -8511.332398  -9755.909494   -225.641937  4  5  7  96       
PG32  14514.414990  12572.499497 -18222.503974   -604.178962  6  5  4 109       
*  2024  8 21  4 30  0.00000000
PG01  25502.310380   7635.161182   2134.608279 999999.999999  1 20              
PG02  12688.079509 -21376.424805  -8413.636566   -374.726929  8  9  5  94       
PG03   1829.315803 -14882.954206 -22098.152671    508.018736  6  5  3 124       
PG04   1609.300618 -25206.791408  -7964.189038    428.234463  6 10  4  93       
PG05 -18254.567337   7262.179864  17723.260492   -183.900589  6  6  6  90       
PG06 -18638.177913   -527.724912 -18894.718367     84.841001  6  6  5 117       
PG07  -3964.714992 -16377.056009  20957.766488    -48.671809  6  7  5 105       
PG08   8383.757205 -18118.685304  17188.401374    323.474826  5  4  5 105       
PG09  -7421.200544 -25328.181864   2589.100148    322.790594  4  7  4  84       
PG10  24263.267945  10789.760718   3374.024441   -100.165722  2  5  4  81       
PG11 -22776.718365  11113.971645  -7809.851534   -724.400104  6  6  8 114       
PG12  -6271.164053  13993.726947 -21964.448005   -531.958762  5  5  2 110       
PG13 -13396.932311  10026.997788  20343.907735    672.010135  7  7  7 109       
PG14 -22189.868576 -13296.466081   6565.509979    477.222496  7  6  2  86       
PG15  -5841.239776  19498.129277  16457.581356    194.993824  8  7  6 116       
PG16  21664.095854  -1981.681462  15198.697885   -202.891417  4  5  4 101       
PG17 -13084.321955 -16442.693271 -15724.678866    649.316716  4  7  4 106       
PG18   3724.171552  15593.257860  21151.375429   -647.795609  5  7  8 112       
PG19 -14989.272880  -8113.011450 -20633.329151    527.390833  5  7  4 115       
PG20 -24705.985181   2762.320841   9197.261764    371.468966  6  6  9 120       
PG21  16134.608223 -20055.421207  -3166.005579    103.197467  5  6  4  87       
PG22 -24364.355192 -10032.126386  -1188.317274    -53.498270  4  7  4 101       
PG23  16345.141399  15310.356802  14470.098102    302.055360  6  3  3  96       
PG24 -13058.169446  21791.148300  -7418.266759   -486.489083  6  4  6 100       
PG25   6980.057828  17011.112990 -19594.651708    499.389605  5  4  6 103       
PG26  26209.159021   3923.176150   3577.155016     96.240097  2  4  5  74       
PG27  13757.459070  -6987.555685  21281.096085    -33.259823  4  3  4 106       
PG28  17552.133502   2550.066734 -19782.450374   -380.667323  4  3  1 115       
PG29   2730.078543  26348.399718   -475.951961   -582.837780  4  6  4  93       
PG30 -13804.758427  -8654.681412  21158.790321   -336.207758  5  5  2  93       
PG31  22669.517441  -7604.843600 -12192.292979   -225.641417  3  5  7 103       
PG32  14710.653317  14586.674089 -16521.942876   -604.176236  6  5  4 112       
*  2024  8 21  4 45  0.00000000
PG01  25540.658105   7912.586002   -685.901782 999999.999999  4 20              
PG02  13462.631658 -21847.779122  -5682.774788   -374.719851  7  8  4  80       
PG03   4210.667632 -14141.819482 -22250.233045    508.031836  6  5  3 118       
PG04   2033.790016 -24203.238941 -10565.044677    428.241147  6 10  5 100       
PG05 -20108.176247   6638.720933  15892.287401   -183.901764  5  6  6  88       
PG06 -17022.145055  -2083.983491 -20249.467697     84.818765  6  6  5 120       
PG07  -2239.218684 -17825.240170  19941.934109    -48.666731  6  7  4 105       
PG08   9093.712073 -16140.529520  18757.262097    323.487639  5  4  5 106       
PG09  -7200.657561 -25531.821587   -263.342628    322.804705  4  7  4  89       
PG10  23723.858091  10784.146144   6189.595892   -100.175931  3  5  4  83       
PG11 -22120.042226  10268.043273 -10417.459681   -724.404843  6  6  8 121       
PG12  -8541.526897  13096.115979 -21744.542351   -531.961577  5  5  3 116       
PG13 -13673.819412   7616.661373  21199.132897    672.012106  6  6  6 119       
PG14 -21260.201450 -13263.312705   9181.281737    477.230329  6  6  2  88       
PG15  -6804.180165  17642.521101  18069.459643    194.997812  7  6  6 119       
PG16  23129.202012  -1196.530300  13055.276026   -202.882244  4  6  4 110       
PG17 -13177.444590 -18200.777487 -13610.043595    649.307775  4  7  4  99       
PG18   1908.761245  17107.573050  20180.865805   -647.798229  4  8  8 112       
PG19 -15183.177849 -10356.941500 -19481.971142    527.395433  4  7  4 108       
PG20 -25564.689331   2391.781025   6540.544591    371.468480  6  6  9 118       
PG21  16550.037296 -20014.819146   -254.585071    103.197500  4  6  4  83       
PG22 -24272.679421 -10297.741024   1683.806077    -53.501917  4  7  4 100       
PG23  14617.376451  14963.114135  16519.978306    302.063130  6  4  2 102       
PG24 -13748.416621  22055.143153  -4708.677794   -486.489462  7  3  7  96       
PG25   4808.390220  16480.590261 -20667.156817    499.389804  5  4  6 105       
PG26  26402.654511   4284.852171    819.908060     96.233305  2  4  5  78       
PG27  14378.270953  -4547.819683  21564.201740    -33.260218  4  3  4 115       
PG28  15966.312903   4245.661200 -20808.422283   -380.680504  4  3    112       
PG29   2463.886159  26171.388720  -3346.759215   -582.835741  4  6  4  97       
PG30 -12052.903694 -10315.150929  21460.923355   -336.201564  5  5  2  94       
PG31  21687.829234  -6484.757977 -14425.327885   -225.641074  3  4  7 112       
PG32  14965.228312  16380.902765 -14535.044910   -604.173556  6  5  4 108       
*  2024  8 21  5  0  0.00000000
PG01  25288.726966   8104.583917  -3494.886462 999999.999999  4 19  3           
PG02  14007.468576 -22111.386420  -2850.960205   -374.712930  5  7  4  71       
PG03   6627.167871 -13536.985453 -22025.358417    508.044939  6  6  2 118       
PG04   2580.213271 -22947.097266 -12982.563168    428.247838  5 10  5 102       
PG05 -21771.007149   6159.450057  13785.201737   -183.902625  5  5  7  84       
PG06 -15402.038186  -3825.884656 -21254.807734     84.796542  6  6  4 120       
PG07   -676.061943 -19268.637177  18593.592388    -48.661841  6  7  4 104       
PG08   9949.991627 -14050.401746  19996.110348    323.500433  5  4  5 105       
PG09  -6893.805000 -25438.434197  -3111.247034    322.818829  4  7  4  79       
PG10  22884.222271  10734.357894   8901.300237   -100.186127  4  5  4  84       
PG11 -21301.930363   9191.602755 -12844.938544   -724.409575  6  5  7 110       
PG12 -10814.226462  12333.375761 -21159.690621   -531.963956  5  5  3 110       
PG13 -14088.854219   5150.203052  21680.875004    672.014177  6  6  6 122       
PG14 -20054.644720 -13202.238346  11641.271952    477.238192  6  6  2  88       
PG15  -7924.471536  15681.453758  19355.740962    195.001881  7  7  5 117       
PG16  24388.914015   -575.023350  10687.795148   -202.872876  3  7  4  93       
PG17 -13306.595884 -19698.503712 -11253.353815    649.298685  3  7  5  98       
PG18    267.928852  18626.733495  18861.728178   -647.800837  4  8  8 109       
PG19 -15471.644799 -12439.718123 -18003.648450    527.400092  4  7  5 106       
PG20 -26134.230776   2083.896110   3770.450642    371.468004  6  7  9 113       
PG21  16752.974062 -19732.134455   2661.564399    103.196771  4  6  4  96       
PG22 -23888.498158 -10458.672154   4526.530654    -53.505677  4  7  4  93       
PG23  12661.046967  14667.288359  18288.568188    302.070910  6  5  3 102       
PG24 -14236.239879  22104.996391  -1916.726463   -486.489817  7  3  7  77       
PG25   2513.565348  16040.202643 -21396.065347    499.390009  5  5  6 105       
PG26  26308.446089   4586.246885  -1951.152964     96.226272  3  4  6  92       
PG27  15125.048018  -2136.937798  21465.784298    -33.260599  5  3  3 108       
PG28  14407.264437   6093.142280 -21476.718744   -380.693676  4  3    115       
PG29   2122.443890  25692.792239  -6159.570542   -582.833921  4  6  4 106       
PG30 -10372.722517 -12070.373158  21399.044710   -336.195342  4  5  2 104       
PG31  20598.839137  -5148.225109 -16417.830991   -225.640739  3  3  6 113       
PG32  15244.830083  17927.134176 -12296.984352   -604.170814  6  5  4 102       
*  2024  8 21  5 15  0.00000000
PG01  24742.650937   8247.723814  -6245.244922 999999.999999  4 19  5           
PG02  14345.818291 -22137.039624     31.265411   -374.706274  4  6  5  84       
PG03   9029.605511 -13077.249912 -21426.939409    508.058022  6  5  2 112       
PG04   3272.403637 -21472.583924 -15174.906905    428.254535  5 10  6 102       
PG05 -23204.491268   5803.246766  11439.093594   -183.904056  5  5  7  82       
PG06 -13821.354203  -5728.436622 -21893.005002     84.774334  7  6  3 116       
PG07    708.859233 -20664.967175  16933.296869    -48.656948  7  7  3 102       
PG08  10953.238996 -11896.055060  20884.075808    323.513268  5  4  6 108       
PG09  -6466.723603 -25063.301252  -5905.483821    322.832978  3  8  4  97       
PG10  21752.253699  10680.236125  11463.849969   -100.196286  5  4  4  87       
PG11 -20363.633748   7880.149864 -15050.322617   -724.414205  5  5  7 104       
PG12 -13042.495690  11712.057924 -20219.334837   -531.966644  5  5  3 101       
PG13 -14640.891978   2678.735426  21781.218136    672.016284  6  5  6 118       
PG14 -18587.059307 -13149.284210  13903.663606    477.246031  6  6  3  93       
PG15  -9197.290830  13661.801040  20292.722062    195.005896  7  7  5 123       
PG16  25409.119711    -95.978904   8137.855558   -202.863524  2  7  5  79       
PG17 -13435.205308 -20914.506748  -8697.192410    649.290024  2  8  5  83       
PG18  -1179.299862  20106.250147  17216.195203   -647.803479  4  9  7 109       
PG19 -15827.979051 -14325.013426 -16223.731578    527.404691  4  8  5 107       
PG20 -26400.746927   1803.724912    934.930877    371.468013  5  7  9 112       
PG21  16775.408870 -19187.563585   5529.058821    103.196063  3  6  4  92       
PG22 -23207.816994 -10552.481848   7290.571629    -53.509515  4  6  4  87       
PG23  10509.656392  14454.202716  19745.393360    302.078701  6  5  3 105       
PG24 -14543.759038  21912.685710    908.917398   -486.490154  7  4  7  72       
PG25    136.948398  15708.604846 -21768.923309    499.390228  5  5  6 107       
PG26  25922.832894   4861.773527  -4689.448218     96.219231  3  5  6  87       
PG27  15981.798062    197.115575  20988.954343    -33.260985  5  3  3 102       
PG28  12913.121421   8062.641460 -21775.863744   -380.706858  4  4    116       
PG29   1671.822185  24931.318245  -8865.721426   -582.831769  4  6  3 107       
PG30  -8795.344251 -13886.175043  20973.411675   -336.189201  4  4  3  96       
PG31  19444.065823  -3600.413414 -18136.505394   -225.640704  3  4  6 113       
PG32  15512.705251  19205.333310  -9847.071144   -604.168135  6  6  4  98       
*  2024  8 21  5 30  0.00000000
PG01  23906.842999   8379.111759  -8891.206791 999999.999999  2 19  7           
PG02  14507.379825 -21901.386485   2912.989161   -374.698956  4  6  5  90       
PG03  11368.215519 -12763.028329 -20464.644289    508.071099  6  5  2 110       
PG04   4127.444959 -19819.486062 -17104.220810    428.261283  5 10  6 109       
PG05 -24376.401761   5542.713762   8895.065302   -183.905550  5  4  7  89       
PG06 -12319.365866  -7759.059793 -22152.659091     84.752127  7  6  3 118       
PG07   1907.218303 -21970.478104  14987.008508    -48.651738  7  7  3 105       
PG08  12096.000621  -9725.517660  21406.661508    323.526100  4  4  5 100       
PG09  -5889.569993 -24429.561006  -8597.963490    322.847036  4  8  4  95       
PG10  20344.410082  10659.992160  13834.505867   -100.206412  5  4  4  92       
PG11 -19348.022461   6337.780586 -16995.511192   -724.418918  5  6  6 107       
PG12 -15179.616092  11230.742281 -18938.777099   -531.969211  5  5  3 106       
PG13 -15320.416779    252.624463  21499.113707    672.018216  6  4  6 115       
PG14 -16879.150196 -13137.999944  15929.908153    477.253859  6  5  3  96       
PG15 -10609.631852  11630.388190  20863.249744    195.010003  6  7  4 118       
PG16  26162.075704    267.772668   5449.697929   -202.854166  1  7  5  77       
PG17 -13524.633222 -21836.500644  -5987.459138    649.280424  2  8  5  74       
PG18  -2422.277157  21500.141773  15272.261009   -647.806085  4 10  7 104       
PG19 -16220.179043 -15982.833174 -14172.417959    527.409354  4  8  6 100       
PG20 -26359.087151   1514.729793  -1916.821643    371.468122  5  7  8 102       
PG21  16654.255291 -18369.788804   8296.106395    103.195594  2  6  4  89       
PG22 -22235.481997 -10617.605841   9928.551326    -53.513316  5  6  4  96       
PG23   8202.978522  14349.276719  20865.174170    302.086430  6  6  3 108       
PG24 -14698.752597  21456.843909   3718.436944   -486.490499  6  4  6  88       
PG25  -2277.028403  15497.331451 -21778.979609    499.390420  5  5  6 104       
PG26  25250.112904   5146.114027  -7349.079301     96.212215  3  5  5  93       
PG27  16925.224872   2410.278083  20143.600629    -33.261367  5  3  2  97       
PG28  11516.835185  10118.041781 -21700.717012   -380.720047  4  4  2 112       
PG29   1082.485491  23913.566744 -11418.485089   -582.829644  5  6  3 106       
PG30  -7345.880098 -15723.731019  20190.402639   -336.182986  4  4  3  99       
PG31  18264.476686  -1854.512743 -19552.447680   -225.640120  4  5  6 115       
PG32  15730.212203  20204.038959  -7228.021470   -604.165460  5  5  4  90       
*  2024  8 21  5 45  0.00000000
PG01  22793.842787   8534.832958 -11389.014225 999999.999999  2 19  8           
PG02  14526.886776 -21388.881677   5743.889582   -374.691964  2  6  5  80       
PG03  13594.385673 -12586.388779 -19154.274964    508.084149  6  5  2 108       
PG04   5154.823342 -18031.676078 -18737.292287    428.267955  5  9  6 109       
PG05 -25261.981500   5345.448232   6197.474512   -183.905971  5  3  7  94       
PG06 -10929.680368  -9878.660591 -22028.927193     84.729892  7  6  3 109       
PG07   2918.482081 -23141.530370  12785.823941    -48.646689  7  8  2  98       
PG08  13362.930267  -7585.353659  21555.935519    323.538901  5  3  5 104       
PG09  -5137.922407 -23567.258194 -11142.464449    322.861120  4  9  4  95       
PG10  18685.195330  10708.639046  15973.722747   -100.216519  5  4  4 101       
PG11 -18297.889416   4577.227533 -18646.934113   -724.423665  5  6  5 115       
PG12 -17180.506950  10880.172280 -17338.974680   -531.971899  5  5  2 114       
PG13 -16109.898124  -2080.303582  20840.349380    672.020101  6  4  6 111       
PG14 -14959.798096 -13198.032015  17685.362607    477.261697  6  5  3 107       
PG15 -12140.663189   9632.207709  21057.091087    195.014023  6  7  3 119       
PG16  26627.350522    548.104471   2669.424034   -202.844704  1  8  5  74       
PG17 -13535.880542 -22461.546002  -3172.446512    649.271620  2  8  5  70       
PG18  -3458.978461  22762.675143  13063.223301   -647.808757  4 10  7 107       
PG19 -16612.218932 -17390.440611 -11884.242689    527.413932  4  8  6  85       
PG20 -26013.007208   1180.410307  -4735.246209    371.467443  5  7  8  87       
PG21  16429.580915 -17276.484239  10913.565922    103.195460  2  5  4  96       
PG22 -20984.992874 -10691.670327  12395.794763    -53.516949  5  6  4 104       
PG23   5785.736554  14370.964182  21628.273608    302.094171  6  6  3 111       
PG24 -14733.422172  20723.814170   6461.804036   -486.490850  6  5  6  97       
PG25  -4682.310011  15410.351932 -21425.322489    499.390646  5  5  6 112       
PG26  24302.446276   5472.734563  -9885.538110     96.205219  4  6  5  93       
PG27  17925.667097   4463.908026  18946.099764    -33.261715  5  4  3  96       
PG28  10245.010650  12218.198922 -21252.561698   -380.733239  4  5  3 116       
PG29    330.637560  22672.993398 -13773.888126   -582.827706  5  6  3 112       
PG30  -6042.587599 -17540.888128  19062.470991   -336.176733  4  4  3 100       
PG31  17098.978646     68.552139 -20641.599787   -225.639616  4  5  5 111       
PG32  15858.443932  20920.593186  -4485.186360   -604.162752  5  5  4  48       
*  2024  8 21  6  0  0.00000000
PG01  21423.884431   8748.454660 -13697.556554 999999.999999    18  9           
PG02  14442.504335 -20592.418695   8475.146102   -374.685121  2  6  5  87       
PG03  15662.333525 -12531.412583 -17517.546407    508.097156  6  5  3 106       
PG04   6355.884422 -16155.483005 -20046.122923    428.274624  5  9  6 115       
PG05 -25844.783369   5175.504682   3393.131734   -183.907069  4  4  7  82       
PG06  -9679.026412 -12042.969968 -21523.633205     84.707721  7  7  3 109       
PG07   3749.843735 -24136.227487  10365.607431    -48.641591  7  8  2  81       
PG08  14731.316537  -5519.009285  21330.591058    323.551697  4  3  4  96       
PG09  -4193.912907 -22512.143395 -13495.420821    322.875255  4  9  4  98       
PG10  16806.360501  10856.550293  17845.747296   -100.226689  4  4  3 101       
PG11 -17254.271482   2619.564656 -19976.135603   -724.428338  5  6  3 114       
PG12 -19003.270320  10643.690278 -15446.251404   -531.974549  5  5  2 111       
PG13 -16984.481247  -4276.437647  19817.383006    672.022207  6  3  6 111       
PG14 -12864.128623 -13353.865072  19139.869720    477.269530  6  5  3  92       
PG15 -13762.432930   7708.723053  20871.138926    195.017861  6  7  3 120       
PG16  26792.492854    780.153879   -155.780143   -202.835423  1  8  5  71       
PG17 -13431.298542 -22795.943637   -301.893985    649.262490  3  8  5  77       
PG18  -4295.906353  23850.118005  10627.122466   -647.811379  5 10  6 100       
PG19 -16965.482828 -18533.020007  -9397.535891    527.418204  4  8  6  85       
PG20 -25375.025477    765.941253  -7471.301529    371.467066  5  7  8 105       
PG21  16142.755353 -15914.431840  13335.885937    103.194925  2  4  3 103       
PG22 -19477.995599 -10809.879096  14651.042261    -53.520258  5  6  4  94       
PG23   3306.092651  14529.963226  22021.058905    302.101941  6  7  3 107       
PG24 -14682.959955  19708.415247   9089.755658   -486.491113  5  5  6  96       
PG25  -7032.730095  15443.908044 -20712.942024    499.390818  5  5  6 109       
PG26  23099.444843   5872.454678 -12256.389562     96.198236  4  6  5  95       
PG27  18948.293089   6326.052081  17418.906006    -33.262072  5  4  3  92       
PG28   9116.997454  14318.363369 -20439.083037   -380.746436  5  5  4 112       
PG29   -600.663243  21248.621740 -15891.470510   -582.825629  5  6  3 114       
PG30  -4896.296783 -19293.638726  17608.000407   -336.170484  5  5  4  90       
PG31  15982.990637   2140.689210 -21385.140852   -225.639353  4  5  5 113       
PG32  15859.854524  21361.040151  -1665.753756   -604.160024  4  5  3  48       
*  2024  8 21  6 15  0.00000000
PG01  19824.204120   9049.640601 -15778.954178 999999.999999    18 10           
PG02  14294.131542 -19513.625822  11060.277870   -374.678198  2  5  5  92       
PG03  17530.691935 -12574.869923 -15581.769889    508.110193  6  4  4 102       
PG04   7723.617112 -14237.984366 -21008.402226    428.281270  5  8  6 118       
PG05 -26117.194124   4994.988962    530.468734   -183.908378  4  5  7  87       
PG06  -8586.318319 -14204.095972 -20645.257734     84.685526  7  8  4 101       
PG07   4415.856566 -24916.033785   7766.519062    -48.636604  7  8  1  78       
PG08  16171.907343  -3565.309033  20735.879818    323.564632  4  3  3 103       
PG09  -3047.102888 -21304.270275 -15616.656832    322.889369  5  8  4 100       
PG10  14745.852293  11128.196825  19419.162940   -100.236857  5  4  4 107       
PG11 -16254.854007    493.587425 -20960.265813   -724.433051  5  7  2 117       
PG12 -20610.636770  10497.959802 -13291.925663   -531.977046  5  5  2  98       
PG13 -17912.978856  -6297.873232  18449.049334    672.024324  6  3  6 109       
PG14 -10632.351562 -13623.764001  20268.272416    477.277428  6  5  4 101       
PG15 -15440.888147   5896.337270  20309.446883    195.021594  6  6  3 118       
PG16  26653.408281   1000.785508  -2978.407467   -202.825998  2  8  5  79       
PG17 -13176.226695 -22854.768681   2573.955358    649.254053  4  8  5  80       
PG18  -4947.655149  24722.435021   8006.086220   -647.814025  5 10  5 106       
PG19 -17240.300009 -19404.058872  -6753.832594    527.422721  4  9  6  92       
PG20 -24465.945332    239.748400 -10077.347606    371.466943  5  7  7 115       
PG21  15834.604794 -14299.257977  15521.904115    103.193964  2  4  3 108       
PG22 -17743.483519 -11003.531865  16657.071745    -53.524054  5  6  3  97       
PG23    814.002602  14828.730552  22036.169190    302.109738  6  7  3 112       
PG24 -14583.977457  18414.374241  11554.786322   -486.491503  5  6  6 105       
PG25  -9283.539311  15586.642488 -19652.714926    499.391016  5  5  6 108       
PG26  21667.503374   6372.120351 -14421.921680     96.191251  4  6  4  96       
PG27  19954.496995   7972.427202  15590.037483    -33.262396  5  5  3  95       
PG28   8144.271061  16371.749820 -19274.238293   -380.759673  5  5  4 115       
PG29  -1720.662002  19683.555971 -17734.976711   -582.823696  5  5  3 114       
PG30  -3910.122759 -20937.688102  15851.059329   -336.164213  5  4  4  96       
PG31  14947.147686   4327.471102 -21769.813970   -225.638595  5  5  5 116       
PG32  15699.826962  21539.704185   1182.061303   -604.157341  4  5  3  68       
*  2024  8 21  6 30  0.00000000
PG01  18028.114412   9462.922543 -17599.089403 999999.999999  5 17 10           
PG02  14121.680673 -18162.825324  13455.898983   -374.671482  3  5  5  93       
PG03  19163.943903 -12687.188017 -13379.441613    508.123194  6  4  4 100       
PG04   9242.771459 -12325.285830 -21607.875950    428.287957  6  8  6 122       
PG05 -26080.625806   4765.719224  -2341.306202   -183.909195  5  6  7  73       
PG06  -7662.034946 -16312.230746 -19408.807652     84.663332  7  8  4 111       
PG07   4937.771189 -25447.316458   5032.436331    -48.631476  7  8  1  77       
PG08  17649.993233  -1757.158098  19783.426130    323.577473  4  3  2  97       
PG09  -1695.069124 -19986.446175 -17470.056219    322.903490  5  8  4 113       
PG10  12546.545296  11541.106239  20667.376853   -100.246940  4  4  4 113       
PG11 -15332.521217  -1765.107497 -21582.471654   -724.437798  6  7  2 113       
PG12 -21971.259033  10413.951915 -10911.856163   -531.979677  5  5  2 102       
PG13 -18859.119809  -8113.662378  16760.150294    672.025975  6  4  6 103       
PG14  -8308.411290 -14018.957540  21050.854115    477.285273  5  5  4 100       
PG15 -17137.161458   4225.094814  19383.095098    195.025672  6  6  3 121       
PG16  26214.438535   1247.014123  -5751.369631   -202.816677  3  8  5  91       
PG17 -12740.492457 -22661.074242   5405.273693    649.245015  4  7  5  93       
PG18  -5436.151786  25344.858069   5245.591005   -647.816626  4 10  4 106       
PG19 -17397.527545 -20005.436817  -3997.240851    527.427631  4  9  6  98       
PG20 -23314.061873   -425.042665 -12508.004507    371.466428  5  7  7 108       
PG21  15543.655967 -12454.819438  17435.495539    103.194124  2  5  3 109       
PG22 -15816.745576 -11298.726447  18381.226889    -53.527902  5  6  3 107       
PG23  -1640.504090  15261.321370  21672.682542    302.117521  6  6  3 109       
PG24 -14472.862850  16854.398945  13812.128930   -486.491912  4  6  5 113       
PG25 -11392.898086  15820.018594 -18261.307733    499.391172  6  5  5 118       
PG26  20038.896457   6993.427690 -16345.756891     96.184276  4  6  4 109       
PG27  20903.435011   9387.085570  13492.476447    -33.262767  5  5  4  97       
PG28   7330.127138  18331.194278 -17778.020008   -380.772909  5  5  4 118       
PG29  -3030.370818  18023.353639 -19272.966420   -582.821551  5  4  3 114       
PG30  -3079.479385 -22430.059343  13821.053939   -336.157989  5  4  4  89       
PG31  14016.182962   6589.205655 -21788.182414   -225.638226  5  5  5 113       
PG32  15348.123758  21478.468670   4009.824818   -604.154606  4  5  2  79       
*  2024  8 21  6 45  0.00000000
PG01  16073.878718  10006.668594 -19128.082540 999999.999999  8 17 11           
PG02  13963.402433 -16558.668629  15622.381619   -374.664392  3  4  5  97       
PG03  20533.651811 -12833.678317 -10947.739797    508.136250  5  4  5  94       
PG04  10890.304838 -10460.855795 -21834.603933    428.294651  6  7  6 125       
PG05 -25745.371874   4450.888300  -5173.050924   -183.910279  5  6  7  73       
PG06  -6907.938761 -18317.445648 -17835.566262     84.641121  7  9  4 102       
PG07   5342.590884 -25702.747614   2210.269816    -48.626603  7  8  2  78       
PG08  19126.702201   -120.497214  18490.931891    323.590324  4  3  2  95       
PG09   -143.679036 -18602.596437 -19024.156702    322.917600  6  8  4 117       
PG10  10254.801157  12105.081350  21569.044272   -100.257039  3  5  4 111       
PG11 -14514.108908  -4115.307359 -21832.180465   -724.442519  6  7  3 114       
PG12 -23060.804781  10358.163001  -8345.907622   -531.982409  5  6  2  89       
PG13 -19783.000413  -9700.776488  14780.941904    672.028810  6  5  6  85       
PG14  -5938.496588 -14543.095991  21473.697045    477.293126  5  4  4 103       
PG15 -18809.064247   2717.672241  18109.894366    195.029555  6  5  4 113       
PG16  25488.147412   1554.444105  -8428.706783   -202.807324  3  8  5  91       
PG17 -12099.715514 -22244.806480   8143.524066    649.236126  5  7  5  85       
PG18  -5789.602327  25689.266653   2393.653684   -647.819281  4 10  3 108       
PG19 -17400.125277 -20347.218361  -1173.773720    527.432064  5  9  6  93       
PG20 -21954.084302  -1249.344124 -14720.970397    371.466288  5  7  6 103       
PG21  15304.541665 -10412.281998  19046.066839    103.193745  3  5  3 107       
PG22 -13738.107536 -11715.287834  19795.850259    -53.531302  5  6  3 101       
PG23  -4009.054650  15813.564367  20936.176905    302.125298  6  6  3 113       
PG24 -14384.140056  15049.878456  15820.694926   -486.492301  4  6  5 108       
PG25 -13323.281425  16119.021181 -16560.994517    499.391275  6  5  5 109       
PG26  18250.672322   7751.938849 -17995.418652     96.177280  4  6  3 112       
PG27  21753.637499  10562.745699  11163.501691    -33.263095  4  5  4  91       
PG28   6669.700492  20150.835838 -15976.116313   -380.786134  5  6  4 113       
PG29  -4522.357606  16314.322349 -20479.335438   -582.819430  5  4  3 116       
PG30  -2392.397569 -23730.674744  11552.280824   -336.151752  5  4  4 100       
PG31  13208.029200   8882.211317 -21438.809519   -225.638068  5  4  5 116       
PG32  14780.167682  21205.787602   6769.678018   -604.151857  4  5  2  85       
*  2024  8 21  7  0  0.00000000
PG01  14003.424745  10692.281312 -20340.711871 999999.999999 10 16 12           
PG02  13854.319798 -14727.472089  17524.422610   -374.657356  4  4  4  96       
PG03  21619.432694 -12975.978784  -8327.934921    508.149278  5  4  5  86       
PG04  12636.137826  -8683.979103 -21685.104665    428.301358  6  7  6 119       
PG05 -25130.137983   4016.663326  -7916.515845   -183.911929  6  6  6  89       
PG06  -6317.146832 -20171.504078 -15952.727631     84.618923  7  9  5 102       
PG07   5661.872835 -25662.503147   -650.822118    -48.621286  7  8  2  89       
PG08  20560.451693   1326.455559  16881.783789    323.603227  4  3  2 102       
PG09   1592.954085 -17196.105375 -20252.661197    322.931699  6  7  4 109       
PG10   7918.903508  12821.706858  22108.425098   -100.267133  3  5  4 109       
PG11 -13819.407545  -6511.587139 -21705.272230   -724.447197  6  8  4 101       
PG12 -23862.805481  10294.022139  -5637.340014   -531.984875  5  6  1  86       
PG13 -20642.677049 -11044.749208  12546.532571    672.030541  6  6  6  94       
PG14  -3569.463776 -15192.005930  21528.951307    477.300966  5  4  4  97       
PG15 -20412.717101   1388.698057  16513.942332    195.033691  5  5  5 112       
PG16  24494.826673   1955.779403 -10966.261301   -202.797999  4  7  5 102       
PG17 -11236.369698 -21641.482848  10742.277269    649.227310  6  6  5  79       
PG18  -6041.185964  25735.321324   -500.030757   -647.821943  5 10  2 102       
PG19 -17214.668155 -20447.156386   1669.349072    527.436698  6  8  6 100       
PG20 -20425.817059  -2247.081931 -16677.782129    371.465721  5  7  5 101       
PG21  15146.626598  -8208.945111  20328.900406    103.193055  4  4  3 110       
PG22 -11551.517200 -12265.956970  20878.622912    -53.535039  5  6  3 103       
PG23  -6246.608559  16463.568455  19838.680811    302.133019  6  6  3 105       
PG24 -14348.904705  13030.218916  17543.944527   -486.492719  5  6  5 107       
PG25 -15042.744515  16453.118927 -14579.385617    499.391473  6  4  4 111       
PG26  16343.381549   8656.325607 -19342.847460     96.170282  5  6  2 112       
PG27  22464.632282  11500.786788   8643.970878    -33.263411  4  5  4  90       
PG28   6150.307424  21787.759080 -13899.473690   -380.799340  5  7  4 111       
PG29  -6180.866955  14601.806769 -21333.739271   -582.817482  5  5  3 112       
PG30  -1830.139958 -24803.852209   9083.382712   -336.145547  6  4  5 103       
PG31  12533.174594  11160.255979 -20726.356178   -225.637628  5  5  4 112       
PG32  13978.107321  20755.470509   9415.106645   -604.149123  3  5  2  94       
*  2024  8 21  7 15  0.00000000
PG01  11860.939908  11523.651409 -21216.775999 999999.999999 12 15 13           
PG02  13824.825565 -12702.287642  19131.512486   -374.650335  5  4  4 101       
PG03  22409.639702 -13073.658273  -5564.719769    508.162334  4  4  5  75       
PG04  14444.189061  -7028.388699 -21162.386020    428.308077  6  6  5 114       
PG05 -24261.269346   3433.662132 -10525.141287   -183.913041  6  6  6  96       
PG06  -5874.551230 -21829.620481 -13792.921188     84.596737  7  9  5  97       
PG07   5930.316002 -25315.199599  -3500.309515    -48.616054  7  8  3  87       
PG08  21908.499215   2573.653857  14984.575304    323.616061  4  4  3  97       
PG09   3492.832994 -15808.196911 -21134.859151    322.945773  6  6  4 114       
PG10   5587.421993  13684.163865  22275.667602   -100.277242  3  5  4 108       
PG11 -13260.453836  -8905.877672 -21204.138102   -724.451926  7  8  5 108       
PG12 -24369.225897  10183.438144  -2832.126674   -531.987501  5  6  2  78       
PG13 -21395.834670 -12139.980439  10096.208570    672.032707  6  7  6  98       
PG14  -1247.230975 -15953.754150  21215.008228    477.308795  4  4  5 105       
PG15 -21904.243193    244.424911  14625.050247    195.037476  5  5  5 110       
PG16  23261.743578   2479.453807 -13322.311598   -202.788724  4  7  5 100       
PG17 -10140.567626 -20890.692201  13157.958112    649.218400  6  6  5  89       
PG18  -6227.549347  25471.302828  -3384.988035   -647.824593  5  9  2 104       
PG19 -16812.742450 -20329.922293   4484.423610    527.441280  6  8  5  92       
PG20 -18772.652799  -3424.452310 -18344.503008    371.465476  5  7  5 119       
PG21  15092.897560  -5886.872569  21265.358561    103.192790  4  3  3 115       
PG22  -9303.027432 -12955.861375  21612.813698    -53.538774  5  6  4 106       
PG23  -8313.013695  17182.545140  18398.511507    302.140804  5  6  3 102       
PG24 -14393.409797  10831.839750  18950.659350   -486.493112  5  6  5 106       
PG25 -16526.000832  16787.458759 -12349.064774    499.391628  7  4  4 111       
PG26  14359.684097   9707.868817 -20364.860285     96.163292  5  6  1 111       
PG27  22998.516835  12210.916511   5977.569595    -33.263772  4  5  4  77       
PG28   5752.097899  23203.534303 -11583.769287   -380.812601  5  7  4 101       
PG29  -7982.266953  12928.531795 -21821.914058   -582.815374  5  6  3 121       
PG30  -1368.091804 -25619.656672   6456.713159   -336.139334  6  5  4  96       
PG31  11994.300551  13376.111172 -19661.589901   -225.637157  5  5  4 109       
PG32  12931.630834  20165.288380  11901.675751   -604.146358  3  5  3  94       
*  2024  8 21  7 30  0.00000000
PG01   9691.394942  12496.885170 -21741.396818 999999.999999 13 13 13           
PG02  13899.489493 -10521.750261  20418.308784   -374.643379  5  4  4 107       
PG03  22901.720265 -13085.922594  -2705.467875    508.175340  4  4  4  63       
PG04  16273.647889  -5521.126435 -20275.863710    428.314782  6  5  5 112       
PG05 -23171.707356   2678.251739 -12954.814297   -183.914068  6  6  6  91       
PG06  -5557.572135 -23252.095735 -11393.635115     84.574547  7  9  6  92       
PG07   6184.188827 -24658.518064  -6287.242521    -48.611265  7  7  3  81       
PG08  23128.531101   3619.353079  12832.556452    323.628934  3  4  3  95       
PG09   5526.740855 -14476.415686 -21655.952956    322.959851  6  6  5 113       
PG10   3307.561729  14677.362202  22067.013837   -100.287333  4  5  4 102       
PG11 -12841.137260 -11249.137502 -20337.625145   -724.456642  7  8  5 111       
PG12 -24580.728033   9988.429559     21.791438   -531.990206  5  7  3  85       
PG13 -22001.464500 -12989.696568   7472.702849    672.034578  6  7  7  73       
PG14    984.796766 -16809.021708  20536.572579    477.316653  3  4  5 102       
PG15 -23241.449682   -717.240338  12478.062362    195.041638  5  6  6 100       
PG16  21822.158930   3148.426262 -15458.162932   -202.779229  5  6  5 108       
PG17  -8810.545513 -20034.479443  15350.512722    649.209486  6  5  4  84       
PG18  -6387.162779  24894.621767  -6210.881269   -647.827255  5  9  2 108       
PG19 -16172.175443 -20026.088006   7224.001654    527.445744  7  7  5  83       
PG20 -17039.937915  -4779.489180 -19692.324142    371.465421  5  7  4 104       
PG21  15159.146922  -3491.391575  21842.961452    103.192148  4  2  4 113       
PG22  -7039.231779 -13782.279341  21987.442569    -53.542207  5  6  4 105       
PG23 -10174.382192  17935.917724  16640.000062    302.148594  6  5  4 106       
PG24 -14537.867421   8496.873233  20015.592951   -486.493525  4  6  4 108       
PG25 -17755.269288  17084.253255  -9907.133333    499.391820  7  4  4 101       
PG26  12342.882514  10900.233814 -21043.547238     96.156295  5  6  1 123       
PG27  23321.421573  12710.534185   3210.042475    -33.264090  4  5  4  91       
PG28   5448.991984  24365.596627  -9068.801380   -380.825858  5  8  5  98       
PG29  -9895.803384  11333.064691 -21935.891448   -582.813194  5  7  3 104       
PG30   -976.896085 -26155.050697   3717.618720   -336.133138  5  5  4  91       
PG31  11586.219694  15483.168005 -18261.299677   -225.636799  5  6  4 104       
PG32  11638.500806  19475.453506  14187.721680   -604.143586  3  5  4  91       
*  2024  8 21  7 45  0.00000000
PG01   7539.044035  13600.315691 -21905.260765 999999.999999 15 10 13           
PG02  14096.111058  -8228.749396  21364.917471   -374.636539  6  3  4 100       
PG03  23102.233348 -12973.356530    200.568879    508.188371  4  4  4  48       
PG04  18080.434767  -4181.674757 -19041.170855    428.321495  6  5  5 108       
PG05 -21899.717366   1733.621863 -15164.574929   -183.915328  6  6  5  92       
PG06  -5337.213246 -24405.763926  -8796.549392     84.552295  8  9  6  74       
PG07   6459.660793 -23699.475691  -8961.257703    -48.606022  7  7  3  88       
PG08  24180.229514   4469.923850  10463.024171    323.641765  2  4  3  81       
PG09   7659.182254 -13233.265077 -21807.285956    322.973900  6  6  5 114       
PG10   1123.556027  15778.390090  21484.921220   -100.297444  5  4  4 101       
PG11 -12557.135605 -13493.064085 -19120.869169   -724.461347  8  9  5  99       
PG12 -24506.614002   9672.775898   2875.305839   -531.992647  5  7  3  82       
PG13 -22421.485810 -13605.575535   4721.423196    672.036422  6  8  7  86       
PG14   3087.211958 -17731.777252  19504.629430    477.324570  3  4  5  99       
PG15 -24385.425603  -1506.360090  10112.092166    195.045342  4  6  6 103       
PG16  20214.150732   3979.179904 -17338.692832   -202.769993  5  6  5 104       
PG17  -7252.837933 -19115.678583  17283.991697    649.200325  6  5  4 104       
PG18  -6558.605899  24011.977265  -8928.426192   -647.829883  6  8  3 108       
PG19 -15278.052814 -19570.893535   9841.640365    527.449943  7  6  5  97       
PG20 -15273.276307  -6301.960021 -20698.067948    371.464854  5  8  4 106       
PG21  15353.464275  -1069.522123  22055.354721    103.192056  5     4 106       
PG22  -4805.706732 -14734.699419  21997.362753    -53.545971  5  6  4 103       
PG23 -11804.231118  18684.676695  14593.105218    302.156381  6  5  4  91       
PG24 -14795.522413   6071.625508  20719.979313   -486.493923  4  6  4 100       
PG25 -18720.853530  17304.313269  -7294.662018    499.391966  7  4  4  89       
PG26  10335.432194  12219.533008 -21366.599087     96.149322  5  6    112       
PG27  23404.812905  13023.821413    388.419994    -33.264440  5  5  3  68       
PG28   5209.863965  25248.410955  -6397.808121   -380.839076  6  8  5  93       
PG29 -11884.631254   9848.453763 -21674.105906   -582.811341  5  7  2 116       
PG30   -623.790093 -26394.795108    913.649915   -336.126969  5  6  4  82       
PG31  11296.122396  17437.057135 -16548.111568   -225.636160  6  6  3 106       
PG32  10104.793207  18727.029356  16234.994039   -604.140863  3  5  4 100       
*  2024  8 21  8  0  0.00000000
PG01   5445.950797  14814.799703 -21704.795387 999999.999999 16  6 14           
PG02  14425.043687  -5868.975012  21957.087586   -374.629495  6  3  4 112       
PG03  23026.521240 -12699.633177   3103.110719    508.201316  4  4  4  83       
PG04  19818.792698  -3021.390171 -17479.863856    428.328249  6  4  5 104       
PG05 -20487.436947    590.595339 -17117.263387   -183.916796  6  6  5  99       
PG06  -5179.376711 -25265.192994  -6046.791413     84.530075  8  9  6  81       
PG07   6791.110145 -22454.320092 -11473.613166    -48.600925  7  7  3  89       
PG08  25026.760382   5139.362649   7916.665807    323.654669  1  4  4  86       
PG09   9849.565057 -12105.052220 -21586.470001    322.987934  6  6  4 106       
PG10   -924.840000  16957.269907  20538.094824   -100.307574  6  4  4 106       
PG11 -12396.180631 -15591.778757 -17575.019502   -724.466056  8  9  6  85       
PG12 -24164.444235   9203.625600   5678.983253   -531.995231  5  7  3 102       
PG13 -22622.250625 -14007.057939   1889.655162    672.038232  6  8  7  88       
PG14   5025.941643 -18690.227125  18136.302965    477.332428  2  5  5 106       
PG15 -25301.991500  -2140.269800   7569.700402    195.049123  4  6  6 110       
PG16  18479.283649   4980.956803 -18932.849097   -202.760537  5  5  4 103       
PG17  -5482.144007 -18176.256774  18927.046693    649.191342  6  5  4  95       
PG18  -6778.853511  22839.157889 -11490.285515   -647.832573  6  7  4 100       
PG19 -14123.484051 -19002.841735  12292.653352    527.454522  7  5  5 102       
PG20 -13516.839244  -7973.594061 -21344.584738    371.464362  5  8  4  97       
PG21  15676.038209   1331.604347  21902.183749    103.191462  5  3  4 113       
PG22  -2645.512465 -15795.167563  21643.266712    -53.549432  5  6  4 111       
PG23 -13184.341516  19386.930047  12292.920181    302.164182  6  5  4  99       
PG24 -15172.040068   3604.869146  21051.885064   -486.494300  3  6  4 107       
PG25 -19421.425043  17408.670314  -4556.053120    499.392122  7  5  4  90       
PG26   8377.481209  13644.677417 -21327.559077     96.142279  5  5  1 110       
PG27  23226.592437  13180.600478  -2439.747356    -33.264789  5  5  3  83       
PG28   4999.927925  25834.377929  -3616.725983   -380.852279  6  8  6  85       
PG29 -13907.083400   8501.093749 -21041.394681   -582.809305  5  7  2 115       
PG30   -274.091246 -26332.059654  -1906.285048   -336.120807  5  5  3  80       
PG31  11104.129040  19197.212726 -14550.201168   -225.635692  6  6  3  89       
PG32   8344.833776  17960.328075  18009.241473   -604.138111  4  5  5 112       
*  2024  8 21  8 15  0.00000000
PG01   3450.589283  16114.293273 -21142.277502 999999.999999 16    14           
PG02  14888.806293  -3489.390340  22186.324912   -374.622373  6  3  4 107       
PG03  22698.045014 -12233.121810   5951.733728    508.214392  5  3  4  85       
PG04  21442.948499  -2043.257504 -15619.031197    428.334920  6  5  5  98       
PG05 -18979.299499   -751.852640 -18780.100783   -183.918244  6  7  4 105       
PG06  -5046.384151 -25813.591738  -3192.128869     84.507796  8  8  6  86       
PG07   7209.484945 -20948.039500 -13778.222598    -48.595596  7  7  3  88       
PG08  25636.129481   5648.523642   5236.867548    323.667509  2  5  4  83       
PG09  12053.578786 -11110.982104 -20997.411820    323.002036  6  6  4  99       
PG10  -2803.699343  18177.997937  19241.425167   -100.317749  6  3  4  97       
PG11 -12338.642127 -17503.421155 -15726.861330   -724.470789  8  9  6  75       
PG12 -23579.340131   8552.995712   8383.936907   -531.997974  5  7  3  99       
PG13 -22575.876408 -14220.376492   -974.245813    672.040321  7  8  7  84       
PG14   6773.384410 -19648.008628  16454.606300    477.340303  3  5  5 100       
PG15 -25962.945654  -2642.601809   4896.039176    195.052845  4  7  6 100       
PG16  16661.168519   6155.253151 -20214.098267   -202.751225  6  5  4 113       
PG17  -3520.897209 -17255.728584  20253.340285    649.183157  6  5  4  95       
PG18  -7081.632180  21400.493122 -13851.923647   -647.835233  6  6  5 100       
PG19 -12710.083826 -18362.168755  14534.853486    527.459246  7  4  5 105       
PG20 -11811.748360  -9768.633106 -21621.035894    371.464464  6  8  4 106       
PG21  16119.259234   3666.282842  21388.890894    103.190871  6  5  5 108       
PG22   -597.800478 -16938.905745  20931.620505    -53.553248  5  5  4 108       
PG23 -14305.299875  19999.588578   9779.079046    302.171943  5  5  5  92       
PG24 -15665.234023   1146.045174  21006.397520   -486.494689  3  6  4 105       
PG25 -19863.991971  17360.227181  -1738.318752    499.392274  7  6  4  98       
PG26   6505.492312  15148.009054 -20925.992454     96.135291  5  5  2 101       
PG27  22771.957431  13215.007179  -5227.137709    -33.265150  5  5  2  98       
PG28   4782.270624  26114.445866   -773.400522   -380.865552  7  8  6  84       
PG29 -15918.127403   7309.859036 -20048.892267   -582.807162  5  6  1 110       
PG30    107.227627 -25968.714971  -4692.807363   -336.114624  6  5  2  78       
PG31  10984.133510  20728.320059 -12300.900723   -225.635341  6  6  2  82       
PG32   6380.835362  17213.352825  19480.735815   -604.135391  4  5  5 110       
*  2024  8 21  8 30  0.00000000
PG01   1586.567911  17466.690994 -20225.868621 999999.999999 17  4 14           
PG02  15481.988362  -1136.683419  22049.930484   -374.615276  7  4  5 110       
PG03  22147.406589 -11548.328151   8696.770450    508.227464  5  3  4  89       
PG04  22908.780618  -1241.971656 -13490.813156    428.341609  6  5  5  92       
PG05 -17420.391573  -2286.383841 -20125.197427   -183.919193  6  7  3 106       
PG06  -4898.641938 -26043.387637   -282.115970     84.485562  8  8  6  80       
PG07   7740.795278 -19213.500754 -15832.655761    -48.590535  7  7  3  90       
PG08  25982.359879   6024.104786   2468.998709    323.680334  3  5  4  81       
PG09  14224.718182 -10262.533433 -20050.238783    323.016097  6  6  4  92       
PG10  -4486.064850  19399.835236  17615.826943   -100.327930  6  4  4 105       
PG11 -12358.406358 -19191.592582 -13608.342906   -724.475509  9  9  5  90       
PG12 -22782.993272   7699.100628  10942.710289   -532.000515  5  6  3  98       
PG13 -22261.359622 -14277.345578  -3821.659862    672.042278  8  9  7  95       
PG14   8309.301836 -20565.582601  14488.083410    477.348153  3  5  4  96       
PG15 -26347.063168  -3042.078992   2137.984808    195.056482  5  7  6  92       
PG16  14803.959174   7495.591953 -21160.822173   -202.741651  6  5  4 109       
PG17  -1398.560543 -16389.694637  21241.870579    649.173730  6  5  4 100       
PG18  -7495.914934  19727.978284 -15972.404177   -647.837857  5  6  4  97       
PG19 -11048.146239 -17689.244370  16529.276708    527.463974  7  4  4 108       
PG20 -10194.595291 -11654.682243 -21523.059748    371.463709  6  8  4 102       
PG21  16668.105700   5891.680904  20526.450759    103.190439  7  6  5 110       
PG22   1303.427822 -18135.178144  19874.530562    -53.556799  5  5  4 111       
PG23 -15166.698481  20480.119675   7095.072171    302.179763  5  4  5  95       
PG24 -16265.143106  -1256.544205  20585.647279   -486.495071  3  6  4 105       
PG25 -20063.547352  17125.371354   1109.716020    499.392452  7  7  4  96       
PG26   4750.998081  16696.196082 -20167.567233     96.128282  5  5  2 110       
PG27  22033.996863  13164.029184  -7927.381276    -33.265487  5  5  2  88       
PG28   4519.471713  26088.404923   2083.236995   -380.878782  7  8  6  90       
PG29 -17870.955470   6285.535409 -18713.822616   -582.805161  5  6  1 114       
PG30    553.938289 -25315.290115  -7396.977077   -336.108490  6  5  1  74       
PG31  10904.911486  22001.588461  -9838.200978   -225.634694  6  6  2  92       
PG32   4242.249702  16520.340054  20624.729827   -604.132664  5  5  6 113       
*  2024  8 21  8 45  0.00000000
PG01   -118.478461  18834.904721 -18969.572740 999999.999999 17  4 14           
PG02  16191.445728   1144.251811  21550.969420   -374.608443  7  5  5 101       
PG03  21411.093586 -10627.106553  11290.209552    508.240572  5  2  4  84       
PG04  24175.430466   -604.341117 -11131.841484    428.348225  7  5  5  88       
PG05 -15854.803845  -3997.401292 -21129.983623   -183.920430  6  7  2 108       
PG06  -4696.383227 -25956.453447   2632.789990     84.463290  7  7  6  97       
PG07   8404.810443 -17290.246908 -17599.072050    -48.585323  6  7  3 100       
PG08  26046.451259   6297.428731   -340.318075    323.693187  3  5  4  89       
PG09  16315.895569  -9563.138471 -18761.125726    323.030157  5  6  4  96       
PG10  -5952.836999  20578.806584  15687.975151   -100.338079  6  4  3  88       
PG11 -12424.013597 -20626.593830 -11256.016446   -724.480298  9  9  5  99       
PG12 -21812.416037   6627.452320  13310.155428   -532.003241  4  6  3  98       
PG13 -21665.432309 -14213.960133  -6604.493845    672.044395  8  8  6  96       
PG14   9621.427591 -21401.772776  12270.346502    477.356009  4  5  4  96       
PG15 -26440.816760  -3371.134947   -656.720448    195.060450  6  8  6  87       
PG16  12950.835719   8987.582215 -21756.659587   -202.732359  6  5  4 113       
PG17    849.323055 -15608.552455  21877.213210    649.165407  5  5  4 100       
PG18  -8044.615293  17860.109312 -17815.114205   -647.840514  5  6  4 111       
PG19  -9156.499038 -17022.960465  18240.874975    527.468724  7  4  4  97       
PG20  -8696.155268 -13593.825726 -21052.818866    371.463698  7  8  5 100       
PG21  17300.787376   7969.151045  19331.056601    103.190074  7  7  6 105       
PG22   3030.372850 -19348.374226  18489.546183    -53.560486  5  5  4 107       
PG23 -15776.984689  20788.299335   4287.482298    302.187487  5  4  5 102       
PG24 -16954.448665  -3557.472342  19798.670397   -486.495465  4  6  4 107       
PG25 -20042.403377  16675.484389   3938.273010    499.392586  6  7  5  96       
PG26   3139.536838  18251.362722 -19064.040220     96.121291  5  5  2 102       
PG27  21014.006899  13065.963611 -10495.752163    -33.265826  5  4  2  99       
PG28   4175.247803  25764.852030   4904.012808   -380.891979  6  7  6  92       
PG29 -19718.647387   5430.569702 -17059.193675   -582.803330  5  6  2 102       
PG30   1096.999403 -24390.594099  -9971.204912   -336.102339  6  4     92       
PG31  10831.455427  22995.795738  -7204.150585   -225.634527  6  6  3  83       
PG32   1964.856475  15910.453152  21421.844157   -604.129944  5  4  6 106       
*  2024  8 21  9  0  0.00000000
PG01  -1643.787069  20178.149409 -17393.111402 999999.999999 18  3 13           
PG02  16996.775878   3311.756605  20698.174802   -374.601256  7  6  5 102       
PG03  20529.995268  -9459.591946  13686.575906    508.253678  5  2  4  89       
PG04  25206.796858   -109.995543  -8582.609040    428.354906  8  6  4  94       
PG05 -14324.035186  -5861.463967 -21777.558852   -183.921640  7  7  1 104       
PG06  -4401.416327 -25563.974877   5502.124251     84.440985  7  6  6 103       
PG07   9214.026355 -15223.005030 -19045.054915    -48.580355  6  7  2 105       
PG08  25817.089810   6503.065024  -3143.941647    323.706033  4  6  4  90       
PG09  18281.082506  -9008.177947 -17152.025718    323.044248  5  6  5  95       
PG10  -7193.369801  21669.355230  13489.936572   -100.348231  6  4  4  90       
PG11 -12500.009637 -21786.411111  -8710.402843   -724.485015  9  9  5  71       
PG12 -20708.480276   5331.682374  15444.286436   -532.005980  5  5  3 100       
PG13 -20783.133890 -14068.858489  -9275.947749    672.046437  8  8  6 103       
PG14  10705.768077 -22115.392402   9839.514597    477.363871  4  6  4  96       
PG15 -26238.800875  -3664.421254  -3440.300753    195.064202  8  8  5 113       
PG16  11142.524263  10609.265362 -21990.789275   -202.723096  6  5  4 113       
PG17   3182.288485 -14936.420014  22149.683942    649.156678  5  5  4 105       
PG18  -8743.533002  15840.475519 -19348.401765   -647.843163  4  6  3 108       
PG19  -7062.036122 -16399.168243  19639.165404    527.473361  7  4  3 104       
PG20  -7340.343551 -15543.963077 -20218.929908    371.462725  7  8  5 103       
PG21  17989.615761   9865.374386  17823.768691    103.189393  8  7  6 105       
PG22   4562.266071 -20539.272127  16799.400233    -53.563929  5  4  4 101       
PG23 -16152.963582  20887.891278   1405.155597    302.195238  4  4  5  90       
PG24 -17709.207701  -5715.780141  18661.120882   -486.495889  4  6  3 110       
PG25 -19829.231843  15988.281979   6697.528133    499.392758  6  7  5 104       
PG26   1689.811783  19772.416527 -17633.143028     96.114303  6  4  2  99       
PG27  19721.519027  12958.848491 -12889.823452    -33.266151  6  4  3 103       
PG28   3716.055842  25160.827832   7640.359018   -380.905216  6  7  6  94       
PG29 -21415.844344   4739.144789 -15113.399981   -582.801401  5  6  3 102       
PG30   1763.107244 -23221.014393 -12370.145695   -336.096217  6  4     89       
PG31  10726.487283  23698.057399  -4444.159054   -225.634200  6  6  3  75       
PG32   -410.378905  15406.673722  21858.379478   -604.127253  6  4  6 111       
*  2024  8 21  9 15  0.00000000
PG01  -2976.120527  21453.395596 -15521.710965 999999.999999 18    13           
PG02  17871.053926   5328.725823  19505.790411   -374.594371  8  6  6 102       
PG03  19547.748148  -8044.810374  15843.772119    508.266778  5  3  4  99       
PG04  25972.857894    267.631545  -5886.780138    428.361523  8  6  4  63       
PG05 -12865.507017  -7847.996632 -22056.955951   -183.922995  7  8    110       
PG06  -3978.809176 -24885.966195   8276.304914     84.418672  7  6  6 105       
PG07  10172.955385 -13059.971096 -20144.318137    -48.575173  5  7  1  96       
PG08  25291.086233   6677.344381  -5894.943889    323.718873  4  6  4  74       
PG09  20076.920177  -8585.290596 -15250.308663    323.058333  5  5  5  73       
PG10  -8205.746589  22626.093259  11058.696517   -100.358380  6  5  4  78       
PG11 -12548.458116 -22657.413557  -6015.291485   -724.489767  9  9  4  80       
PG12 -19514.300944   3814.046656  17307.088340   -532.008735  5  5  3  91       
PG13 -19618.081015 -13881.707226 -11791.247220    672.049325  9  9  6 121       
PG14  11566.580477 -22666.894084   7237.561595    477.371741  5  6  3  91       
PG15 -25743.853215  -3957.263334  -6165.739322    195.068349  8  8  5  94       
PG16   9415.902754  12331.741030 -21858.149928   -202.713712  6  5  3 106       
PG17   5556.272514 -14390.304589  22055.425258    649.147388  5  5  4  99       
PG18  -9600.592972  13716.167883 -20546.115028   -647.845743  4  7  2 102       
PG19  -4798.938534 -15849.224951  20698.821904    527.477872  6  4  3  96       
PG20  -6143.453363 -17460.312076 -19036.279583    371.463376  7  8  5  93       
PG21  18702.066195  11553.307023  16030.132960    103.188577  9  8  6 101       
PG22   5885.950552 -21666.440772  14831.689764    -53.567681  5  4  4  97       
PG23 -16318.972909  20748.184275  -1501.676183    302.202971  3  4  5  82       
PG24 -18499.862964  -7696.358550  17194.848888   -486.496227  4  6  3  99       
PG25 -19457.844456  15048.924153   9338.547333    499.392950  6  8  5  87       
PG26    413.108815  21216.526946 -15898.364105     96.107306  6  4  2  98       
PG27  18174.043190  12878.922185 -15070.081449    -33.266509  6  4  3 105       
PG28   3112.592799  24301.139632  10245.152197   -380.918399  6  6  6  87       
PG29 -22920.371350   4197.575359 -12909.740094   -582.799616  5  6  4  95       
PG30   2573.416927 -21839.519675 -14551.552535   -336.090122  6  4     93       
PG31  10552.090585  24104.283582  -1606.212775   -225.633660  7  6  4  89       
PG32  -2838.639603  15024.930234  21926.549926   -604.124557  6  3  6 107       
*  2024  8 21  9 30  0.00000000
PG01  -4110.145963  22616.940611 -13385.797650 999999.999999 18    12           
PG02  18781.803498   7163.762969  17993.355075   -374.587356  8  6  6  98       
PG03  18508.977759  -6390.939866  17723.862834    508.279932  5  3  5 104       
PG04  26450.771358    560.083846  -3090.452910    428.368189  9  7  3  81       
PG05 -11511.241012  -9920.269510 -21963.317560   -183.924084  7  8    110       
PG06  -3398.442738 -23950.454752  10907.501030     84.396349  7  5  5 106       
PG07  11277.774452 -10850.951465 -20877.259941    -48.569915  5  7    103       
PG08  24473.528652   6856.818517  -8547.330489    323.731710  5  6  4  86       
PG09  21664.238999  -8274.985425 -13088.312785    323.072424  5  4  6  88       
PG10  -8996.718990  23405.581434   8435.583204   -100.368589  6  5  4  78       
PG11 -12530.554581 -23234.736884  -3216.987391   -724.494541  9  9  4  83       
PG12 -18273.529618   2085.586218  18865.261197   -532.011251  6  5  3  98       
PG13 -18182.429002 -13691.567398 -14108.334376    672.050103  9  9  5 127       
PG14  12216.027013 -23019.976681   4509.584600    477.379541  5  6  2  88       
PG15 -24966.879274  -4284.124798  -8787.520934    195.072099  9  8  5 100       
PG16   7802.741041  14120.055804 -21359.591593   -202.704139  5  4  3  97       
PG17   7925.058203 -13979.541140  21596.420151    649.138639  5  4  4 104       
PG18 -10615.406355  11536.067300 -21388.034602   -647.848406  4  7  3 105       
PG19  -2407.606390 -15398.708792  21400.195058    527.482462  6  4  3 108       
PG20  -5113.702322 -19297.019335 -17525.732267    371.462385  7  7  6  83       
PG21  19401.993937  13012.907121  13979.775900    103.188471  9  8  6 104       
PG22   6996.193726 -22687.735093  12618.497673    -53.571343  5  3  4 105       
PG23 -16305.763103  20345.324104  -4382.304665    302.210724  2  4  5  85       
PG24 -19292.479855  -9471.068986  15427.363509   -486.496568  4  6  3 105       
PG25 -18965.759377  13850.843027  11814.229791    499.393118  5  8  5 106       
PG26   -687.000165  22540.701761 -13888.624404     96.100285  6  4  2  94       
PG27  16396.537009  12859.162811 -17000.495669    -33.266860  6  4  4  98       
PG28   2341.132558  23217.396524  12673.527486   -380.931612  5  6  6  93       
PG29 -24194.748018   3785.008140 -10485.856653   -582.797643  5  6  4  84       
PG30   3542.489258 -20284.407252 -16477.071637   -336.084038  6  4    109       
PG31  10271.396264  24219.298525   1259.982796   -225.633552  7  6  4  71       
PG32  -5272.738053  14773.496060  21624.634165   -604.121894  6  3  6 106       
*  2024  8 21  9 45  0.00000000
PG01  -5048.519478  23626.044211 -11020.596980 999999.999999 18  4 12           
PG02  19692.170540   8792.136102  16185.430357   -374.580403  9  7  6  98       
PG03  17457.508180  -4515.207947  19293.784077    508.293083  5  3  4 103       
PG04  26625.713127    802.474599   -241.385458    428.374840 10  7  4  93       
PG05 -10286.747512 -12036.613231 -21497.982661   -183.924999  7  8    115       
PG06  -2636.371980 -22792.368479  13350.462376     84.374065  7  4  5 114       
PG07  12516.348339  -8645.448193 -21231.347585    -48.564680  4  7  1 104       
PG08  23377.646590   7076.720098 -11056.743967    323.744572  4  6  4  83       
PG09  23009.431069  -8051.533688 -10702.815081    323.086547  5  3  6  94       
PG10  -9581.305091  23968.068673   5665.594967   -100.378819  5  5  4  74       
PG11 -12408.279503 -23522.339880   -363.518610   -724.499371  8  8  4  86       
PG12 -17028.628132    165.932447  20090.880287   -532.013771  6  5  3 104       
PG13 -16496.528957 -13535.300959 -16188.510145    672.051760  9  8  5 116       
PG14  12673.517562 -23143.083903   1703.005644    477.387357  6  6  2  91       
PG15 -23926.395785  -4677.136538 -11262.316930    195.075918 10  8  4 114       
PG16   6328.620415  15934.329776 -20501.952553   -202.694878  5  4  3 106       
PG17  10241.791216 -13705.515908  20780.435844    649.130012  5  4  4 108       
PG18 -11779.169252   9349.081107 -21860.192980   -647.851000  5  7  4 101       
PG19     66.663744 -15066.356187  21729.745978    527.487489  6  4  2 110       
PG20  -4251.101955 -21008.815601 -15713.736715    371.462302  7  7  6  89       
PG21  20050.964543  14231.626897  11705.979375    103.187787 10  8  6 104       
PG22   7895.720978 -23561.835666  10195.956051    -53.574923  5  3  3  95       
PG23 -16149.127733  19663.384777  -7186.465956    302.218470     4  5  92       
PG24 -20050.151813 -11019.563263  13391.201201   -486.496942  4  6  2 101       
PG25 -18392.611518  12396.246476  14080.235043    499.393329  5  8  5  85       
PG26  -1614.651946  23703.402189 -11637.846509     96.093096  6  4  3  85       
PG27  14420.620284  12927.956555 -18649.041519    -33.267187  6  4  5  98       
PG28   1384.647273  21946.794085  14883.653888   -380.944841  5  6  6  97       
PG29 -25207.531776   3474.399132  -7883.107702   -582.795377  6  7  5  71       
PG30   4677.508604 -18597.846974 -18112.959140   -336.077903  7  5  1 103       
PG31   9850.251917  24056.611246   4103.918139   -225.633150  7  6  5  95       
PG32  -7664.691970  14652.680154  20957.040544   -604.119155  6  2  6 104       
*  2024  8 21 10  0  0.00000000
PG01  -5801.665244  24440.569297  -8465.635967 999999.999999 18  6 12           
PG02  20562.262582  10196.504399  14111.272356   -374.573691  9  7  6  95       
PG03  16434.612859  -2443.427390  20525.961439    508.306254  5  3  5 103       
PG04  26491.422940   1031.944292   2611.802150    428.381482 10  7  3  93       
PG05  -9210.164802 -14151.826345 -20668.481578   -183.925835  7  8    101       
PG06  -1675.941306 -21452.171855  15563.296158     84.351763  7  4  5 116       
PG07  13868.625444  -6490.777837 -21201.322518    -48.559719  4  6  2  97       
PG08  22024.391499   7369.476909 -13381.142387    323.757428  5  6  4  85       
PG09  24085.624179  -7884.107218  -8134.427974    323.100671  5  3  6  86       
PG10  -9982.056655  24279.120362   2796.638692   -100.389011  4  4  4  80       
PG11 -12146.026271 -23532.732844   2496.182716   -724.504095  8  8  3  83       
PG12 -15819.194653  -1917.240005  20961.954719   -532.016245  6  5  2 102       
PG13 -14588.294746 -13446.073898 -17997.022301    672.053956  9  8  4 120       
PG14  12964.765864 -23010.732835  -1133.277916    477.395184  6  6  2  92       
PG15 -22647.817707  -5164.741467 -13549.608136    195.079800 10  8  4 108       
PG16   5012.073653  17731.087362 -19298.055027   -202.685585  5  4  3 101       
PG17  12460.518063 -13561.682303  19620.899558    649.121121  5  4  4 102       
PG18 -13074.900695   7202.397286 -21955.077832   -647.853634  5  7  5  85       
PG19   2575.210077 -14863.268501  21680.380336    527.491863  6  3  3 115       
PG20  -3547.652081 -22552.651880 -13631.840849    371.462361  6  7  6  75       
PG21  20609.657719  15204.659595   9245.237027    103.187410 10  7  6 102       
PG22   8594.966673 -24249.781994   7603.751756    -53.578905  6  2  3  95       
PG23 -15888.340461  18695.134373  -9865.254524    302.226232     4  5  96       
PG24 -20734.511188 -12329.779593  11123.221796   -486.497319  4  6  2 101       
PG25 -17778.472917  10696.269804  16095.869599    499.393498  5  8  6  92       
PG26  -2381.379647  24666.133788  -9184.419585     96.086068  6  4  3  82       
PG27  12283.561443  13107.939396 -19988.172674    -33.267512  6  5  5 101       
PG28    233.668770  20530.695721  16837.457141   -380.958073  6  6  6  99       
PG29 -25934.443681   3233.730300  -5145.878740   -582.793476  6  7  5  84       
PG30   5977.805285 -16824.282397 -19430.703614   -336.071761  7  5  1  91       
PG31   9258.802785  23637.841204   6875.232125   -225.632934  7  5  5  97       
PG32  -9967.340759  14654.823960  19934.283113   -604.116460  6  2  5 100       
*  2024  8 21 10 15  0.00000000
PG01  -6387.249564  25024.565072  -5764.148694 999999.999999 18  7 11           
PG02  21350.611162  11367.391350  11804.447644   -374.566815 10  6  6 101       
PG03  15477.378863   -209.187280  21398.823021    508.319393  5  2  5 112       
PG04  26050.437658   1286.042664   5420.437833    428.388103 10  8  4  98       
PG05  -8291.680936 -16218.725824 -19488.438388   -183.927277  7  7  1 100       
PG06   -508.611632 -19974.305321  17508.177434     84.329489  7  3  4 120       
PG07  15307.383855  -4430.310340 -20789.224198    -48.554561  4  6  3  89       
PG08  20441.748400   7763.332394 -15481.447353    323.770317  5  6  4  83       
PG09  24873.613092  -7738.120505  -5426.930493    323.114805  6  3  6  86       
PG10 -10228.019332  24311.066853   -121.308820   -100.399247  3  3  4  94       
PG11 -11712.141310 -23286.389535   5313.111904   -724.508849  7  7  3  88       
PG12 -14680.413216  -4129.093288  21462.869210   -532.019283  6  5  2  97       
PG13 -12492.303397 -13452.008602 -19503.594052    672.056021  9  8  3 117       
PG14  13120.596810 -22604.617026  -3949.777303    477.402968  6  6  2  75       
PG15 -21162.520629  -5770.499330 -15612.243367    195.083888 10  8  4 112       
PG16   3863.980823  19464.750713 -17766.612925   -202.676172  5  3  3  95       
PG17  14537.696066 -13533.867512  18136.707769    649.112500  5  4  4 104       
PG18 -14478.008002   5139.823871 -21671.718403   -647.856266  6  7  6  91       
PG19   5067.689334 -14792.425917  21251.669882    527.496538  6  3  2 116       
PG20  -2987.849285 -23889.254015 -11316.124881    371.461124  6  6  6  82       
PG21  21039.303314  15934.937207   6636.792236    103.186850 10  7  6 111       
PG22   9111.547731 -24716.447785   4884.574946    -53.582532  6  1  2  92       
PG23 -15564.462753  17442.463656 -12372.010497    302.233981  2  5  5 102       
PG24 -21307.281164 -13398.106148   8663.853806   -486.497696  5  6  2  96       
PG25 -17162.155217   8770.763098  17824.908617    499.393675  5  8  6  95       
PG26  -3005.500631  25394.949062  -6570.565494     96.079029  6  4  3  85       
PG27  10027.069370  13415.051421 -20995.239970    -33.267846  5  5  5  95       
PG28  -1113.144303  19013.065622  18501.277517   -380.971091  7  6  5  96       
PG29 -26359.235000   3027.419413  -2320.845768   -582.791522  6  7  5  99       
PG30   7434.702574 -15008.756003 -20407.540588   -336.065545  6  5  2  94       
PG31   8472.914733  22991.818369   9524.679538   -225.632490  7  4  6  96       
PG32 -12135.945105  14764.607834  18572.865651   -604.113803  6  3  5 107       
*  2024  8 21 10 30  0.00000000
PG01  -6829.362239  25347.729018  -2962.388888 999999.999999 18  9 11           
PG02  22015.711137  12303.387347   9302.392875   -374.559853 10  6  6 106       
PG03  14617.252070   2147.268763  21897.195663    508.332534  5  3  5 112       
PG04  25314.003729   1601.096541   8136.607115    428.394758 11  8  5 105       
PG05  -7533.260162 -18189.785565 -17977.380338   -183.928532  6  7  3  90       
PG06    865.531971 -18405.490073  19151.981840     84.307206  6  2  4 125       
PG07  16799.288186  -2501.906350 -20004.238304    -48.549500  5  6  4  90       
PG08  18663.801802   8281.121322 -17322.154936    323.783138  5  6  4  95       
PG09  25362.512414  -7576.726040  -2626.543436    323.128968  6  3  5  98       
PG10 -10353.423642  24044.208801  -3037.101522   -100.409443  3  2  4  98       
PG11 -11080.317054 -22810.866144   8039.022181   -724.513576  7  7  4  94       
PG12 -13641.692972  -6428.805067  21584.696806   -532.021797  6  5  2 100       
PG13 -10248.661001 -13575.032595 -20682.888543    672.057978  8  7  2 118       
PG14  13175.553078 -21914.437790  -6697.312212    477.410830  6  6  2  76       
PG15 -19506.716077  -6512.088671 -17416.932945    195.087656 10  7  4 118       
PG16   2887.248865  21089.246602 -15932.045144   -202.666799  5  3  3  89       
PG17  16433.625724 -13600.859816  16351.969725    649.103329  6  4  4 110       
PG18 -15957.154881   3200.276638 -21015.656588   -647.858885  7  7  6 103       
PG19   7493.848578 -14848.534510  20449.950573    527.501244  6  3  2 118       
PG20  -2549.486804 -24984.537138  -8806.564013    371.461713  5  6  6  94       
PG21  21303.108023  16432.880246   3922.156257    103.186024 10  6  5 106       
PG22   9469.473568 -24931.906864   2083.511850    -53.585924  6  1  1  97       
PG23 -15218.592027  15916.459805 -14663.161785    302.241738  4  5  5 111       
PG24 -21731.805926 -14229.217795   6056.309502   -486.498076  6  6  2 107       
PG25 -16579.568508   6647.718786  19236.329447    499.393909  5  7  6  99       
PG26  -3511.224756  25861.799120  -3841.614635     96.071986  6  4  4  93       
PG27   7695.929932  13857.836635 -21652.853181    -33.268169  5  5  5  95       
PG28  -2648.756430  17438.813988  19846.451125   -380.984340  7  6  4 104       
PG29 -26474.262089   2817.869608    543.799795   -582.789660  6  7  5  93       
PG30   9031.694052 -13195.228090 -21026.848778   -336.059361  6  5  2  96       
PG31   7475.375155  22153.392400  12005.089664   -225.631760  7  3  6 104       
PG32 -14129.711962  14959.659473  16895.071549   -604.111168  5  3  4 104       
*  2024  8 21 10 45  0.00000000
PG01  -7157.430036  25386.685600   -108.856468 999999.999999 17 10 11           
PG02  22517.587364  13011.071872   6645.917450   -374.552811 10  6  5  94       
PG03  13878.823031   4580.431999  22012.575981    508.345710  6  3  5 113       
PG04  24301.672268   2010.625419  10713.950254    428.401443 11  7  5 108       
PG05  -6928.685561 -20018.804230 -16160.454643   -183.929143  6  7  3  82       
PG06   2437.610300 -16792.964697  20466.831125     84.285018  6  2  4 128       
PG07  18306.203163   -736.618883 -18862.381978    -48.544275  6  6  5  84       
PG08  16729.587104   8939.244566 -18871.902992    323.795974  5  5  4  95       
PG09  25550.105419  -7362.406403    218.840919    323.143102  6  4  5  87       
PG10 -10396.157333  23467.724611  -5899.368729   -100.419648  4  2  4  98       
PG11 -10230.784223 -22139.661750  10627.240474   -724.518253  6  6  4 104       
PG12 -12725.555330  -8770.997893  21325.373966   -532.024095  6  5  3  98       
PG13  -7901.673676 -13829.964075 -21514.904967    672.060003  8  7  1 127       
PG14  13166.358155 -20938.428477  -9327.907672    477.418701  6  5  3  75       
PG15 -17720.181324  -7400.535360 -18934.677905    195.091750 10  7  4 116       
PG16   2076.794126  22559.671290 -13824.188688   -202.657391  5  3  3  98       
PG17  18113.758131 -13735.258238  14295.685459    649.094729  6  4  4 110       
PG18 -17475.396216   1416.471295 -19998.806338   -647.861503  8  7  7  97       
PG19   9805.314845 -15018.219133  19288.288923    527.505802  6  3  2 117       
PG20  -2204.712341 -25810.827429  -6146.332676    371.460760  5  5  6  84       
PG21  21367.631688  16715.906334   1144.604191    103.185524 10  5  4  90       
PG22   9698.115077 -24872.640120   -752.615883    -53.589747  7     1  95       
PG23 -14890.122103  14137.122536 -16699.003748    302.249486  5  5  5 108       
PG24 -21974.500428 -14835.604270   3345.788287   -486.498464  6  6  3 107       
PG25 -16062.209134   4362.360923  20304.936122    499.394101  5  7  6  98       
PG26  -3927.515511  26045.676190  -1045.203367     96.064940  6  4  4  83       
PG27   5336.531566  14437.014046 -21949.181493    -33.268494  5  5  5 102       
PG28  -4357.832816  15852.118524  20849.804668   -380.997547  7  6  3 106       
PG29 -26280.747761   2567.099946   3399.152762   -582.787813  6  7  5 103       
PG30  10744.942716 -11424.958569 -21278.421117   -336.053147  6  5  3  91       
PG31   6256.816774  21161.999699  14272.291104   -225.631573  7  2  6 103       
PG32 -15913.188494  15211.445925  14928.658263   -604.108463  6  4  5  90       
*  2024  8 21 11  0  0.00000000
PG01  -7404.899499  25126.024051   2746.551156 999999.999999 17 11 11           
PG02  22819.337033  13504.653456   3878.648885   -374.545688 10  5  5  93       
PG03  13278.902855   7041.129075  21743.270938    508.358844  6  3  5 111       
PG04  23040.591817   2543.864977  13108.434873    428.408129 10  7  6 103       
PG05  -6463.918444 -21662.541871 -14068.054023   -183.930168  5  6  4  87       
PG06   4190.122756 -15182.721799  21430.543931     84.262768  5  3  4 110       
PG07  19786.699251    842.290381 -17386.044372    -48.539192  7  6  5  91       
PG08  14681.765886   9746.880939 -20103.988083    323.808786  5  5  4 106       
PG09  25442.874311  -7058.602369   3060.462978    323.157227  7  5  5  98       
PG10 -10396.080639  22580.236820  -8657.482924   -100.429873  4  3  4 106       
PG11  -9151.257587 -21310.864383  13033.455371   -724.522977  6  5  4  96       
PG12 -11946.816184 -11107.359792  20689.733479   -532.026906  6  5  3  90       
PG13  -5498.369427 -14223.866918 -21985.302141    672.062132  7  6  1 112       
PG14  13130.299067 -19683.549355 -11795.668698    477.426530  6  5  3  84       
PG15 -15844.888107  -8439.689068 -20141.136242    195.095724  9  6  3 117       
PG16   1419.836824  23833.952855 -11477.907383   -202.648131  6  2  3  83       
PG17  19549.833243 -13904.558159  12001.358208    649.085793  7  4  4 101       
PG18 -18991.533737   -186.132409 -18639.206853   -647.864145  9  7  7  96       
PG19  11957.329304 -15280.560023  17786.311380    527.510537  6  3  3 114       
PG20  -1921.301001 -26347.846448  -3381.062737    371.460558  5  5  6  88       
PG21  21204.072826  16807.709856  -1651.354029    103.184281 10  4  4  90       
PG22   9830.964137 -24522.537093  -3575.961529    -53.593561  7     1  68       
PG23 -14615.086924  12132.734834 -18444.400900    302.257270  6  6  5 109       
PG24 -22006.167337 -15236.818812    578.684468   -486.498864  7  6  3  94       
PG25 -15635.843571   1955.933907  21011.857284    499.394348  5  6  6  86       
PG26  -4286.748174  25933.496031   1769.591886     96.057914  6  4  4  73       
PG27   2995.328311  15145.337848 -21878.187834    -33.268837  5  5  4 107       
PG28  -6217.142429  14294.787003  21494.055151   -381.010752  7  6  2  97       
PG29 -25788.718756   2238.395108   6196.410371   -582.785690  6  7  5  97       
PG30  12544.079478  -9735.017213 -21158.607272   -336.046970  5  5  4  92       
PG31   4816.321451  20060.048950  16285.978441   -225.631127  7  3  6  98       
PG32 -17457.471787  15486.419979  12706.456368   -604.105738  6  5  5  77       
*  2024  8 21 11 15  0.00000000
PG01  -7607.738041  24559.045140   5553.448305 999999.999999 17 12 10           
PG02  22888.594815  13805.334169   1046.421238   -374.538751  9  4  5  95       
PG03  12825.925808   9478.268318  21094.406068    508.372013  6  4  5 104       
PG04  21564.524922   3224.454731  15279.092413    428.414782 10  7  6 114       
PG05  -6117.763663 -23082.264891 -11735.353468   -183.931562  4  5  4  90       
PG06   6097.454635 -13617.811978  22026.986197     84.240536  5  3  5 110       
PG07  21197.679206   2219.987342 -15603.404819    -48.533890  7  6  6  86       
PG08  12565.169792  10705.466765 -20996.824838    323.821587  5  5  4 103       
PG09  25055.709217  -6631.314428   5849.521310    323.171432  7  5  4 109       
PG10 -10393.254450  21390.008447 -11262.528079   -100.440008  5  4  4 104       
PG11  -7837.598792 -20365.634733  15216.464630   -724.527697  6  5  4 104       
PG12 -11312.097154 -13388.388039  19689.394841   -532.029487  7  5  3  94       
PG13  -3086.921741 -14755.699016 -22085.645458    672.064030  7  6  2 118       
PG14  13103.595577 -18165.344594 -14057.614121    477.434402  6  5  4  87       
PG15 -13923.576138  -9625.961223 -21016.927826    195.099574  9  6  3 115       
PG16    896.504873  24874.447283  -8932.594087   -202.638537  6  3  3  79       
PG17  20720.809061 -14072.438849   9506.541111    649.076861  7  4  4 102       
PG18 -20461.639053  -1590.097629 -16960.676514   -647.866740  9  7  7  90       
PG19  13910.353078 -15607.955743  15969.895260    527.515290  7  3  3 117       
PG20  -1664.092966 -26583.422643   -558.068318    371.460175  6  4  6  98       
PG21  20789.424163  16737.330548  -4420.530551    103.183745 10  4  3  90       
PG22   9904.223594 -23873.650760  -6338.407738    -53.597104  6     1  69       
PG23 -14424.654442   9938.914718 -19869.397418    302.265062  6  6  5 109       
PG24 -21803.136450 -15458.485011  -2198.187170   -486.499387  7  6  3 103       
PG25 -15319.446412   -525.757382  21344.904250    499.394635  5  5  6  85       
PG26  -4623.219159  25520.679393   4553.165829     96.050880  6  5  4  79       
PG27    717.291610  15967.755902 -21439.791573    -33.269200  5  5  3 100       
PG28  -8196.271676  12804.724039  21768.107739   -381.023942  7  6  2 106       
PG29 -25016.620832   1797.911339   8887.690544   -582.784039  6  7  5  82       
PG30  14393.266254  -8156.981426 -20670.327845   -336.040745  5  4  4  98       
PG31   3161.675641  18891.194725  18010.497831   -225.630704  6  3  6 103       
PG32 -18741.186459  15747.381519  10265.874771   -604.103056  6  5  5  75       
*  2024  8 21 11 30  0.00000000
PG01  -7802.812481  23688.177272   8261.912298 999999.999999 16 13  9           
PG02  22698.868151  13940.414362  -1803.391867   -374.531589  9  4  5  79       
PG03  12519.701238  11840.660839  20077.802760    508.385130  6  5  5 113       
PG04  19912.624804   4069.340122  17188.707112    428.421451 10  6  7 112       
PG05  -5862.818673 -24245.141108  -9201.762137   -183.932423  4  5  5  71       
PG06   8126.698245 -12136.779019  22246.317450     84.218299  5  4  5 113       
PG07  22496.052198   3390.339440 -13547.753439    -48.528834  8  6  6  85       
PG08  10425.262799  11808.465487 -21534.340232    323.834443  5  5  4 104       
PG09  24411.305375  -6050.615438   8538.006100    323.185627  7  5  3 111       
PG10 -10426.156671  19914.756385 -13668.244716   -100.450137  5  5  3 109       
PG11  -6294.170507 -19346.585536  17138.870386   -724.532464  6  4  3 107       
PG12 -10819.684825 -15565.182864  18342.515996   -532.032038  7  5  4  97       
PG13   -715.029310 -15416.268369 -21813.573197    672.065867  6  6  3 120       
PG14  13119.823105 -16407.467112 -16074.452056    477.442253  6  5  4  85       
PG15 -11998.317724 -10948.330131 -21547.879436    195.103729  8  6  3 117       
PG16    480.732116  25649.403830  -6231.567141   -202.629238  7  3  4  89       
PG17  21613.547285 -14200.211748   6852.318341    649.068032  7  4  4 105       
PG18 -21840.684990  -2786.462852 -14992.375737   -647.869358 10  7  7  93       
PG19  15631.475722 -15967.279979  13870.723994    527.519827  7  3  3 118       
PG20  -1396.539948 -26513.905106   2274.450096    371.459875  6  4  6 104       
PG21  20107.460652  16538.034626  -7117.646826    103.183549  9  4  2  93       
PG22   9955.275507 -22926.670716  -8992.357286    -53.600791  6  1  1  86       
PG23 -14343.830687   7597.387357 -20949.725689    302.272848  7  6  5  96       
PG24 -21348.190530 -15531.106102  -4938.337330   -486.499790  7  6  4 116       
PG25 -15124.438331  -3033.992416  21298.780767    499.394775  5  5  6  96       
PG26  -4971.568499  24811.404037   7256.320372     96.043818  6  5  4  91       
PG27  -1455.596174  16881.866392 -20639.953551    -33.269532  5  5  2 105       
PG28 -10258.621892  11414.561038  21667.246732   -381.037131  6  6  3 106       
PG29 -23990.624953   1216.177065  11426.839476   -582.781909  5  7  5 101       
PG30  16252.478300  -6715.871596 -19822.963618   -336.034525  4  4  4  98       
PG31   1309.265248  17698.574135  19415.531182   -225.630237  6  4  5 114       
PG32 -19751.189626  15955.005096   7648.315626   -604.100310  7  5  5  94       
*  2024  8 21 11 45  0.00000000
PG01  -8026.212210  22525.035549  10823.454812 999999.999999 15 13  8           
PG02  22230.691802  13942.162639  -4622.596335   -374.524336  9  4  5  82       
PG03  12351.522460  14078.842840  18711.729223    508.398246  6  5  5 106       
PG04  18128.017360   5087.931583  18804.446761    428.428096  9  6  7 111       
PG05  -5666.673249 -25125.430975  -6510.295862   -183.933857  4  4  5  82       
PG06  10238.755520 -10772.284539  22085.130942     84.196084  6  4  5 108       
PG07  23640.383953   4355.829824 -11256.739739    -48.523703  8  6  7  79       
PG08   8306.575492  13041.440282 -21706.294929    323.847291  4  5  3 111       
PG09  23539.269909  -5292.014893  11079.526580    323.199806  8  5  3 112       
PG10 -10529.963715  18181.086132 -15831.927767   -100.460265  5  5  3 112       
PG11  -4533.867787 -18296.118426  18767.711014   -724.537197  6  4  4 113       
PG12 -10459.741340 -17591.216122  16673.414254   -532.034601  7  4  4  95       
PG13   1571.691666 -16188.501229 -21172.878161    672.068221  6  6  4 115       
PG14  13208.454062 -14440.890986 -17811.281132    477.450093  6  4  5  84       
PG15 -10109.119247 -12388.611400 -21725.210876    195.107772  8  6  3 115       
PG16    141.423115  26134.236915  -3421.365312   -202.620135  7  3  4  80       
PG17  22223.227620 -14248.381912   4082.721566    649.059259  7  4  4  97       
PG18 -23084.222906  -3774.866366 -12768.287892   -647.872033 10  7  7  90       
PG19  17095.564802 -16321.285707  11525.713825    527.524397  8  3  4 111       
PG20  -1082.300990 -26144.265874   5068.209750    371.459505  6  5  6 101       
PG21  19149.524877  16246.037916  -9697.952553    103.182917  9  5  2  95       
PG22  10021.082238 -21691.088425 -11491.549835    -53.604799  6  2  2  68       
PG23 -14390.424691   5154.527809 -21667.204853    302.280629  7  6  5 120       
PG24 -20631.250694 -15488.725382  -7596.311602   -486.500222  6  6  4 111       
PG25 -15054.255469  -5518.893067  20875.141106    499.394999  6  4  6  88       
PG26  -5365.182434  23818.513078   9831.203435     96.036781  5  5  4  74       
PG27  -3485.753266  17858.662762 -19490.677108    -33.269827  5  5  1 107       
PG28 -12362.652781  10150.501916  21193.216447   -381.050353  6  6  3  97       
PG29 -22743.649594    469.430149  13770.215681   -582.779834  6  7  5  99       
PG30  18078.952138  -5429.363186 -18632.126176   -336.028278  4  5  4  83       
PG31   -716.385584  16523.083050  20476.662039   -225.629702  6  4  5 106       
PG32 -20482.971863  16069.477146   4898.504728   -604.097615  7  5  5  95       
*  2024  8 21 12  0  0.00000000
PG01  -8311.589225  21090.112853  13191.988756 999999.999999 13 14  5           
PG02  21472.554182  13846.485391  -7362.943417   -374.517353  8  5  6  83       
PG03  12304.625173  16146.826336  17020.532619    508.411355  6  6  5 105       
PG04  16256.240993   6281.553791  20098.425093    428.434750  8  6  7 110       
PG05  -5493.316644 -25705.427502  -3706.877502   -183.935145  5  3  5  69       
PG06  12389.679601  -9549.972532  21546.487279     84.173886  7  4  5 106       
PG07  24592.456467   5127.129960  -8771.574168    -48.518565  8  6  7  91       
PG08   6251.167191  14382.432502 -21508.523679    323.860099  4  5  3 108       
PG09  22474.971024  -4337.620364  13430.118080    323.213991  8  5  4 112       
PG10 -10734.971965  16223.569428 -17715.254244   -100.470432  5  6  3 108       
PG11  -2577.824632 -17254.781580  20075.019675   -724.541936  6  5  4 119       
PG12 -10214.854062 -19424.001924  14712.067785   -532.037086  7  4  4  94       
PG13   3731.245733 -17048.016138 -20173.500840    672.070382  5  5  4  98       
PG14  13393.576913 -12302.844053 -19238.203754    477.457924  6  4  5  85       
PG15  -8292.603752 -13921.984478 -21545.662391    195.111817  7  6  4 116       
PG16   -156.156058  26312.546685   -550.949425   -202.610783  7  3  4  81       
PG17  22553.470863 -14178.269611   1244.083750    649.050397  8  4  4 101       
PG18 -24150.042835  -4563.341632 -10326.628173   -647.874656 10  7  6  77       
PG19  18286.105729 -16630.198106   8976.323548    527.529052  8  4  4 113       
PG20   -686.826887 -25487.888562   7775.645695    371.459563  6  6  5 116       
PG21  17915.078019  15899.106477 -12117.876136    103.182229  8  5  1  95       
PG22  10136.580278 -20185.038396 -13791.891777    -53.607977  6  3  3  78       
PG23 -14574.313623   2659.733258 -22010.024046    302.288438  7  6  5 115       
PG24 -19649.803690 -15367.488888 -10128.357553   -486.500689  6  5  4  96       
PG25 -15104.265818  -7931.218737  20082.498305    499.395234  7  4  5  94       
PG26  -5834.644943  22563.080684  12232.227499     96.029699  5  5  4  95       
PG27  -5341.263104  18863.546917 -18009.918721    -33.270158  5  5  1 104       
PG28 -14463.324482   9031.428733  20354.190665   -381.063481  5  6  4 102       
PG29 -21314.135005   -459.260583  15877.437630   -582.777759  6  7  5  96       
PG30  19828.739756  -4307.302476 -17119.318613   -336.022036  4  5  4  99       
PG31  -2883.410853  15401.766036  21175.810432   -225.629207  6  5  5 109       
PG32 -20940.733774  16052.180146   2063.745620   -604.094897  7  5  5  76       
*  2024  8 21 12 15  0.00000000
PG01  -8688.588842  19412.108933  15324.764339 999999.999999 11 14              
PG02  20421.553476  13691.439150  -9976.934198   -374.510572  8  5  6  94       
PG03  12354.973565  18003.709327  15034.162437    508.424515  6  6  5 106       
PG04  14343.602324   7643.207747  21048.186410    428.441450  8  6  7 114       
PG05  -5304.700153 -25976.105834   -839.574316   -183.935909  6  2  5  97       
PG06  14532.204370  -8487.614887  20639.842632     84.151713  7  4  5 106       
PG07  25318.678695   5722.362236  -6136.205730    -48.513520  8  6  7  84       
PG08   4297.172361  15802.638043 -20943.086769    323.872898  4  5  2 107       
PG09  21258.172673  -3177.048945  15549.014163    323.228188  8  4  4 115       
PG10 -11065.228094  14083.502838 -19285.019600   -100.480543  5  6  2 113       
PG11   -454.805905 -16259.710636  21038.300606   -724.546684  6  4  5 120       
PG12 -10060.897329 -21026.601546  12493.512056   -532.039901  8  3  4 100       
PG13   5726.671438 -17963.987119 -18831.430572    672.072147  4  5  5 106       
PG14  13692.844350 -10035.504674 -20330.840066    477.465758  6  4  5  93       
PG15  -6580.816533 -15517.759093 -21011.562711    195.115682  6  6  4 115       
PG16   -448.813475  26176.838345   2329.176744   -202.601250  7  3  4  90       
PG17  22616.159844 -13953.634802  -1615.666089    649.041427  8  4  4  99       
PG18 -24999.754597  -5167.794511  -7709.190827   -647.877272 10  6  6  77       
PG19  19195.694595 -16853.428176   6267.762998    527.533963  9  4  5 110       
PG20   -178.873412 -24566.052577  10350.695050    371.458938  6  5  5 115       
PG21  16411.988960  15535.076035 -14335.704280    103.181466  8  5  1  98       
PG22  10333.130112 -18434.810865 -15852.283590    -53.612011  6  3  3  75       
PG23 -14897.034819    163.689641 -21972.907707    302.296188  7  6  4 110       
PG24 -18409.062482 -15204.162209 -12493.045697   -486.501146  6  5  4 101       
PG25 -15262.031886 -10224.122106  18935.989154    499.395453  7  4  5  88       
PG26  -6406.305483  21073.651726  14416.945020     96.022665  5  6  4  88       
PG27  -6996.943233  19857.580476 -16221.402346    -33.270454  5  4  2 104       
PG28 -16513.683172   8068.301285  19164.631221   -381.076711  5  6  5  95       
PG29 -19744.614798  -1579.134138  17712.082364   -582.775689  6  6  5  82       
PG30  21458.306718  -3351.539961 -15311.497004   -336.015768  4  6  5  82       
PG31  -5153.698241  14366.388000  21501.528509   -225.628867  5  5  5 116       
PG32 -21137.130064  15867.357264   -806.891699   -604.092269  8  5  5  89       
*  2024  8 21 12 30  0.00000000
PG01  -9181.442620  17526.920819  17183.247550 999999.999999  8 14  4           
PG02  19083.749005  13515.637394 -12418.651828   -374.503463  7  5  6  84       
PG03  12472.339049  19615.083194  12787.597258    508.437609  6  6  4  95       
PG04  12435.509242   9157.656812  21637.103940    428.448136  8  5  7 114       
PG05  -5062.395796 -25937.453750   2042.216543   -183.936836  6  2  5  72       
PG06  16617.404333  -7594.568187  19380.873973     84.129539  8  4  5 109       
PG07  25791.299285   6166.094754  -3396.496104    -48.508533  7  6  7  82       
PG08   2477.486375  17267.362692 -20018.324931    323.885752  4  5  1 110       
PG09  19931.506582  -1808.050787  17399.369505    323.242355  7  4  5 116       
PG10 -11537.427684  11807.399954 -20513.764505   -100.490710  5  6  2 112       
PG11   1799.693448 -15343.212205  21640.915429   -724.551359  6  5  5 122       
PG12  -9968.166296 -22368.903296  10057.147874   -532.042325  8  2  4  88       
PG13   7527.277114 -18900.268788 -17168.511787    672.074317  4  3  5  96       
PG14  14116.691877  -7684.515912 -21070.734036    477.473605  6  3  6  91       
PG15  -5000.192482 -17140.358653 -20130.836037    195.120010  6  5  4 114       
PG16   -773.756082  25728.901387   5167.909479   -202.592000  6  3  4  91       
PG17  22430.957421 -13542.244589  -4447.761519    649.032561  7  4  4  89       
PG18 -25600.231635  -5611.184713  -4960.645530   -647.879970 10  6  5  95       
PG19  19826.162404 -16951.332913   3448.119588    527.538543  9  4  4 109       
PG20    468.113520 -23407.133104  12749.554166    371.458685  7  4  4 120       
PG21  14656.539777  15190.337218 -16312.285532    103.181270  7  6  1  97       
PG22  10637.086430 -16474.044522 -17635.426690    -53.615557  6  3  3  81       
PG23 -15351.717908  -2283.399279 -21557.162902    302.303961  7  6  4 116       
PG24 -16921.860116 -15034.652558 -14651.842086   -486.501607  5  5  4 113       
PG25 -15507.903154 -12354.792490  17457.006766    499.395659  7  5  4  96       
PG26  -7101.025309  19385.186827  16346.858868     96.015657  4  6  3 106       
PG27  -8435.174515  20798.933942 -14154.332437    -33.270767  6  3  3  99       
PG28 -18466.529568   7263.873255  17645.038135   -381.089916  4  6  5  86       
PG29 -18080.138279  -2891.171627  19242.322843   -582.773349  5  6  4  96       
PG30  22926.111518  -2556.082366 -13240.544759   -336.009536  3  6  5  84       
PG31  -7484.234843  13442.246148  21449.153461   -225.628354  5  5  4 119       
PG32 -21092.686278  15483.689830  -3663.433997   -604.089534  8  5  5  85       
*  2024  8 21 12 45  0.00000000
PG01  -9807.788773  15476.334771  18733.915096 999999.999999  5 13  8           
PG02  17474.182929  13356.610452 -14644.607445   -374.496438  7  6  5  85       
PG03  12621.625215  20954.184342  10320.188702    508.450700  5  6  4  90       
PG04  10574.844029  10801.835766  21854.684395    428.454833  8  5  6 114       
PG05  -4729.286794 -25598.466167   4888.621373   -183.938028  6  2  5  96       
PG06  18596.422839  -6871.560411  17791.205081     84.107318  8  4  5 102       
PG07  25989.383217   6488.118168   -599.407452    -48.503482  7  6  7  87       
PG08    818.642354  18737.226537 -18748.810843    323.898603  4  4  2 118       
PG09  18538.840348   -236.817723  18948.919664    323.256506  7  4  5 116       
PG10 -12160.129188   9445.281839 -21380.277358   -100.500902  5  6  1 120       
PG11   4144.608926 -14531.544024  21872.373033   -724.556039  6  5  6 124       
PG12  -9902.731982 -23428.628860   7445.979199   -532.045018  8  2  5  94       
PG13   9109.651702 -19816.746127 -15212.153316    672.076425  4  3  5  94       
PG14  14667.856501  -5297.377120 -21445.645816    477.481473  6  3  6  90       
PG15  -3570.719865 -18750.491293 -18916.945357    195.124096  6  5  4 111       
PG16  -1166.873889  24979.823745   7914.531067   -202.583076  6  4  4  83       
PG17  22024.531554 -12917.322898  -7203.402718    649.023674  7  4  4  82       
PG18 -25924.864783  -5922.444351  -2127.793906   -647.882565 10  5  5  91       
PG19  20188.326012 -16886.945501    567.425053    527.543190  9  5  5 104       
PG20   1274.792679 -22045.547253  14931.397973    371.458283  7  4  4 120       
PG21  12673.133138  14898.338518 -18011.749265    103.181272  6  6  2  96       
PG22  11068.551239 -14342.621531 -19108.589765    -53.619150  7  3  2  87       
PG23 -15923.356558  -4633.551948 -20770.610913    302.311794  7  6  4 118       
PG24 -15208.284853 -14892.585168 -16569.631335   -486.502087  6  5  4 114       
PG25 -15815.907490 -14285.920746  15672.715042    499.395852  7  5  4  93       
PG26  -7933.156703  17537.757684  17988.147974     96.008640  4  6  3 111       
PG27  -9646.453645  21644.484376 -11843.002215    -33.271094  6  3  3 111       
PG28 -20276.106398   6612.735269  15821.595567   -381.103122  5  6  5  84       
PG29 -16366.603004  -4387.850222  20441.492473   -582.771541  6  6  4 104       
PG30  24194.105676  -1907.551733 -10942.672922   -336.003336  3  6  6  87       
PG31  -9828.643939  12647.268837  21020.818797   -225.628058  5  5  4 117       
PG32 -20834.907070  14875.721697  -6455.903990   -604.086809  8  5  5  91       
*  2024  8 21 13  0  0.00000000
PG01 -10577.775347  13306.474995  19948.942048 999999.999999    13  9           
PG02  15616.558995  13249.182541 -16614.582735   -374.489576  6  6  5  92       
PG03  12764.383444  22002.748211   7674.937487    508.463777  4  6  4  82       
PG04   8800.438228  12545.569824  21696.772412    428.461524  8  5  5 111       
PG05  -4271.222722 -24976.799649   7650.167270   -183.938990  6  3  5  83       
PG06  20422.204368  -6310.813974  15898.038141     84.085134  9  5  5 107       
PG07  25899.525435   6722.059323   2207.782308    -48.498285  7  5  7  97       
PG08   -660.074663  20169.576974 -17155.191610    323.911421  4  4  3 115       
PG09  17123.604950   1522.037849  20170.564665    323.270632  7  4  6 115       
PG10 -12933.315604   7048.838986 -21869.961931   -100.511051  4  6    119       
PG11   6534.683947 -13843.938446  21728.517896   -724.560724  6  5  6 122       
PG12  -9827.958541 -24192.030263   4705.799700   -532.047596  8  1  5  83       
PG13  10458.409890 -20670.862397 -12994.940006    672.078395  5  2  5  79       
PG14  15341.212538  -2921.777107 -21449.727315    477.489344  6  2  6 102       
PG15  -2305.330321 -20306.473236 -17388.768638    195.127926  5  5  4  99       
PG16  -1661.058586  23949.631921  10519.714300   -202.573551  5  4  4  89       
PG17  21429.508942 -12058.823092  -9834.595193    649.015014  7  5  4  74       
PG18 -25954.580467  -6135.175597    741.202682   -647.885252  9  5  5  99       
PG19  20301.378326 -16627.600517  -2323.313619    527.547638  9  5  5 105       
PG20   2254.947563 -20520.485740  16859.051402    371.458545  7  3  3 121       
PG21  10493.695923  14688.162897 -19402.227854    103.180351  6  6  3 100       
PG22  11640.367670 -12085.300898 -20244.313216    -53.622991  7  4  2  84       
PG23 -16589.406091  -6842.652013 -19627.407428    302.319521  7  6  4 114       
PG24 -13295.071900 -14807.980026 -18215.189591   -486.502540  6  4  4 109       
PG25 -16154.898354 -15986.929451  13615.461921    499.396025  7  5  3  76       
PG26  -8909.798680  15575.048633  19312.291169     96.001601  4  6  2 111       
PG27 -10629.640782  22351.504016  -9326.295876    -33.271432  6  3  4 109       
PG28 -21899.740139   6101.682487  13725.719632   -381.116405  5  6  4  86       
PG29 -14649.061000  -6053.228983  21288.566060   -582.769166  6  6  4 106       
PG30  25229.098605  -1385.928436  -8457.759914   -335.997100  3  6  6  83       
PG31 -12138.846665  11991.434024  20225.329207   -225.627588  5  6  4 110       
PG32 -20397.108273  14025.069243  -9135.237373   -604.084098  8  5  5  99       
*  2024  8 21 13 15  0.00000000
PG01 -11493.488270  11066.076756  20806.761959 999999.999999    13 10           
PG02  13542.578406  13223.932945 -18292.449218   -374.482661  5  6  5 102       
PG03  12860.457057  22751.536407   4897.717138    508.476809  4  6  4  93       
PG04   7145.707628  14352.578625  21165.649808    428.468089  8  5  4 115       
PG05  -3658.572291 -24098.096531  10278.667126   -183.939717  5  3  5  97       
PG06  22051.166693  -5896.499172  13733.696902     84.062920  9  5  5 108       
PG07  25516.285560   6903.888657   4978.226429    -48.493332  7  5  6 100       
PG08  -1947.237541  21520.060188 -15263.918367    323.924248  4  4  4 112       
PG09  15727.147156   3445.835708  21042.864530    323.284805  7  4  6 117       
PG10 -13848.320207   4669.542951 -21975.063986   -100.521194  4  6    120       
PG11   8922.013167 -13291.906879  21211.613176   -724.565455  6  6  7 102       
PG12  -9706.118553 -24654.255290   1884.347002   -532.049999  9  2  5  81       
PG13  11566.639456 -21419.270640 -10554.147529    672.080269  6     4  79       
PG14  16123.928475   -603.934382 -21083.580572    477.497178  6  2  6  92       
PG15  -1209.539054 -21765.663700 -15570.403803    195.131855  5  5  5 109       
PG16  -2284.632365  22666.565631  12936.518605   -202.564496  5  5  4 100       
PG17  20683.190203 -10954.468004 -12295.009706    649.005779  6  5  5  84       
PG18 -25678.586531  -6286.177090   3597.612915   -647.887875  9  5  5 112       
PG19  20191.946697 -16146.384480  -5173.094257    527.552272  8  6  5 103       
PG20   3414.768701 -18874.477097  18499.603416    371.457664  7  3  3 100       
PG21   8156.783967  14583.236235 -20456.565820    103.179666  5  6  3 108       
PG22  12357.404313  -9750.139473 -21021.029805    -53.626463  7  4  2  90       
PG23 -17320.680792  -8871.932976 -18147.757447    302.327288  7  5  4 106       
PG24 -11214.773633 -14806.070976 -19561.607128   -486.502990  6  4  3 109       
PG25 -16489.905026 -17434.924040  11322.109953    499.396180  7  6  2  86       
PG26 -10030.359984  13542.728677  20296.575627     95.994595  4  6  2 116       
PG27 -11391.884814  22879.375811  -6647.086276    -33.271769  6  3  4 107       
PG28 -23299.373980   5710.391777  11393.515847   -381.129641  6  6  4  86       
PG29 -12970.063651  -7863.366063  21768.547563   -582.766977  7  5  4 112       
PG30  26003.937698   -965.544770  -5828.644344   -335.990813  3  6  6  72       
PG31 -14366.778837  11476.525206  19077.907808   -225.627113  5  6  4 111       
PG32 -19817.017582  12921.363480 -11654.197946   -604.081363  8  5  4 101       
*  2024  8 21 13 30  0.00000000
PG01 -12548.730687   8804.660276  21292.483724 999999.999999    12 11           
PG02  11290.947594  13305.808563 -19646.942165   -374.475621  5  5  5 105       
PG03  12869.687979  23200.521005   2036.461100    508.489857  3  6  4  84       
PG04   5637.500142  16181.729110  20270.026149    428.474770  8  5  2 110       
PG05  -2867.609445 -22995.001883  12728.094749   -183.940386  5  3  4 101       
PG06  23444.750993  -5605.500056  11335.088361     84.040691  9  6  5  95       
PG07  24842.338242   7070.378402   7666.211281    -48.487845  6  5  6  99       
PG08  -3039.581746  22744.292819 -13106.861436    323.937038  4  3  4 112       
PG09  14387.171796   5504.500864  21550.436288    323.298962  7  5  7 116       
PG10 -14888.116145   2356.786827 -21694.755127   -100.531431  4  6    116       
PG11  11257.694057 -12878.852321  20330.316379   -724.570172  7  6  7  97       
PG12  -9500.039874 -24819.373307   -969.557017   -532.052296  9  2  4  85       
PG13  12436.028915 -22019.547686  -7931.163336    672.082471  7  2  4  64       
PG14  16995.935902   1612.991398 -20354.200949    477.505052  6  2  6  79       
PG15   -281.352369 -23085.965637 -13490.898146    195.136061  4  4  5  83       
PG16  -3059.959472  21166.013326  15121.349614   -202.555275  4  5  4 106       
PG17  19826.070706  -9600.508383 -14540.847146    648.997195  6  6  5  88       
PG18 -25094.818823  -6413.854595   6392.931770   -647.890560  8  6  6 107       
PG19  19892.863250 -15423.350812  -7931.886104    527.556966  8  6  6  99       
PG20   4752.425765 -17151.837396  19824.954872    371.457478  7  3  3 106       
PG21   5706.404875  14600.226123 -21152.995789    103.179229  5  6  4 113       
PG22  13216.168937  -7386.761596 -21423.580184    -53.629875  7  4  2  86       
PG23 -18082.513678 -10689.250181 -16357.532488    302.335037  6  5  4 114       
PG24  -9004.736143 -14906.304537 -20586.660172   -486.503402  6  3  3 114       
PG25 -16783.626345 -18615.333904   8833.303387    499.396415  8  6  2  65       
PG26 -11286.446071  11486.763184  20924.480188     95.987609  4  6  2 116       
PG27 -11948.221121  23191.267563  -3851.532957    -33.272114  6  4  5 101       
PG28 -24442.933141   5412.381485   8865.155555   -381.142883  6  7  4  80       
PG29 -11368.109294  -9787.053964  21872.756338   -582.764889  8  5  4 115       
PG30  26498.462149   -616.287237  -3100.384181   -335.984535  4  6  6  60       
PG31 -16466.092942  11096.227748  17599.827517   -225.626826  6  6  4 101       
PG32 -19135.199576  11562.881189 -13968.269986   -604.078640  8  6  4 109       
*  2024  8 21 13 45  0.00000000
PG01 -13729.162910   6570.686374  21398.154774 999999.999999  3 12 12           
PG02   8906.087956  13512.951955 -20652.365544   -374.468381  5  6  4 103       
PG03  12753.618772  23358.723669   -859.671288    508.502906  3  5  4  78       
PG04   4295.201737  17988.491205  19024.918725    428.481437  8  4    107       
PG05  -1881.674195 -21705.909627  14955.431831   -183.941656  5  2  4 110       
PG06  24570.792460  -5408.463314   8743.090914     84.018482  9  6  5 120       
PG07  23888.343259   7257.566692  10227.808893    -48.482949  6  5  6  99       
PG08  -3941.987233  23799.569220 -10720.812277    323.949856  4  3  4 107       
PG09  13136.335716   7661.532658  21684.243811    323.313129  7  5  6 115       
PG10 -16027.953679    156.130868 -21035.076392   -100.541632  4  6  2 117       
PG11  13493.524734 -12600.005463  19099.547016   -724.574878  7  7  7 105       
PG12  -9174.718318 -24700.067169  -3806.862729   -532.055403  9  3  5  63       
PG13  13076.665245 -22431.905130  -5170.819099    672.084243  7  3  4 100       
PG14  17930.689344   3690.356488 -19274.809354    477.512895  6  2  6  87       
PG15    488.548024 -24227.342641 -11183.897966    195.139720  4  3  5  81       
PG16  -4002.305667  19489.152037  17034.854061   -202.545920  4  6  4 105       
PG17  18900.221333  -8002.159918 -16531.689576    648.988130  6  6  5  77       
PG18 -24210.072351  -6556.575316   9079.672187   -647.893241  7  6  6 115       
PG19  19441.703121 -14446.449876 -10551.559817    527.561329  8  6  6  96       
PG20   6257.946646 -15397.062619  20812.292113    371.456981  7  3  2 105       
PG21   3190.589177  14748.186920 -21475.757548    103.178684  5  6  4 110       
PG22  14204.776720  -5044.547861 -21443.603670    -53.634048  7  4  1  81       
PG23 -18836.132086 -12270.094704 -14287.798881    302.342797  6  4  4 101       
PG24  -6705.915029 -15121.550417 -21273.131050   -486.503848  6  2  3 111       
PG25 -16998.004745 -19522.226329   6192.690890    499.396553  8  6  2  69       
PG26 -12662.072181   9451.735949  21185.927906     95.980656  3  6  1 115       
PG27 -12320.850147  23255.694823   -988.289201    -33.272433  6  5  5  97       
PG28 -25305.470080   5176.215834   6184.182113   -381.156073  6  7  4  94       
PG29  -9876.254182 -11786.846948  21599.005117   -582.762801  8  5  4 106       
PG30  26700.198276   -304.958919   -319.495069   -335.978255  4  6  6  81       
PG31 -18393.778174  10836.554119  15817.940365   -225.626649  6  5  4 111       
PG32 -18393.369416   9956.834761 -16036.506772   -604.075948  8  6  4 110       
*  2024  8 21 14  0  0.00000000
PG01 -15012.794873   4409.774965  21122.865924 999999.999999  3 12 13           
PG02   6436.592789  13855.802460 -21289.204045   -374.461291  4  6  4 105       
PG03  12477.124407  23243.720436  -3741.135048    508.515976  3  5  4  85       
PG04   3130.136047  19726.541838  17451.421926    428.488066  8  4    102       
PG05   -692.057966 -20273.485984  16921.468369   -183.942886  5  2  3 104       
PG06  25404.660406  -5271.090393   6001.877899     83.996250  9  6  5 120       
PG07  22672.547946   7499.279424  12621.477905    -48.478084  6  5  5  99       
PG08  -4667.132569  24646.535883  -8146.876697    323.962660  4  2  5  93       
PG09  12001.049503   9875.233587  21441.773819    323.327253  7  5  6 114       
PG10 -17236.314038  -1892.276726 -20008.747946   -100.551830  4  5  3 116       
PG11  15583.683915 -12442.687603  17540.247323   -724.579577  8  7  6 122       
PG12  -8698.833707 -24317.009768  -6579.130499   -532.058004  9  3  4  94       
PG13  13506.504097 -22620.829650  -2320.642639    672.086550  8  4  4  89       
PG14  18896.184747   5595.304541 -17864.579579    477.520754  6  2  5  80       
PG15   1116.343197 -25153.299353  -8687.214898    195.143890  4  2  5  78       
PG16  -5118.999568  17681.350104  18642.723492   -202.536607  5  6  3 110       
PG17  17947.591867  -6173.690673 -18231.316629    648.979156  6  5  5  88       
PG18 -23039.812118  -6751.027192  11612.141280   -647.895837  6  6  6 117       
PG19  18879.155725 -13212.138443 -12986.759979    527.565887  7  7  6  80       
PG20   7913.409584 -13653.223007  21444.478939    371.456584  7  3  2 102       
PG21    659.754013  15028.001262 -21415.633791    103.178023  5  7  4 114       
PG22  15303.282269  -2770.819794 -21079.787552    -53.637170  6  4     90       
PG23 -19540.195037 -13598.313989 -11974.266862    302.350549  5  4  5 103       
PG24  -4361.567840 -15457.549813 -21609.075064   -486.504326  6     3 122       
PG25 -17095.816596 -20158.289940   3446.122089    499.396704  8  6  3  78       
PG26 -14134.190272   7479.250505  21077.406138     95.973714  3  6  2 111       
PG27 -12538.119269  23047.904288   1892.369195    -33.272794  5  5  5  89       
PG28 -25870.045626   4966.906465   3396.758943   -381.169265  7  8  4  94       
PG29  -8520.941550 -13820.342962  20951.664747   -582.760989  8  5  3 110       
PG30  26604.774140      3.251313   2466.820175   -335.972064  4  6  6  83       
PG31 -20111.637024  10676.573486  13764.119984   -225.626085  6  5  4 103       
PG32 -17632.665351   8119.305026 -17822.314640   -604.073301  8  6  3 113       
*  2024  8 21 14 15  0.00000000
PG01 -16370.806201   2363.063280  20472.698960 999999.999999  2 11 13           
PG02   3933.490646  14336.517840 -21544.619097   -374.454333  4  6  4 110       
PG03  12009.912062  22880.835386  -6558.832048    508.529054  3  5  4  75       
PG04   2145.282226  21349.456364  15576.367939    428.494715  7  4     97       
PG05    701.425928 -18743.028454  18591.538515   -183.944036  5  1  3 113       
PG06  25930.125206  -5155.624065   3158.186330     83.974006  9  7  5 118       
PG07  21220.141919   7825.757270  14808.612512    -48.473020  6  4  5 108       
PG08  -5234.830144  25250.763648  -5429.767348    323.975493  4  2  5  89       
PG09  11000.534947  12100.150785  20827.093652    323.341370  7  5  6 118       
PG10 -18476.136067  -3755.043156 -18634.854490   -100.562082  5  5  4 108       
PG11  17486.329093 -12386.891071  15679.038855   -724.584239  8  8  6 121       
PG12  -8046.112513 -23697.955262  -9239.335980   -532.060652  9  3  4  99       
PG13  13750.528241 -22556.585610    569.959781    672.088339  8  6  4  89       
PG14  19856.194901   7301.806473 -16148.268434    477.528668  6  2  5  70       
PG15   1624.346456 -25832.271103  -6042.306668    195.147511  4  2  6  88       
PG16  -6408.935511  15790.403471  19916.383294   -202.527382  5  6  3 117       
PG17  17008.305951  -4138.144736 -19608.465081    648.970418  6  5  5  90       
PG18 -21607.670085  -7030.644355  13947.190314   -647.898473  4  6  6 103       
PG19  18247.299878 -11725.647783 -15195.702242    527.570516  7  7  6  74       
PG20   9693.443122 -11960.418909  21710.360400    371.456410  7  4  3 109       
PG21  -1835.082724  15432.158884 -20970.374677    103.177258  5  7  5 112       
PG22  16484.367537   -609.099813 -20337.962271    -53.641006  6  4     89       
PG23 -20152.433019 -14666.515429  -9456.670850    302.358346  5  3  5 103       
PG24  -2015.864194 -15912.621091 -21588.031565   -486.504752  6     4 118       
PG25 -17042.216780 -20534.497309    640.834730    499.396844  8  6  4  97       
PG26 -15673.504358   5606.474466  20601.956323     95.966726  3  6  2 111       
PG27 -12633.244472  22551.014459   4739.476698    -33.273136  5  5  5  85       
PG28 -26128.312264   4747.455962    550.872556   -381.182485  7  8  4  84       
PG29  -7321.095429 -15841.672022  19941.612718   -582.758757  7  5  3 115       
PG30  26216.041717    343.248725   5211.439695   -335.965772  4  6  6  83       
PG31 -21587.564789  10589.409788  11474.633069   -225.626301  6  5  4  97       
PG32 -16891.952765   6074.816920 -19294.153288   -604.070584  8  6  2 102       
*  2024  8 21 14 30  0.00000000
PG01 -17768.654108    465.772493  19460.523425 999999.999999    10 14           
PG02   1448.386156  14948.750549 -21412.808060   -374.447243  4  6  4 116       
PG03  11327.833387  22302.057506  -9264.922787    508.542108  2  5  5  85       
PG04   1335.323397  22812.422292  13431.882841    428.501429  7  4  1  91       
PG05   2290.213225 -17160.726198  19936.174906   -183.944842  6  2  2 115       
PG06  26139.919220  -5022.473323    260.541506     83.951757  8  7  4 112       
PG07  19562.390279   8262.430028  16754.040079    -48.467668  6  5  4 108       
PG08  -5671.065349  25584.150484  -2617.007178    323.988302  4  3  6  91       
PG09  10146.176033  14288.674252  19850.788809    323.355521  7  5  5 115       
PG10 -19706.261526  -5406.589415 -16938.418641   -100.572299  5  5  5 105       
PG11  19165.051740 -12406.155531  13547.779586   -724.588891  9  8  6 119       
PG12  -7196.487802 -22876.584762 -11742.631309   -532.063106  8  3  4  96       
PG13  13839.623266 -22216.516455   3450.577111    672.090451  9  6  5  82       
PG14  20771.672448   8791.432279 -14155.757567    477.536511  6  3  5  57       
PG15   2040.022959 -26238.868662  -3293.671951    195.151651  5  2  6  78       
PG16  -7862.440871  13864.684521  20833.547746   -202.518081  5  7  4 116       
PG17  16119.019769  -1926.703501 -20637.508948    648.961380  5  4  5  95       
PG18 -19944.645920  -7424.157644  16044.927935   -647.901059  4  6  6 120       
PG19  17587.855698 -10000.904864 -17140.880633    527.575105  6  6  6  86       
PG20  11566.017369 -10354.355740  21604.972714    371.456121  7  5  3 109       
PG21  -4244.167347  15944.900541 -20144.983629    103.176820  5  7  5 116       
PG22  17714.360244   1402.475742 -19231.034854    -53.644617  5  4     72       
PG23 -20631.327820 -15476.141006  -6778.091768    302.366101  5  3  5  96       
PG24    287.542481 -16477.635439 -21209.175695   -486.505138  6  1  4 116       
PG25 -16806.179676 -20669.468122  -2175.352590    499.396970  8  6  4  89       
PG26 -17245.537099   3864.883059  19769.038911     95.959714  3  5  2 104       
PG27 -12642.821463  21756.858827   7502.351898    -33.273502  4  6  5  94       
PG28 -26080.777349   4480.482703  -2304.495465   -381.195744  6  8  4  98       
PG29  -6287.515692 -17803.134270  18586.064669   -582.756536  7  5  3 112       
PG30  25545.905348    748.518430   7868.078071   -335.959594  4  5  6  94       
PG31 -22796.587959  10543.463195   8989.455640   -225.625842  6  5  4 101       
PG32 -16206.231524   3855.573678 -20426.135183   -604.067979  7  6  3 107       
*  2024  8 21 14 45  0.00000000
PG01 -19167.416900  -1253.960032  18105.653899 999999.999999     8 14           
PG02   -968.441964  15677.796633 -20895.209447   -374.440511  4  7  4 116       
PG03  10413.961578  21544.724562 -11813.605743    508.555170  3  5  5  76       
PG04    687.025040  24073.908539  11054.844324    428.508041  6  5  3  76       
PG05   4057.113385 -15571.892511  20931.666149   -183.946068  6  3  2 119       
PG06  26035.970001  -4831.915139  -2641.551016     83.929508  8  7  4 104       
PG07  17735.576699   8828.874784  18426.468785    -48.462310  7  5  3 110       
PG08  -6006.776219  25626.093126    241.940866    324.001092  5  3  6  92       
PG09   9441.189480  16392.729263  18529.780758    323.369667  7  5  3 110       
PG10 -20883.037438  -6829.887858 -14949.876418   -100.582530  5  5  6 100       
PG11  20590.133356 -12468.706925  11183.027942   -724.593626  9  8  5 118       
PG12  -6137.016179 -21891.154009 -14047.052556   -532.065829  8  3  3 103       
PG13  13809.212267 -21586.087891   6270.706664    672.092512  9  7  5  92       
PG14  21602.265553  10053.829041 -11921.516854    477.544333  6  3  4  81       
PG15   2394.788841 -26354.926044   -488.161613    195.155592  6  3  6  90       
PG16  -9461.512884  11951.286276  21378.627033   -202.508686  5  7  3 118       
PG17  15311.416490    422.297394 -21299.038138    648.952952  6  3  5 100       
PG18 -18088.039823  -7954.324886  17869.386313   -647.903645  5  5  5 110       
PG19  16940.484877  -8060.115858 -18789.674247    527.579638  6  6  6  93       
PG20  13493.499251  -8865.091733  21129.654621    371.455797  7  6  3 106       
PG21  -6520.873990  16542.738404 -18951.839204    103.176131  5  8  5 113       
PG22  18954.540723   3232.518680 -17778.758705    -53.648263  4  4     83       
PG23 -20937.769277 -16037.213200  -3984.232558    302.373859  4  3  5 104       
PG24   2506.935601 -17136.267569 -20477.406270   -486.505464  6  2  4 107       
PG25 -16361.784895 -20588.564488  -4954.829194    499.397120  8  7  4  88       
PG26 -18811.901016   2279.248029  18594.281786     95.952701  3  5  2 104       
PG27 -12605.187262  20666.488702  10131.588915    -33.273872  3  6  5  85       
PG28 -25736.736438   4129.863247  -5120.213031   -381.208943  6  8  4  92       
PG29  -5422.599083 -19656.924410  16908.290366   -582.754496  7  5  2 107       
PG30  24613.865439   1249.672360  10392.019743   -335.953373  4  4  6 101       
PG31 -23721.628147  10503.803018   6351.549344   -225.625492  7  5  4  94       
PG32 -15605.214089   1500.380418 -21198.509704   -604.065319  7  6  3 109       
*  2024  8 21 15  0  0.00000000
PG01 -20525.311634  -2775.939549  16433.382902 999999.999999     5 15           
PG02  -3269.901268  16501.117341 -20000.541981   -374.433533  3  7  4 116       
PG03   9259.394997  20650.025425 -14161.853824    508.568215  3  5  5  84       
PG04    179.929579  25097.224426   8486.249504    428.514658  6  6  2  53       
PG05   5976.785245 -14019.241763  21560.504340   -183.947497  6  3  1 121       
PG06  25629.296043  -4545.808410  -5498.433902     83.907249  7  6  4 102       
PG07  15779.791955   9537.988213  19798.886764    -48.457268  7  5  3 112       
PG08  -6276.422538  25364.374611   3096.599334    324.013872  5  4  6  78       
PG09   8880.627840  18365.496361  16887.028092    323.383749  7  5  2 103       
PG10 -21962.009387  -8016.857210 -12704.470164   -100.592741  5  5  6 105       
PG11  21739.553494 -12538.815360   8625.422035   -724.598342  9  9  5 122       
PG12  -4862.521347 -20782.996282 -16114.165739   -532.068334  8  3  3  99       
PG13  13697.702650 -20659.625268   8980.687992    672.094433  9  7  5  90       
PG14  22307.887919  11086.890735  -9483.999920    477.552165  6  3  4  64       
PG15   2722.629579 -26170.303666   2325.788213    195.159241  6  5  5  91       
PG16 -11180.412095  10094.244042  21542.977902   -202.499267  5  7  4 120       
PG17  14610.904664   2864.660818 -21580.315401    648.943997  6  2  5  90       
PG18 -16080.155454  -8636.889485  19389.130187   -647.906252  6  4  5 113       
PG19  16341.206450  -5933.034783 -20114.846206    527.584424  6  5  5  90       
PG20  15433.934318  -7516.006269  20292.056563    371.455346  7  6  4 111       
PG21  -8623.480195  17195.345149 -17410.632537    103.175858  4  8  6 116       
PG22  20162.680347   4857.464374 -16007.344003    -53.651842  3  3     76       
PG23 -21036.627264 -16367.764278  -1122.658186    302.381587  4  3  4 110       
PG24   4603.901427 -17865.518492 -19403.364326   -486.505850  6  3  4 107       
PG25 -15689.303712 -20322.758261  -7650.951839    499.397284  8  7  5  78       
PG26 -20331.720612    866.906739  17099.122735     95.945719  3  5  2 107       
PG27 -12558.702023  19290.307414  12580.040541    -33.274189  3  6  5  84       
PG28 -25113.879698   3662.327819  -7847.843856   -381.222144  6  7  4  87       
PG29  -4720.398054 -21356.875198  14937.218049   -582.752522  7  5  2 106       
PG30  23446.295973   1873.110013  12740.821819   -335.947166  4  4  6 109       
PG31 -24353.969580  10433.675595   3606.112112   -225.625097  7  5  5  85       
PG32 -15112.134194   -946.698234 -21598.021013   -604.062645  7  5  3 111       
*  2024  8 21 15 15  0.00000000
PG01 -21799.318802  -4088.435811  14474.407401 999999.999999       15           
PG02  -5413.819863  17389.214807 -18744.671296   -374.426535  3  7  4 114       
PG03   7863.759523  19661.377923 -16270.098678    508.581281  3  5  5  89       
PG04   -212.659487  25851.906342   5770.503376    428.521229  6  7  3  88       
PG05   8016.545910 -12541.281622  21811.712183   -183.948418  6  4  2 119       
PG06  24939.567822  -4129.254534  -8261.134173     83.884991  7  6  5  96       
PG07  13737.606814  10395.397047  20848.913944    -48.452206  7  5  3 111       
PG08  -6516.403850  24795.726395   5896.435705    324.026670  5  4  6  93       
PG09   8451.714636  20163.091042  14951.116600    323.397789  7  5  2  90       
PG10 -22899.638131  -8968.407510 -10241.574752   -100.602945  5  5  6  91       
PG11  22599.710170 -12578.319305   5918.984119   -724.603047  8  8  4 105       
PG12  -3375.944431 -19594.937332 -17909.645445   -532.070804  8  3  2 105       
PG13  13544.807616 -19440.709641  11532.636856    672.096477  9  7  6  96       
PG14  22850.283634  11896.617028  -6884.982766    477.560041  5  4  4  84       
PG15   3058.587044 -25683.406071   5098.992017    195.163424  7  6  5  94       
PG16 -12986.582655   8332.911415  21324.995572   -202.490037  4  7  4 121       
PG17  14035.581157   5351.880231 -21475.594349    648.935432  6  3  4  77       
PG18 -13966.819555  -9479.807965  20577.799132   -647.908853  7  3  5 119       
PG19  15820.988102  -3655.951953 -21094.931208    527.589460  6  4  5  84       
PG20  17342.508862  -6323.028862  19106.045407    371.455168  7  7  4 107       
PG21 -10516.766394  17866.783205 -15548.106894    103.175669  3  8  6 115       
PG22  21294.742856   6262.312396 -13948.918998    -53.655272  3  2  1  64       
PG23 -20898.180805 -16492.972300   1757.988535    302.389360  4  4  4 106       
PG24   6544.593404 -18636.498943 -18003.376191   -486.506205  6  4  4 106       
PG25 -14776.050793 -19907.316672 -10218.766203    499.397440  7  7  5  89       
PG26 -21763.147186   -362.666104  15310.358143     95.938666  3  4  2 103       
PG27 -12540.026302  17647.824444  14803.766250    -33.274581  2  6  4  94       
PG28 -24237.587023   3048.946356 -10440.480765   -381.235339  6  7  4  89       
PG29  -4167.015665 -22860.151299  12706.933471   -582.750383  6  6  3 106       
PG30  22075.483267   2639.840997  14874.978440   -335.940958  5  4  6 105       
PG31 -24693.419615  10296.068533    799.816192   -225.624583  7  6  5  92       
PG32 -14742.835447  -3437.890306 -21618.132389   -604.059952  7  5  4 109       
*  2024  8 21 15 30  0.00000000
PG01 -22946.844656  -5188.355877  12264.168677 999999.999999     5 15           
PG02  -7364.474853  18306.824916 -17150.304777   -374.419498  3  8  5 110       
PG03   6235.392875  18622.742852 -18102.854821    508.594376  4  5  5 100       
PG04   -522.442408  26314.876344   2954.640549    428.527851  6  8  4  83       
PG05  10137.480734 -11170.886531  21681.042302   -183.949230  6  5  1 118       
PG06  23994.349386  -3552.140575 -10882.193731     83.862699  7  6  5  97       
PG07  11652.670695  11399.124187  21559.107075    -48.447434  7  5  4 107       
PG08  -6763.393693  23926.037864   8591.832530    324.039462  5  4  6  90       
PG09   8134.497470  21746.136761  12755.746222    323.411920  7  5  3  96       
PG10 -23654.973201  -9694.141302  -7603.972840   -100.613177  5  6  6 101       
PG11  23165.824057 -12548.256627   3110.361945   -724.607757  8  8  4 111       
PG12  -1688.391866 -18369.680658 -19403.781618   -532.073327  8  4  1 109       
PG13  13389.811681 -17942.211100  13881.357489    672.098617  9  7  6 105       
PG14  23194.528288  12496.669642  -4168.856759    477.567869  5  4  4  84       
PG15   3437.173177 -24901.382778   7782.406571    195.167205  7  6  4  86       
PG16 -14841.854948   6700.558409  20730.050251   -202.480545  4  6  4 114       
PG17  13595.508049   7832.887098 -20986.285326    648.926266  6  4  4 102       
PG18 -11795.771913 -10482.777767  21414.573817   -647.911473  7  2  6 108       
PG19  15404.563849  -1270.446645 -21714.511091    527.593662  6  4  5  87       
PG20  19173.138622  -5294.159532  17591.503811    371.455063  7  7  4 101       
PG21 -12173.355641  18517.024903 -13397.594782    103.174514  2  8  6 108       
PG22  22306.671853   7441.000727 -11640.858132    -53.658988  2  3  2  83       
PG23 -20499.351762 -16444.037539   4608.784011    302.397126  5  4  4 108       
PG24   8300.849093 -19415.453187 -16299.314536   -486.506549  6  5  4  99       
PG25 -13616.975115 -19380.357038 -12615.683509    499.397697  7  7  4  96       
PG26 -23064.906241  -1407.974256  13259.611086     95.931649  2  4  1 101       
PG27 -12582.470568  15767.035953  16762.918384    -33.274938  2  7  4  98       
PG28 -23139.939481   2266.446916 -12853.551536   -381.248561  6  7  4  95       
PG29  -3741.321145 -24128.826383  10256.082316   -582.748358  6  6  3 103       
PG30  20538.461189   3564.511431  16758.539532   -335.934704  5  4  6 104       
PG31 -24748.162909  10055.272652  -2019.954785   -225.624483  7  6  5  81       
PG32 -14505.176490  -5923.413405 -21259.113641   -604.057307  7  6  3 107       
*  2024  8 21 15 45  0.00000000
PG01 -23927.353022  -6081.071095   9842.125946 999999.999999  4  7 15           
PG02  -9093.844792  19214.373981 -15246.521946   -374.412572  3  8  5 116       
PG03   4391.205587  17576.936181 -19629.276603    508.607471  4  6  5  98       
PG04   -784.685987  26471.325698     87.494570    428.534493  7  9  4  89       
PG05  12295.809388  -9934.110634  21171.044667   -183.950011  6  5  2 119       
PG06  22828.047872  -2790.504880 -13316.480726     83.840451  6  6  5  94       
PG07   9568.279247  12539.521279  21917.217534    -48.442128  7  6  4  99       
PG08  -7052.661985  22770.201838  11135.044057    324.052224  5  5  5  86       
PG09   7902.792048  23081.169256  10339.125092    323.426060  7  6  4  88       
PG10 -24191.220876 -10211.730201  -4837.094395   -100.623424  5  6  7 100       
PG11  23442.010065 -12410.538314    248.020157   -724.612552  8  7  4 108       
PG12    181.117812 -17148.221088 -20571.911288   -532.075915  7  4    105       
PG13  13269.853351 -16185.953643  15985.211009    672.100452  8  7  6 105       
PG14  23310.410844  12907.645739  -1381.887274    477.575697  6  5  4  77       
PG15   3890.774771 -23839.992659  10328.061052    195.171208  8  7  4  85       
PG16 -16703.874150   5223.247175  19770.276737   -202.471212  3  6  4 113       
PG17  13292.338739  10255.918886 -20120.960921    648.917530  6  5  4  97       
PG18  -9614.984595 -11637.085872  21884.557605   -647.914043  7     6 104       
PG19  15109.518297   1178.044177 -21964.380385    527.598522  6  5  5  91       
PG20  20880.124834  -4429.300638  15774.025059    371.454632  6  7  5 106       
PG21 -13574.720413  19103.695231 -10998.358475    103.173451     8  6 109       
PG22  23156.183976   8396.399978  -9124.997707    -53.662618  3  4  3  76       
PG23 -19824.697727 -16256.842033   7381.322682    302.404911  5  4  4 101       
PG24   9851.116691 -20164.993994 -14318.370978   -486.506903  6  5  4  88       
PG25 -12214.973476 -18781.323927 -14802.107026    499.397878  7  7  5 100       
PG26 -24197.817944  -2275.305819  10982.732468     95.924629  2  4  1  90       
PG27 -12714.491228  13683.456230  18422.541364    -33.275336  2  7  3 105       
PG28 -21858.485654   1298.314814 -15045.583416   -381.261734  6  7  4 104       
PG29  -3415.957583 -25131.280616   7627.186945   -582.746300  7  6  3  93       
PG30  18875.684664   4654.669136  18359.677205   -335.928555  5  4  5 105       
PG31 -24534.320413   9678.384949  -4805.859517   -225.624180  6  7  5  80       
PG32 -14398.775085  -8353.245791 -20527.992126   -604.054634  8  6  3 112       
*  2024  8 21 16  0  0.00000000
PG01 -24703.902572  -6779.915713   7250.983874 999999.999999  8  7 15           
PG02 -10582.529612  20069.632248 -13068.154461   -374.405628  3  8  5 104       
PG03   2356.224601  16564.000867 -20823.642013    508.620593  4  6  5  99       
PG04  -1036.641963  26315.287253  -2781.169287    428.541128  7  9  5  72       
PG05  14444.452106  -8849.287881  20291.001429   -183.951311  6  6  2 121       
PG06  21480.609577  -1827.671204 -15521.968132     83.818202  6  5  5  75       
PG07   7525.955054  13799.471717  21916.400218    -48.436979  6  6  4 105       
PG08  -7416.458556  21351.601277  13481.115148    324.065004  5  5  5  88       
PG09   7725.378270  24141.817068   7743.282822    323.440165  7  6  5  86       
PG10 -24477.149881 -10545.997335  -1988.234739   -100.633562  5  7  7  91       
PG11  23441.012985 -12129.598706  -2618.603892   -724.617229  7  6  4  96       
PG12   2206.196887 -15968.342429 -21394.772987   -532.078611  7  5    100       
PG13  13218.298303 -14202.022150  17806.918416    672.102153  8  6  6 100       
PG14  23173.645584  13156.097722   1428.550765    477.583584  6  5  4  64       
PG15   4448.117855 -22523.126117  12690.004491    195.174965  8  7  3  98       
PG16 -18527.689858   3919.026202  18464.229911   -202.461820  2  6  4 105       
PG17  13119.312002  12570.426035 -18895.198492    648.908753  6  6  4  90       
PG18  -7470.972695 -12925.787249  21979.065573   -647.916643  7  2  7 106       
PG19  14945.666112   3641.784314 -21841.605933    527.603197  6  6  4  95       
PG20  22419.814871  -3720.408564  13684.505921    371.454302  6  7  5 123       
PG21 -14711.799600  19583.953429  -8394.750639    103.172966  2  8  6 104       
PG22  23804.487976   9139.932730  -6446.763440    -53.666463  3  5  4  79       
PG23 -18867.127557 -15970.442558  10028.506568    302.412628  6  5  4 110       
PG24  11181.152497 -20845.510659 -12092.734442   -486.507276  7  4  4  85       
PG25 -10580.919511 -18149.443086 -16742.004511    499.398065  7  6  5 104       
PG26 -25126.233941  -2978.243335   8519.148767     95.917590  1  4  2 103       
PG27 -12958.400876  11438.841484  19753.261574    -33.275743  2  6  3 104       
PG28 -20434.810733    135.629427 -16978.913295   -381.274914  6  6  4 105       
PG29  -3158.601174 -25843.362785   4865.890408   -582.744290  7  7  3  95       
PG30  17129.588603   5910.294453  19651.193522   -335.922329  6  4  4 109       
PG31 -24075.233956   9136.699573  -7511.334750   -225.623939  6  7  5  88       
PG32 -14415.098480 -10678.898721 -19438.371586   -604.051918  8  6  4  98       
*  2024  8 21 16 15  0.00000000
PG01 -25244.532194  -7305.387078   4535.893027 999999.999999 10  6 15           
PG02 -11820.298549  20829.487552 -10655.035702   -374.398709  4  9  5 103       
PG03    162.836406  15619.697103 -21665.758131    508.633675  4  6  5 102       
PG04  -1315.884684  25849.873003  -5601.540910    428.547770  7 10  5  78       
PG05  16534.731952  -7926.454535  19056.731835   -183.952550  6  6  3 118       
PG06  19996.011160   -655.105708 -17460.465993     83.795947  6  5  5  79       
PG07   5564.085893  15154.861019  21555.370607    -48.432186  6  5  4 105       
PG08  -7882.528178  19701.258876  15588.739384    324.077784  5  5  3 101       
PG09   7567.399415  24909.712382   5013.316823    323.454287  7  7  5  91       
PG10 -24488.285786 -10727.745849    894.235793   -100.643755  5  7  6 100       
PG11  23183.617113 -11673.956618  -5439.964538   -724.621933  7  5  4 104       
PG12   4353.900289 -14863.251223 -21858.782234   -532.081117  7  5    100       
PG13  13263.273154 -12027.738180  19314.277973    672.104429  7  5  6 104       
PG14  22766.870028  13273.337670   4214.749334    477.591397  6  5  5  86       
PG15   5132.860863 -20981.994812  14825.246079    195.178857  7  7  2  99       
PG16 -20267.437116   2797.468111  16836.422188   -202.452477  2  5  5 104       
PG17  13061.614998  14728.933692 -17331.263002    648.899417  6  6  3  91       
PG18  -5407.159990 -14324.209915  21695.813939   -647.919261  6  4  7 101       
PG19  14914.743456   6072.364521 -21349.486126    527.607842  6  6  4  97       
PG20  23752.203577  -3151.961367  11358.642137    371.454023  6  7  5 123       
PG21 -15585.189999  19916.419551  -5635.222163    103.172749  2  7  6 100       
PG22  24217.855019   9690.840990  -3654.236533    -53.669874  4  5  4  88       
PG23 -17628.312824 -15625.453119  12505.314728    302.420421  6  5  4 114       
PG24  12284.456707 -21416.703488  -9659.170851   -486.507624  7  4  5  72       
PG25  -8733.410389 -17522.205705 -18403.423626    499.398247  6  6  5  97       
PG26 -25819.338581  -3536.902739   5911.169591     95.910548     4  3  89       
PG27 -13329.350213   9079.662235  20731.849500    -33.276131  3  6  2 105       
PG28 -18912.963762  -1222.394174 -18620.331558   -381.288083  6  6  4 107       
PG29  -2933.421057 -26249.270653   2020.142443   -582.742202  7  7  4  84       
PG30  15343.083224   7323.614538  20610.963569   -335.916107  6  5  4 106       
PG31 -23400.505736   8406.938924 -10091.305473   -225.623528  6  6  5  89       
PG32 -14537.892356 -12855.118329 -18010.126356   -604.049202  8  6  4  86       
*  2024  8 21 16 30  0.00000000
PG01 -25523.445619  -7684.087581   1743.640623 999999.999999 11  4 14           
PG02 -12806.245631  21451.757261  -8051.144678   -374.391706  5 10  5  86       
PG03  -2150.243064  14774.165370 -22141.283788    508.646731  4  6  5  95       
PG04  -1658.635396  25087.166804  -8324.654361    428.554410  7 10  5  91       
PG05  18518.143617  -7167.115345  17490.273113   -183.953698  6  6  3 113       
PG06  18420.602811    727.038594 -19098.294197     83.773694  6  5  5  93       
PG07   3716.664486  16575.304269  20838.505588    -48.427039  6  5  5  98       
PG08  -8472.821278  17856.686589  17421.035344    324.090556  5  5  3  98       
PG09   7391.907414  25375.097350   2196.586738    323.468395  6  7  6  88       
PG10 -24207.854065 -10792.381407   3761.658876   -100.653976  5  7  6 108       
PG11  22697.752812 -11017.624994  -8167.276490   -724.626659  7  4  4 105       
PG12   6585.776978 -13860.393474 -21956.226950   -532.083946  7  5    102       
PG13  13426.423125  -9706.346273  20480.779127    672.106523  7  4  6 102       
PG14  22080.392656  13294.071937   6929.444899    477.599214  6  6  5 104       
PG15   5962.383004 -19254.014735  16694.661595    195.182684  7  7  1  98       
PG16 -21878.037990   1859.560094  14916.761229   -202.443315  1  5  5 109       
PG17  13097.098282  16688.776070 -15457.639291    648.890924  6  7  3  82       
PG18  -3462.361738 -15800.770962  21039.004059   -647.921788  6  6  7 100       
PG19  15010.416361   8422.336636 -20497.416343    527.612449  5  7  4  95       
PG20  24842.412698  -2701.726053   8836.333160    371.453294  5  8  6 123       
PG21 -16204.900830  20063.048041  -2771.213065    103.171843  2  7  6  91       
PG22  24368.974359  10075.140878   -797.185738    -53.673642  4  6  4 105       
PG23 -16118.779319 -15262.376942  14769.542061    302.428194  6  5  4 116       
PG24  13162.422886 -21839.190615  -7058.501733   -486.507975  7  3  5 101       
PG25  -6698.242128 -16933.934540 -19758.947996    499.398452  6  6  5  99       
PG26 -26252.269032  -3976.934846   3203.267468     95.903544     4  3  91       
PG27 -13834.625750   6655.392168  21341.640449    -33.276497  4  6  2 106       
PG28 -17337.803658  -2768.180205 -19941.648901   -381.301174  6  6  3 117       
PG29  -2702.680539 -26342.114634   -860.656502   -582.739990  7  7  4  74       
PG30  13558.039039   8879.209564  21222.307994   -335.909937  6  5  4 107       
PG31 -22544.829316   7472.283337 -12502.863192   -225.622904  5  6  5  88       
PG32 -14743.926446 -14841.449631 -16268.981356   -604.046446  8  6  4 120       
*  2024  8 21 16 45  0.00000000
PG01 -25521.956304  -7947.456473  -1078.153222 999999.999999 12  1 14           
PG02 -13548.552246  21896.956358  -5303.672246   -374.384807  5  9  5  78       
PG03  -4539.235223  14050.810523 -22241.965579    508.659792  5  7  5  91       
PG04  -2098.141073  24047.776290 -10903.261360    428.561017  7 10  6  94       
PG05  20348.117070  -6564.359890  15619.446111   -183.954415  5  6  3 108       
PG06  16801.366405   2309.713717 -20406.883243     83.751393  5  4  4 101       
PG07   2012.172160  18025.112869  19775.882413    -48.422112  6  5  5 102       
PG08  -9202.455131  15860.485510  18946.223010    324.103343  5  5  2  98       
PG09   7161.491644  25537.103532   -658.127067    323.482533  6  7  6  89       
PG10 -23627.441609 -10778.382431   6565.861527   -100.664178  5  7  6  97       
PG11  22017.335039 -10141.312577 -10753.371586   -724.631361  7  3  5  99       
PG12   8859.123990 -12980.494817 -21685.381886   -532.086306  7  6  1 102       
PG13  13721.946983  -7285.465591  21286.098117    672.108617  6  4  5 104       
PG14  21112.663341  13254.917224   9526.586520    477.607094  6  6  5  99       
PG15   6946.827514 -17381.424365  18263.838007    195.186916  7  7     98       
PG16 -23316.854990   1097.940657  12739.907259   -202.433856     5  5  96       
PG17  13197.308847  18413.627768 -13308.428296    648.881956  6  7  3  88       
PG18  -1669.443350 -17318.075797  20019.296539   -647.924393  6  7  7  94       
PG19  15218.599768  10646.797456 -19300.667672    527.617140  5  7  5  98       
PG20  25661.989678  -2341.797085   6161.004953    371.453087  5  8  5 117       
PG21 -16589.685464  19990.853457    144.031251    103.171458  3  7  6  98       
PG22  24238.040546  10324.317016   2073.907740    -53.677553  4  6  5 110       
PG23 -14357.674031 -14919.949916  16782.497068    302.436021  6  5  4 110       
PG24  13824.186088 -22076.126793  -4334.982190   -486.508366  7  4  5  92       
PG25  -4507.632693 -16414.479994 -20786.091891    499.398659  5  6  5  98       
PG26 -26407.016436  -4328.330544    441.341448     95.896537  1  4  4  82       
PG27 -14473.291951   4216.689274  21572.805479    -33.276857  5  6  2 109       
PG28 -15753.327629  -4485.892974 -20920.176797   -381.314319  6  6  3 112       
PG29  -2428.414734 -26124.142756  -3726.536245   -582.738117  6  7  4  76       
PG30  11813.815493  10554.409345  21474.289356   -335.903713  6  5  4 109       
PG31 -21546.654687   6323.165053 -14705.906716   -225.622683  5  6  5  89       
PG32 -15004.022051 -16603.602420 -14245.990567   -604.043746  8  6  5 108       
*  2024  8 21 17  0  0.00000000
PG01 -25229.164145  -8130.345081  -3881.820820 999999.999999 12    14           
PG02 -14063.875394  22129.943429  -2462.039210   -374.378067  4  7  5  74       
PG03  -6956.757609  13465.447527 -21965.783999    508.672884  5  7  4  87       
PG04  -2663.173515  22760.061982 -13292.671918    428.567598  6 10  6  59       
PG05  21981.705417  -6103.320890  13477.317018   -183.955522  5  6  3 111       
PG06  15184.155510   4075.115850 -21363.291346     83.729162  6  4  5  90       
PG07    472.646411  19464.475233  18383.248924    -48.416912  6  6  5 104       
PG08 -10078.968378  13758.757173  20138.185866    324.116105  5  5    114       
PG09   6839.925744  25403.695310  -3501.484586    323.496666  5  8  6  76       
PG10 -22747.356913 -10725.675534   9259.906733   -100.674385  6  7  6  98       
PG11  21180.879682  -9033.369219 -13153.527550   -724.636079  6  3  5  85       
PG12  11128.399830 -12236.857164 -21050.541276   -532.088702  6  6  2  91       
PG13  14155.950098  -4815.372066  21716.464027    672.110779  6  3  5 109       
PG14  19870.449294  13192.853397  11962.084137    477.614934  6  6  5 101       
PG15   8088.449059 -15409.694095  19503.828713    195.190790  6  6    106       
PG16 -24545.232724    497.462329  10344.569520   -202.424539     6  5 104       
PG17  13328.792315  19874.766948 -10922.626294    648.872524  5  8  3  83       
PG18    -54.207877 -18834.261362  18653.672701   -647.926986  6  8  7  97       
PG19  15518.070460  12704.867555 -17780.086253    527.621482  5  7  5  86       
PG20  26189.973387  -2039.866478   3378.861738    371.452528  5  7  6 111       
PG21 -16765.988950  19673.402997   3056.672891    103.170686  3  7  6  79       
PG22  23813.532383  10473.819101   4908.807416    -53.680892  4  6  5 102       
PG23 -12372.214618 -14633.557146  18509.648516    302.443760  6  5  4 118       
PG24  14286.165924 -22094.769586  -1535.582166   -486.508700  6  4  5  84       
PG25  -2199.219525 -15988.089796 -21467.631539    499.398862  5  6  6 101       
PG26 -26273.078799  -4624.076547  -2328.024970     95.889523  1  4  4 102       
PG27 -15236.189760   1813.548781  21422.469606    -33.277210  5  5  3 112       
PG28 -14201.046063  -6351.860218 -21539.113764   -381.327541  6  6  3 113       
PG29  -2074.116691 -25606.618738  -6527.845378   -582.735916  6  7  4  93       
PG30  10145.886288  12319.969011  21361.926795   -335.897493  5  5  4 109       
PG31 -20446.734616   4957.800201 -16663.740528   -225.622147  4  6  5  89       
PG32 -15284.315871 -18114.568320 -11976.928388   -604.041019  8  7  5 111       
*  2024  8 21 17 15  0.00000000
PG01 -24642.346358  -8269.492076  -6620.403303 999999.999999 13    13           
PG02 -14376.397787  22121.374899    423.104128   -374.370883  5  7  5  86       
PG03  -9353.423091  13025.740472 -21317.006995    508.685960  5  7  4  76       
PG04  -3376.709382  21259.074689 -15451.545645    428.574247  6 10  6  80       
PG05  23381.130396  -5761.952153  11101.568530   -183.957269  4  6  3  96       
PG06  13611.985407   5997.169321 -21950.627393     83.706971  6  5  5  88       
PG07   -887.031378  20850.818385  16681.917412    -48.411661  6  6  5  91       
PG08 -11101.897927  11599.394762  20976.908283    324.128879  6  5    109       
PG09   6393.766753  24991.281617  -6284.450438    323.510750  5  8  6  74       
PG10 -21576.679676 -10673.975442  11798.813568   -100.684543  6  6  6 106       
PG11  20229.952397  -7690.436646 -15326.253248   -724.640789  6  4  5  96       
PG12  13346.748707 -11634.936482 -20061.969010   -532.091388  6  5  2  99       
PG13  14726.142034  -2347.183457  21764.888015    672.112908  6  3  5 106       
PG14  18368.709777  13143.670431  14194.527013    477.622755  6  6  5  98       
PG15   9381.300873 -13385.795219  20391.793750    195.194647  6  6    101       
PG16 -25529.871555     36.047886   7772.760580   -202.415165     6  5  99       
PG17  13454.603312  21052.019104  -8343.309768    648.863764  5  8  3  88       
PG18   1365.442846 -20304.533861  16965.182564   -647.929580  6  9  7  85       
PG19  15881.347728  14561.015164 -15961.720405    527.626236  5  8  5  85       
PG20  26413.682979  -1760.676001    538.079568    371.452242  4  7  5 112       
PG21 -16766.571333  19092.005983   5913.478073    103.170628  3  7  6  94       
PG22  23092.659139  10561.429431   7658.438579    -53.685088  4  6  5 103       
PG23 -10196.839734 -14433.782089  19921.211227    302.451513  6  6  4 108       
PG24  14571.313450 -21867.926638   1290.820923   -486.509067  6  4  5  85       
PG25    185.135082 -15672.490342 -21791.870909    499.399073  5  6  6  98       
PG26 -25847.845549  -4898.712569  -5058.302035     95.882501  2  4  4 110       
PG27 -16106.286694   -506.493084  20894.679609    -33.277549  5  5  3 104       
PG28 -12718.466045  -8335.303335 -21787.831237   -381.340706  6  6  3 127       
PG29  -1606.363965 -24809.359129  -9216.129911   -582.733870  6  7  4  95       
PG30   8584.611787  14141.002470  20886.323855   -335.891243  5  5  5 104       
PG31 -19286.602691   3382.441035 -18343.626185   -225.621754  4  6  5  92       
PG32 -15547.705999 -19355.449581  -9501.609315   -604.038268  7  6  5 113       
*  2024  8 21 17 30  0.00000000
PG01 -23767.055486  -8401.956390  -9248.369803 999999.999999 13    12           
PG02 -14516.590453  21848.909238   3300.869062   -374.363912  5  7  5  76       
PG03 -11679.522796  12730.956487 -20306.148866    508.699018  5  6  5  91       
PG04  -4254.844280  19585.244113 -17342.618512    428.581024  5 10  6  97       
PG05  24515.125733  -5512.091034   8533.795396   -183.957813  4  6  3  89       
PG06  12123.439914   8042.339364 -22158.370682     83.684741  5  6  5  80       
PG07  -2059.596853  22140.309821  14698.574036    -48.407018  5  6  4  98       
PG08 -12262.692434   9430.326579  21448.782035    324.141673  6  5    113       
PG09   5793.843379  24324.013396  -8959.145304    323.524866  3  8  6  69       
PG10 -20133.001014 -10661.148649  14140.240006   -100.694747  6  6  6 109       
PG11  19207.511316  -6117.778206 -17234.015785   -724.645572  5  4  4 103       
PG12  15467.583272 -11172.217310 -18735.765679   -532.094003  6  5  2  93       
PG13  15421.889472     68.976729  21431.252605    672.114760  6  3  5 109       
PG14  16630.173409  13140.467058  16185.862577    477.630551  6  6  5  91       
PG15  10811.280842 -11356.405329  20911.502793    195.198966  6  6  2 109       
PG16 -26243.986187   -314.202172   5069.025881   -202.405753  1  7  6  93       
PG17  13535.954609  21934.346259  -5616.750732    648.854884  4  8  3  81       
PG18   2580.038529 -21682.842912  14982.580732   -647.932207  6  9  6  94       
PG19  16275.807338  16186.181381 -13876.382478    527.630643  5  8  6  84       
PG20  26329.196740  -1467.594015  -2312.043597    371.452290  4  7  5 108       
PG21 -16628.883026  18236.549621   8662.955355    103.170069  3  6  6  78       
PG22  22081.464905  10625.572727  10275.746589    -53.688665  3  5  5  95       
PG23  -7872.089508 -14345.143340  20992.661635    302.459317  6  6  5 103       
PG24  14708.084121 -21375.218971   4094.325702   -486.509410  5  5  5  72       
PG25   2600.691527 -15478.211390 -21752.839444    499.399308  5  6  6 105       
PG26 -25136.703060  -5186.842991  -7703.739555     95.875477  3  4  5  92       
PG27 -17059.357719  -2700.029955  20000.228572    -33.277895  6  5  4 106       
PG28 -11337.741337 -10399.347136 -21662.054441   -381.353838  6  6  4 125       
PG29   -996.320412 -23759.949219 -11744.985103   -582.731921  6  8  4  94       
PG30   7154.204519  15978.143026  20054.704660   -335.885004  5  4  5  94       
PG31 -18107.035364   1611.339488 -19717.282305   -225.621290  4  6  4  99       
PG32 -15755.420065 -20315.972674  -6863.151871   -604.035579  7  7  6  94       
*  2024  8 21 17 45  0.00000000
PG01 -22616.927508  -8563.564369 -11722.293190 999999.999999 13    11           
PG02 -14519.749592  21298.117115   6121.085086   -374.357068  5  6  5  79       
PG03 -13886.732499  12572.045298 -18949.833131    508.712077  5  6  5  90       
PG04  -5305.984200  17782.871396 -18933.351538    428.587695  4 10  6  96       
PG05  25360.027834  -5320.759333   5818.740257   -183.959351  4  5  4 102       
PG06  10751.257743  10170.744560 -21982.580046     83.662534  6  7  4  78       
PG07  -3045.587524  23289.451832  12464.995960    -48.401912  5  6  4  94       
PG08 -13544.961600   7297.784488  21546.779874    324.154479  6  5    113       
PG09   5016.575197  23432.796408 -11479.669301    323.539051  3  9  6  64       
PG10 -18441.865536 -10721.658273  16245.122467   -100.704845  6  5  6 104       
PG11  18156.209153  -4329.273943 -18843.896058   -724.650257  5  4  4 108       
PG12  17446.171101 -10838.389973 -17093.652058   -532.096299  5  5  3  71       
PG13  16224.619509   2385.760524  20722.262010    672.116801  6  3  5 114       
PG14  14684.632476  13212.256981  17902.026244    477.638379  6  6  5  99       
PG15  12356.537927  -9366.131411  21053.683622    195.202674  6  6  3 116       
PG16 -26668.212371   -585.700507   2279.664016   -202.396571  2  7  6  90       
PG17  13533.931050  22520.063818  -2791.488297    648.846134  3  8  3  91       
PG18   3588.739132 -22923.627565  12739.853959   -647.934850  6 10  5  98       
PG19  16664.987432  17558.670220 -11559.151989    527.635763  4  8  6  71       
PG20  25941.500008  -1124.253760  -5121.965187    371.451689  4  7  5 110       
PG21 -16393.278951  17105.952024  11256.399435    103.169478  3  6  6  87       
PG22  20794.596736  10703.638654  12716.481677    -53.692026  3  3  5  87       
PG23  -5443.255491 -14385.067813  21705.174215    302.467085  6  6  5  89       
PG24  14729.172531 -20604.099938   6824.949343   -486.509807  4  4  4  96       
PG25   5001.289131 -15408.178467 -21350.418747    499.399482  4  6  6  87       
PG26 -24152.859956  -5521.656594 -10220.072593     95.868467  3  5  5 100       
PG27 -18064.961918  -4729.264220  18756.348303    -33.278260  6  5  4 104       
PG28 -10084.540227 -12502.271059 -21163.935380   -381.367043  6  6  5 118       
PG29   -221.053424 -22492.670225 -14070.864486   -582.729924  5  8  4  87       
PG30   5871.927885  17788.891779  18880.354345   -335.878759  5  5  5  90       
PG31 -16946.550739   -333.577807 -20761.328631   -225.620965  4  7  3 111       
PG32 -15868.642269 -20994.672757  -4107.202686   -604.032847  7  7  6 100       
*  2024  8 21 18  0  0.00000000
PG01 -21213.212343  -8787.425135 -14001.477838 999999.999999 13  1 10           
PG02 -14424.376469  20463.068294   8835.200755   -374.350027  5  6  5  94       
PG03 -15929.780707  12532.043729 -17270.558834    508.725103  5  6  5  83       
PG04  -6530.346130  15898.485911 -20196.489783    428.594308  4  9  7  86       
PG05  25900.574248  -5151.647802   3003.486190   -183.960741  3  5  3  92       
PG06   9521.154559  12337.527686 -21425.986895     83.640412  6  7  4  70       
PG07  -3853.234973  24256.714004  10017.669301    -48.397020  5  6  4  93       
PG08 -14925.046103   5244.666950  21270.497998    324.167293  6  5    115       
PG09   4045.071833  22354.059795 -13802.883110    323.553160  2  9  6  76       
PG10 -16535.936015 -10885.144205  18078.266723   -100.715005  6  4  6 101       
PG11  17116.721676  -2347.080669 -20128.160876   -724.655015  5  5  5  95       
PG12  19241.169300 -10615.826451 -15162.668860   -532.099149  5  4  3  87       
PG13  17108.553097   4560.249709  19651.258298    672.118232  5  3  5 115       
PG14  12567.978646  13382.734920  19313.513097    477.646228  6  6  5 101       
PG15  13988.222019  -7455.831689  20816.204667    195.206748  6  6  4 118       
PG16 -26791.235733   -813.916784   -548.048915   -202.387006  2  7  6  95       
PG17  13411.193684  22816.684745     82.618109    648.836893  3  8  3  92       
PG18   4399.191853 -23983.565564  10275.646727   -647.937449  7 10  5  91       
PG19  17010.039408  18664.775008  -9048.826209    527.639578  5  9  6  63       
PG20  25264.294626   -696.186793  -7842.785466    371.451190  4  7  4 107       
PG21 -16101.162236  15708.225409  13648.812364    103.168735  4  5  5 101       
PG22  19254.755579  10830.383392  14939.899576    -53.696082  3  2  5  86       
PG23  -2958.848238 -14563.140970  22045.970501    302.474853  6  7  4  93       
PG24  14670.057430 -19550.577607   9433.607683   -486.510151  3  5  4  92       
PG25   7340.862990 -15457.589380 -20590.394848    499.399650  4  6  6  86       
PG26 -22916.900180  -5933.506927 -12565.200110     95.861455  4  5  5 101       
PG27 -19087.668166  -6563.238104  17186.283980    -33.278613  6  5  5  98       
PG28  -8977.174189 -14598.954586 -20302.016759   -381.380271  6  7  5 121       
PG29    735.385247 -21047.181548 -16153.831416   -582.728035  5  8  5  95       
PG30   4747.560482  19529.106709  17382.460470   -335.872486  4  5  5  94       
PG31 -15839.995928  -2423.313882 -21457.669432   -225.620459  3  7  3 104       
PG32 -15850.135460 -21398.748111  -1281.136084   -604.030127  6  7  6  93       
*  2024  8 21 18 15  0.00000000
PG01 -19584.047392  -9102.564094 -16048.536263 999999.999999 13     8           
PG02 -14270.472372  19346.581607  11397.111901   -374.342908  5  5  5  97       
PG03 -17768.017076  12586.792794 -15296.370808    508.738137  5  6  6  95       
PG04  -7919.786954  13979.131569 -21110.522248    428.601061  4  8  6 101       
PG05  26130.382724  -4966.723220    136.622324   -183.961693  3  6  3  91       
PG06   8450.927882  14494.432993 -20497.968829     83.618219  5  8  4  67       
PG07  -4498.057500  25004.144360   7397.302756    -48.392124  5  6  4  87       
PG08 -16372.879897   3309.060238  20626.072577    324.180074  6  5  1 117       
PG09   2869.970311  21128.329781 -15889.134018    323.567243  3  8  6  74       
PG10 -14453.910086 -11175.187868  19608.885154   -100.725137  6  3  6  96       
PG11  16126.168262   -200.969989 -21064.741541   -724.659708  4  5  5 102       
PG12  20816.052387 -10480.340690 -12974.793229   -532.101969  4  3  3  93       
PG13  18041.734538   6555.417535  18237.911630    672.120925  5  3  5 111       
PG14  10321.013929  13669.249342  20395.882684    477.654134  6  5  5 100       
PG15  15671.542933  -5661.112266  20204.086859    195.210625  6  6  5 114       
PG16 -26610.127634  -1035.831653  -3366.619714   -202.377637  3  7  6 109       
PG17  13133.602667  22840.407288   2955.329914    648.827946  2  8  3  93       
PG18   5027.050043 -24823.256021   7632.593790   -647.940067  7 10  5  92       
PG19  17271.272645  19499.121298  -6387.324080    527.644131  5  9  7  76       
PG20  24319.476250   -152.384979 -10427.127315    371.450998  4  7  4 107       
PG21 -15793.146238  14060.162818  15799.682956    103.168035  4  3  5 103       
PG22  17491.860421  11036.470105  16909.371137    -53.699590  3  2  5  95       
PG23   -468.937984 -14880.664926  22008.573197    302.482616  6  7  4  90       
PG24  14567.416680 -18219.600061  11873.107777   -486.510504  3  5  4  90       
PG25   9574.970559 -15614.082523 -19484.432252    499.399831  5  5  6  99       
PG26 -21456.080614  -6448.603261 -14699.830092     95.854455  4  5  4 108       
PG27 -20088.473997  -8178.773855  15318.767534    -33.278951  6  5  5 103       
PG28  -8026.020354 -16642.462099 -19091.087378   -381.393452  6  7  5 115       
PG29   1881.157052 -19467.011215 -17958.240068   -582.725875  5  7  4  89       
PG30   3783.149536  21154.578987  15585.853449   -335.866321  4  5  5  97       
PG31 -14817.272475  -4622.667066 -21793.811114   -225.620140  3  7  3  97       
PG32 -15665.796309 -21543.596101   1566.756301   -604.027397  6  7  5  79       
*  2024  8 21 18 30  0.00000000
PG01 -17763.502076  -9532.719412 -17829.912428 999999.999999 12     5           
PG02 -14097.820270  17960.139105  13763.904862   -374.336228  5  4  5 102       
PG03 -19366.822343  12705.943425 -13060.435664    508.751135  4  6  6  90       
PG04  -9457.966457  12070.650079 -21660.035549    428.607785  4  8  6 105       
PG05  26052.096639  -4727.893459  -2732.601540   -183.962756  3  6  3  97       
PG06   7549.881032  16591.529221 -19214.402797     83.595978  6  9  4  87       
PG07  -5002.157460  25498.896047   4648.234501    -48.387173  5  7  4  81       
PG08 -17853.105401   1522.972891  19625.978344    324.192877  6  6  3 108       
PG09   1489.979325  19798.664808 -17702.915510    323.581348  3  8  6  84       
PG10 -12239.226220 -11608.304767  20811.075500   -100.735345  6  3  6 103       
PG11  15216.686319   2072.630071 -21637.610686   -724.664402  4  6  6 101       
PG12  22140.381052 -10402.209082 -10566.473199   -532.104326  3  3  3  89       
PG13  18987.311047   8341.342135  16507.795682    672.123159  5  4  5 104       
PG14   7988.078970  14082.021723  21130.188595    477.661987  5  5  5  97       
PG15  17367.088943  -4011.065348  19229.346829    195.214901  6  6  6 108       
PG16 -26130.383534  -1288.358563  -6129.074283   -202.368366  4  7  6 111       
PG17  12671.693818  22615.277230   5776.943466    648.818760  3  7  3  79       
PG18   5495.171679 -25408.767355   4856.571160   -647.942718  7 10  4  92       
PG19  17409.739228  20064.715526  -3619.049148    527.648832  5  9  6  86       
PG20  23136.299549    533.272999 -12829.990392    371.450394  4  6  4 102       
PG21 -15507.316502  12186.679332  17673.614147    103.168185  4  2  5  94       
PG22  15541.965438  11347.199714  18592.897508    -53.703425  3  3  5  96       
PG23   1976.570598 -15330.544258  21592.958848    302.490421  6  7  4  86       
PG24  14457.480450 -16625.077673  14099.125048   -486.510879  4  5  4  92       
PG25  11662.275630 -15858.195446 -18049.965842    499.400014  5  5  6  98       
PG26 -19803.398161  -7087.858170 -16588.085079     95.847576  5  6  4 113       
PG27 -21026.355996  -9561.093813  13187.407554    -33.279291  6  5  5 106       
PG28  -7233.259486 -18585.707059 -17551.931248   -381.406699  6  7  5 115       
PG29   3216.143070 -17797.914607 -19453.334688   -582.723835  5  7  5  82       
PG30   2973.066593  22622.638307  13520.645503   -335.860078  4  5  5  97       
PG31 -13902.245638  -6891.331184 -21763.108557   -225.619517  3  6  3 115       
PG32 -15286.085772 -21452.053696   4388.072486   -604.024674  6  7  5  90       
*  2024  8 21 18 45  0.00000000
PG01 -15790.427623 -10095.340244 -19316.350107 999999.999999 12  4              
PG02 -13944.321201  16323.478853  15896.506743   -374.329151  5  3  5 104       
PG03 -20698.805663  12854.215824 -10600.526749    508.764114  4  6  6  87       
PG04 -11120.836869  10216.028065 -21835.956584    428.614478  4  7  6 101       
PG05  25677.195728  -4398.665055  -5555.116216   -183.963999  3  6  3  87       
PG06   6818.589665  18579.011338 -17597.399203     83.573765  5  9  5  58       
PG07  -5393.239792  25714.605221   1817.733550    -48.381924  4  7  4  94       
PG08 -19326.393094    -88.672005  18288.719440    324.205647  6  6  3 114       
PG09    -87.889257  18409.012974 -19213.450691    323.595425  3  7  5  70       
PG10  -9938.602951 -12193.200762  21664.236230   -100.745501  6  3  6 104       
PG11  14414.215013   4431.852562 -21837.051244   -724.669126  4  7  6  99       
PG12  23190.863697 -10347.417117  -7978.082507   -532.106950  3  4  3  89       
PG13  19905.006957   9896.127504  14491.861595    672.125185  5  4  5 109       
PG14   5615.547793  14623.643604  21503.325035    477.669864  5  5  5 107       
PG15  19032.342951  -2527.302764  17910.680032    195.218640  5  6  6 117       
PG16 -25365.669299  -1606.789769  -8789.662609   -202.359103  5  6  7  99       
PG17  12001.952731  22172.068020   8499.158551    648.810088  3  6  3 100       
PG18   5832.528482 -25712.987025   1995.879440   -647.945354  7 10  5  96       
PG19  17388.803538  20372.697997   -790.217159    527.653236  5  9  7  81       
PG20  21750.264344   1380.789283 -15009.562179    371.450086  5  6  4  86       
PG21 -15277.663118  10119.852604  19240.796381    103.167596  4  2  5 109       
PG22  13445.976847  11781.473671  19963.530380    -53.706946  3  3  5  92       
PG23   4329.665191 -15897.507150  20805.603742    302.498187  6  7  4  95       
PG24  14374.396304 -14789.533489  16071.135782   -486.511270  4  5  4 108       
PG25  13565.937286 -16164.102527 -16310.006780    499.400192  5  4  6  97       
PG26 -17996.458608  -7865.932581 -18198.062201     95.840580  5  6  4 101       
PG27 -21859.887169 -10704.105441  10830.013788    -33.279617  6  5  6 105       
PG28  -6592.939100 -20383.132192 -15710.974398   -381.419926  6  7  5 108       
PG29   4731.777348 -16086.166052 -20613.757878   -582.721718  5  6  4  89       
PG30   2304.367418  23893.726269  11221.769649   -335.853872  4  5  4  92       
PG31 -13111.878153  -9185.195426 -21364.934334   -225.619188  3  6  2 103       
PG32 -14687.283042 -21153.375709   7135.091572   -604.021905  5  7  5  96       
*  2024  8 21 19  0  0.00000000
PG01 -13707.151524 -10800.818763 -20483.304905 999999.999999 10  8  6           
PG02 -13844.447285  14463.892426  17760.238808   -374.322410  4  3  5 104       
PG03 -21744.742010  12992.867194  -7958.423052    508.777127  3  6  6  99       
PG04 -12877.438609   8453.871640 -21635.681728    428.621179  4  6  6  99       
PG05  25025.483780  -3945.729475  -8282.856353   -183.965026  4  6  3  99       
PG06   6249.020730  20409.010241 -15674.920871     83.551517  5  9  6  71       
PG07  -5703.381249  25632.557333  -1044.798750    -48.376896  4  7  4  87       
PG08 -20750.910481  -1508.753811  16638.424188    324.218453  6  6  3 102       
PG09  -1848.409222  17002.554820 -20395.191449    323.609473  4  7  6  71       
PG10  -7600.460911 -12930.319694  22153.413527   -100.755561  6  2  6 102       
PG11  13737.535188   6830.820966 -21659.813492   -724.673823  4  7  6 104       
PG12  23952.168668 -10279.089196  -5253.299593   -532.109422  3  4  3  89       
PG13  20752.730525  11206.501157  12225.825412    672.127304  4  5  5 101       
PG14   3250.243567  15288.872957  21508.283229    477.677762  5  5  5 101       
PG15  20623.325961  -1223.322837  16272.998144    195.222906  5  6  7 111       
PG16 -24337.289994  -2023.319968 -11304.527243   -202.349674  5  6  7 101       
PG17  11107.841159  21546.931638  11075.886394    648.801232  4  6  3  89       
PG18   6072.869172 -25716.717162   -899.624553   -647.947929  7 10  6 100       
PG19  17175.641838  20441.808178   2051.845836    527.657956  5  9  7  79       
PG20  20201.767293   2403.059339 -16927.969337    371.449857  4  6  3 100       
PG21 -15132.740322   7897.717366  20477.332085    103.167035  4  3  5 106       
PG22  11248.220969  12351.020073  20999.699055    -53.710700  3  4  4  92       
PG23   6545.888733 -16558.656883  19659.419176    302.505963  6  6  4  97       
PG24  14348.681249 -12743.391067  17753.275836   -486.511602  5  5  4  99       
PG25  15254.852885 -16500.610735 -14292.859028    499.400342  5  3  6  87       
PG26 -16076.185991  -8790.512789 -19502.341788     95.833596  5  6  4 106       
PG27 -22548.856807 -11610.350225   8287.873951    -33.279975  6  5  5  96       
PG28  -6091.358863 -21992.341662 -13599.835016   -381.433088  6  7  5 108       
PG29   6411.212225 -14376.849648 -21419.960763   -582.719605  5  6  4  74       
PG30   1757.446225  24932.876335   8728.422407   -335.847639  4  5  4 102       
PG31 -12455.622630 -11457.801545 -20604.764747   -225.618862  3  5  2 107       
PG32 -13852.518818 -20681.992509   9761.538893   -604.019174  5  7  5 104       
*  2024  8 21 19 15  0.00000000
PG01 -11558.060183 -11651.980769 -21311.298472 999999.999999  8 10  9           
PG02 -13827.865241  12415.262593  19325.272397   -374.315289  4  4  5 109       
PG03 -22494.211100  13081.313735  -5179.228927    508.790128  3  6  7  93       
PG04 -14690.969998   6817.066348 -21063.092279    428.627850  4  6  5 100       
PG05  24124.276759  -3340.418278 -10869.552906   -183.966028  4  6  3 106       
PG06   5824.999421  22037.338969 -13480.293310     83.529302  6  9  6  75       
PG07  -5967.592854  25242.583845  -3888.716366    -48.371903  5  7  5  87       
PG08 -22083.881462  -2728.360061  14704.356415    324.231278  6  6  4  99       
PG09  -3768.544651  15620.094334 -21228.226960    323.623535  4  6  6  88       
PG10  -5273.281494 -13811.700836  22269.574655   -100.765613  5  3  6 106       
PG11  13197.602021   9221.235008 -21109.158265   -724.678562  5  8  6 102       
PG12  24417.452914 -10159.050645  -2438.416361   -532.112049  3  5  3  94       
PG13  21488.247548  12268.071407   9749.484854    672.129129  4  6  5 109       
PG14    937.833548  16064.740579  21144.311341    477.685669  5  5  5  98       
PG15  22096.293215   -104.231383  14346.839828    195.226631  5  7  7 112       
PG16 -23073.403877  -2565.696751 -13632.331323   -202.340403  6  5  7 107       
PG17   9980.542388  20779.879573  13463.985774    648.792273  4  5  3  78       
PG18   6253.191025 -25409.470351  -3779.430216   -647.950597  7  9  6 100       
PG19  16742.618705  20297.579607   4859.428631    527.662808  5  8  7  79       
PG20  18534.573408   3605.169919 -18551.954219    371.449479  4  6  3  99       
PG21 -15094.595242   5562.874347  21365.421746    103.166749  5  4  5 109       
PG22   8994.917544  13059.903827  21685.447764    -53.714048  2  5  5  93       
PG23   8585.874271 -17284.335722  18173.573945    302.513739  6  6  4  93       
PG24  14405.832962 -10523.927588  19115.098230   -486.511978  5  5  4 102       
PG25  16704.707349 -16832.382675 -12031.743982    499.400513  6  3  6  96       
PG26 -14085.416617  -9861.846588 -20478.438582     95.826633  5  6  4  96       
PG27 -23055.831025 -12290.628365   5604.999435    -33.280311  6  5  5 101       
PG28  -5707.763037 -23375.622834 -11254.784204   -381.446289  6  7  4  98       
PG29   8229.807813 -12712.214906 -21858.509927   -582.717809  5  6  4  70       
PG30   1306.962371  25711.040805   6083.416485   -335.841406  4  5  4  84       
PG31 -11935.098794 -13661.909503 -19494.176663   -225.618268  3  5  2 106       
PG32 -12772.552534 -20076.095677  12223.315457   -604.016414  4  7  5 108       
*  2024  8 21 19 30  0.00000000
PG01  -9388.116346 -12643.851903 -21786.213028 999999.999999    12 11           
PG02 -13918.274994  10216.883917  20566.989515   -374.308459  4  5  5 117       
PG03 -22945.909875  13078.845624  -2310.623540    508.803093  2  5  7  91       
PG04 -16520.088453   5331.672498 -20128.457952    428.634573  5  6  5  92       
PG05  23007.325407  -2559.973445 -13271.483610   -183.967522  4  5  3  98       
PG06   5523.005460  23425.106115 -11051.615131     83.507073  6  9  7  80       
PG07  -6222.230374  24543.639824  -6663.089146    -48.366672  5  7  5  69       
PG08 -23283.175570  -3746.872837  12520.356288    324.244116  5  6  5 112       
PG09  -5818.154086  14298.558480 -21698.596700    323.637616  4  6  6 100       
PG10  -3003.958774 -14821.154689  22009.802287   -100.775735  5  3  6 117       
PG11  12797.195310  11554.051660 -20194.786503   -724.683274  5  9  6 102       
PG12  24588.582268  -9949.464411    418.415703   -532.114776  3  5  4 104       
PG13  22070.855179  13085.241256   7105.981630    672.130814  5  6  5 111       
PG14  -1278.736935  16930.965807  20416.972611    477.693558  5  5  5 109       
PG15  23409.408328    833.179992  12167.677307    195.230280  5  7  7 118       
PG16 -21608.011388  -3256.041808 -15734.843227   -202.331038  7  5  7 103       
PG17   8619.404715  19913.156922  15623.919313    648.783934  4  4  3  93       
PG18   6412.082269 -24789.932131  -6593.290842   -647.953231  7  9  7 110       
PG19  16068.490471  19971.290755   7585.176435    527.667352  5  8  7  83       
PG20  16794.168976   4984.011167 -19853.463239    371.449122  4  6  2 105       
PG21 -15177.992832   3160.976127  21893.425766    103.165756  5  5  5 116       
PG22   6732.613102  13904.331216  22010.587629    -53.717686  2  5  4  98       
PG23  10416.691575 -18039.270736  16373.203925    302.521471  6  6  4 103       
PG24  14565.165348  -8173.937312  20132.205636   -486.512363  5  5  4 110       
PG25  17898.786036 -17121.346684  -9564.332122    499.400708  6  4  6  96       
PG26 -12067.426051 -11072.557433 -21109.189334     95.819675  5  6  4  99       
PG27 -23347.597000 -12763.322675   2827.355086    -33.280678  6  4  5 108       
PG28  -5415.312848 -24501.299323  -8716.126180   -381.459543  6  8  4  98       
PG29  10155.925465 -11130.159470 -21922.287976   -582.715781  5  6  3  83       
PG30    923.006030  26206.209725   3332.452351   -335.835190  5  5  3  87       
PG31 -11544.072713 -15751.117291 -18050.749442   -225.617944  3  4  2  99       
PG32 -11446.267783 -19376.105037  14479.183529   -604.013680  3  7  6 114       
*  2024  8 21 19 45  0.00000000
PG01  -7241.359820 -13763.708424 -21899.523829 999999.999999  6 12 12           
PG02 -14132.498013   7912.114080  21466.252134   -374.301423  4  5  5 117       
PG03 -23107.622650  12946.368727    597.948942    508.816092  2  5  7  94       
PG04 -18320.392086   4016.096227 -18848.232106    428.641249  5  6  5  89       
PG05  21713.515346  -1588.586941 -15448.171654   -183.968827  3  5  2  98       
PG06   5313.266574  24540.132304  -8431.079776     83.484805  6  9  8  84       
PG07  -6503.318150  23544.024774  -9317.714752    -48.361585  5  6  5  84       
PG08 -24308.867400  -4571.739797  10124.223524    324.256893  5  6  5 106       
PG09  -7960.966962  13069.660931 -21798.504695    323.651686  4  6  6  96       
PG10   -836.202591 -15934.755256  21377.404281   -100.785895  5  4  6 119       
PG11  12530.899674  13781.196689 -18932.657292   -724.688009  6  9  6 102       
PG12  24476.029418  -9614.480228   3267.992287   -532.117500  3  6  4 101       
PG13  22462.991200  13670.789292   4341.025247    672.132636  6  7  5 107       
PG14  -3360.712154  17860.669132  19338.097698    477.701401  4  5  5 110       
PG15  24524.324584   1600.011921   9775.143148    195.234192  5  7  7 119       
PG16 -19979.755015  -4109.880697 -17577.475543   -202.321701  7  4  6 100       
PG17   7032.074416  18989.573407  17520.325174    648.774324  4  4  4  92       
PG18   6588.003530 -23866.070657  -9292.137168   -647.955829  7  8  7 117       
PG19  15139.390610  19498.706675  10182.841198    527.671911  5  7  6  92       
PG20  15026.062052   6528.218514 -20810.135962    371.448984  4  7  2 104       
PG21 -15389.949963    739.151590  22055.818344    103.165431  6  6  5 111       
PG22   4506.628190  14872.749237  21970.768183    -53.721411  2  5  4 102       
PG23  12012.951610 -18783.959336  14289.010812    302.529281  6  5  5  97       
PG24  14838.922621  -5740.165329  20786.738537   -486.512760  5  5  4 111       
PG25  18828.515390 -17328.245046  -6932.182467    499.400849  7  4  6 114       
PG26 -10064.440280 -12407.746607 -21383.070370     95.812667  5  6  5 101       
PG27 -23396.440530 -13053.455009      2.086352    -33.280908  6  4  5 111       
PG28  -5182.300809 -25344.863327  -6027.508204   -381.472741  6  8  3  98       
PG29  12151.993711  -9662.895572 -21610.586464   -582.713746  5  6  3  93       
PG30    572.458668  26404.273720    523.320366   -335.828977  5  5  3  93       
PG31 -11268.744802 -17681.476832 -16297.867031   -225.617455  4  5  2 100       
PG32  -9880.870361 -18623.073525  16491.401317   -604.010937  2  6  6 119       
*  2024  8 21 20  0  0.00000000
PG01  -5159.440872 -14991.413191 -21648.466469 999999.999999 10 13 12           
PG02 -14479.839869   5546.906846  22009.585467   -374.294647  4  5  5 111       
PG03 -22995.846196  12648.104178   3496.135312    508.829063  3  5  6 105       
PG04 -20046.024244   2880.565622 -17244.744060    428.647911  6  6  5  80       
PG05  20285.394889   -418.172717 -17363.024132   -183.969885  3  5  2 101       
PG06   5161.104809  25358.113457  -5664.221731     83.462549  7  9  8 101       
PG07  -6844.859481  22261.224297 -11804.155486    -48.356516  6  6  5  88       
PG08 -25124.709459  -5217.945052   7557.055400    324.269659  5  6  5 103       
PG09 -10155.795288  11958.779096 -21526.433131    323.665720  3  6  6  99       
PG10   1190.949764 -17121.636030  20381.933421   -100.796115  5  4  6 123       
PG11  12385.414071  15857.241136 -17344.698496   -724.692741  7  9  6 100       
PG12  24098.447712  -9121.831471   6060.903785   -532.119910  2  5  4 106       
PG13  22631.718355  14045.140390   1502.093616    672.134573  7  7  5 101       
PG14  -5274.838685  18821.357658  17925.628740    477.709208  5  5  5 102       
PG15  25407.609849   2214.520328   7212.202183    195.238079  5  7  7 116       
PG16 -18230.570837  -5135.412165 -19129.776316   -202.312363  8  4  6 108       
PG17   5234.321179  18050.853576  19122.502068    648.765632  4  5  4 106       
PG18   6817.579197 -22654.888854 -11828.967463   -647.958426  7  7  7 119       
PG19  13949.558366  18918.654043  12608.032076    527.676483  5  7  6  94       
PG20  13274.098433   8218.446380 -21405.686228    371.448237  4  7  2 112       
PG21 -15729.579043  -1655.572642  21853.050190    103.164842  6  7  6 115       
PG22   2359.569898  15946.230883  21567.473331    -53.725172  2  6  4 102       
PG23  13357.623752 -19476.241986  11956.754562    302.537028  6  5  4 101       
PG24  15231.711998  -3271.583030  21067.705626   -486.513063  5  5  4 114       
PG25  19493.704285 -17414.263939  -4180.093037    499.401010  7  4  5 105       
PG26  -8116.183667 -13845.383815 -21294.438582     95.805679  5  6  5  97       
PG27 -23181.214465 -13191.516505  -2823.244718    -33.281224  6  3  5 104       
PG28  -4973.559590 -25889.843598  -3235.171851   -381.485909  6  8  3  95       
PG29  14175.805167  -8335.849281 -20929.091623   -582.711708  5  6  3  81       
PG30    220.494897  26299.592171  -2294.952178   -335.822807  5  5  2  99       
PG31 -11088.342296 -19413.045740 -14264.416524   -225.617282  4  5  2  90       
PG32  -8091.783625 -17857.087505  18226.300668   -604.008179  2  6  6 124       
*  2024  8 21 20 15  0.00000000
PG01  -3180.235385 -16300.028892 -21036.135223 999999.999999 12 12 12           
PG02 -14961.741503   3168.278846  22189.281041   -374.287505  5  6  6 107       
PG03 -22635.080785  12153.177249   6333.560463    508.842081  4  5  7  98       
PG04 -21651.339371   1926.929282 -15345.795346    428.654575  6  7  6  89       
PG05  18767.586018    951.155473 -18983.903198   -183.971098  2  5  1  94       
PG06   5028.480952  25863.484838  -2799.102134     83.440265  7  8  8  95       
PG07  -7277.211092  20721.367999 -14076.769707    -48.351400  6  5  4  72       
PG08 -25699.466373  -5707.205296   4862.551238    324.282493  5  7  5 106       
PG09 -12357.935132  10984.085286 -20887.154790    323.679772  3  5  6  96       
PG10   3044.458062 -18345.066144  19039.112000   -100.806199  4  5  6 114       
PG11  12340.177166  17740.978824 -15458.415858   -724.697485  7 10  6  79       
PG12  23481.931684  -8444.314909   8748.409284   -532.122700  2  5  4 113       
PG13  22550.029759  14235.359940  -1362.375257    672.136526  8  7  5 101       
PG14  -6994.471501  19776.148330  16203.354454    477.717051  5  6  5 104       
PG15  26031.961366   2701.105778   4524.292723    195.242014  5  7  7 120       
PG16 -16404.236505  -6333.040751 -20365.870463   -202.302953  8  4  6 109       
PG17   3249.569566  17136.064808  20404.807657    648.756772  4  5  4 102       
PG18   7133.969036 -21181.829368 -14159.695469   -647.961069  7  6  7 112       
PG19  12501.779698  18271.478952  14818.956261    527.681156  5  6  6  98       
PG20  11578.859838  10027.962116 -21630.169152    371.448253  4  7  2 102       
PG21 -16188.230820  -3977.800320  21291.336381    103.164308  6  8  6 103       
PG22    329.957584  17099.129078  20807.946307    -53.729035  1  6  4 101       
PG23  14442.531409 -20073.001055   9416.646593    302.544797  6  5  5  96       
PG24  15740.278798   -817.583953  20971.149447   -486.513517  5  5  4 110       
PG25  19902.469511 -17342.682947  -1355.368386    499.401200  7  5  5 108       
PG26  -6258.516169 -15356.976763 -20843.689231     95.798711  4  6  5 101       
PG27 -22688.164348 -13212.119017  -5601.405090    -33.281584  5  3  4  96       
PG28  -4752.010364 -26128.375485   -387.158360   -381.499132  6  8  3  94       
PG29  16181.994636  -7166.832343 -19889.764938   -582.709627  5  6  3  82       
PG30   -167.834873  25895.239708  -5072.992393   -335.816651  6  4  1  75       
PG31 -10976.000091 -20911.314757 -11984.381278   -225.616779  4  5  2 108       
PG32  -6102.246092 -17115.719573  19654.802477   -604.005429  2  5  6 122       
*  2024  8 21 20 30  0.00000000
PG01  -1336.589348 -17656.692002 -20071.507998 999999.999999 13 12 12           
PG02 -15571.724173    822.762199  22003.425380   -374.280551  5  7  6 105       
PG03 -22056.811978  11437.029954   9060.728998    508.855127  4  5  6 102       
PG04 -23092.566787   1148.782308 -13184.168018    428.661226  7  7  6  88       
PG05  17205.137244   2510.916378 -20283.623994   -183.972821  2  6  2 100       
PG06   4875.674315  26049.952121    114.550024     83.417927  7  8  8 100       
PG07  -7825.599215  18958.318398 -16093.705093    -48.346345  6  5  4  68       
PG08 -26008.064615  -6066.925337   2086.294201    324.295289  5  7  5  90       
PG09 -14520.705805  10155.963339 -19891.645027    323.693852  2  5  6 102       
PG10   4698.388866 -19563.772360  17370.656788   -100.816361  4  5  6 112       
PG11  12368.282986  19396.845053 -13306.408070   -724.702223  8 10  5  98       
PG12  22658.988212  -7561.091190  11283.320617   -532.125369  1  5  5 113       
PG13  22197.929476  14273.914488  -4203.787439    672.138441  9  7  5 102       
PG14  -8500.428935  20685.183824  14200.537656    477.724864  5  6  5  96       
PG15  26377.168411   3089.080035   1758.459433    195.245833  6  7  7 111       
PG16 -14544.863196  -7695.188611 -21264.848896   -202.293420  8  4  6 111       
PG17   1108.159392  16280.176510  21346.972008    648.747833  4  6  4  99       
PG18   7565.386756 -19479.857180 -16243.938807   -647.963643  7  5  7 111       
PG19  10807.518743  17597.442258  16777.139325    527.685707  5  6  6  97       
PG20   9976.207095  11923.535694 -21480.130498    371.447693  5  7  2 107       
PG21 -16749.917113  -6185.195764  20382.384135    103.163999  7  8  6 104       
PG22  -1548.994879  18299.974387  19705.047553    -53.732870  1  6  4  92       
PG23  15268.504296 -20531.918642   6712.653398    302.552553  6  5  5  92       
PG24  16353.630383   1573.818670  20500.146869   -486.513871  5  5  5 109       
PG25  20070.840782 -17080.478320   1492.986543    499.401351  7  5  5 106       
PG26  -4522.210431 -16908.500253 -20037.324166     95.791763  4  6  6 105       
PG27 -21911.486897 -13152.519298  -8286.210202    -33.281907  5  2  3 105       
PG28  -4480.290042 -26061.450932   2467.518268   -381.512367  6  8  2  95       
PG29  18123.642339  -6165.515823 -18510.621996   -582.707768  4  6  3  82       
PG30   -626.006263  25202.917204  -7761.992790   -335.810486  6  3  1  64       
PG31 -10899.901924 -22148.452975  -9496.328966   -225.616568  4  6  3 107       
PG32  -3942.626061 -16432.588525  20752.865076   -604.002680  3  5  6 125       
*  2024  8 21 20 45  0.00000000
PG01    344.762534 -19023.722305 -18769.392958 999999.999999 13 10 12           
PG02 -16295.624053  -1445.106584  21455.859696   -374.273416  6  7  6 115       
PG03 -21298.221099  10482.597887  11629.923402    508.868165  5  5  7 106       
PG04 -24329.409593    531.912342 -10797.054241    428.667879  7  8  6  80       
PG05  15641.878322   4244.408532 -21240.374460   -183.973550  3  6  2  99       
PG06   4663.029796  25920.669343   3026.223990     83.395615  6  7  8 104       
PG07  -8508.850251  17012.425329 -17817.820437    -48.341110  6  5  4  92       
PG08 -26032.519334  -6328.954487   -724.979697    324.308109  6  7  5  85       
PG09 -16597.069790   9476.731412 -18556.895144    323.707913  2  5  5 106       
PG10   6134.765625 -20733.462553  15404.001019   -100.826551  4  6  6 113       
PG11  12437.650107  20796.122983 -10925.796835   -724.706942  8 10  5 104       
PG12  21667.254848  -6458.749445  13620.878320   -532.128102  2  5  5 118       
PG13  21563.251747  14197.248857  -6974.181429    672.140342  9  7  5 101       
PG14  -9781.561088  21507.187473  11951.438844    477.732736  5  6  5  94       
PG15  26430.793379   3411.267249  -1037.502402    195.249760  7  7  7 109       
PG16 -12695.380918  -9206.394468 -21811.102286   -202.284110  8  4  6 114       
PG17  -1153.634096  15512.797381  21934.328844    648.739091  5  6  4  99       
PG18   8133.825668 -17588.257984 -18045.732181   -647.966253  7  4  6 113       
PG19   8886.728376  16935.111197  18448.113004    527.690482  4  6  6 106       
PG20   8496.024590  13866.588949 -20958.637483    371.447354  6  7  2 108       
PG21 -17391.987278  -8239.775177  19143.073371    103.163653  7  9  6 112       
PG22  -3250.402316  19512.584974  18277.048690    -53.736382  2  7  4  96       
PG23  15845.179370 -20813.222828   3891.722729    302.560317  6  5  5  84       
PG24  17053.498177   3857.713321  19664.650246   -486.514242  5  5  5 111       
PG25  20022.053701 -16599.813197   4315.133605    499.401517  7  5  4 107       
PG26  -2931.915799 -18461.555505 -18887.924511     95.784730  4  6  6 108       
PG27 -20853.606449 -13051.069847 -10833.211017    -33.282221  5  2  2 117       
PG28  -4122.393635 -25698.838640   5279.716068   -381.525596  6  7  3 111       
PG29  19953.941917  -5333.223345 -16815.414359   -582.705833  3  6  3  91       
PG30  -1184.474272  24242.527673 -10314.621819   -335.804309  6  3  2  74       
PG31 -10824.642283 -23104.317874  -6842.797788   -225.616139  4  6  3  92       
PG32  -1649.477301 -15836.077310  21501.861290   -603.999928  4  4  7 127       
*  2024  8 21 21  0  0.00000000
PG01   1844.063518 -20359.934413 -17150.291681 999999.999999 13  7 12           
PG02 -17112.104213  -3594.213546  20556.075206   -374.266764  6  8  6 102       
PG03 -20400.674198   9281.200494  13996.080029    508.881256  5  5  7 108       
PG04 -25326.518804     55.046380  -8225.417233    428.674549  8  8  7 105       
PG05  14118.836077   6127.166474 -21838.053026   -183.975070  5  7  2 107       
PG06   4352.701659  25488.058013   5885.523142     83.373276  6  7  8  94       
PG07  -9338.399645  14928.998825 -19217.504075    -48.335757  6  5  3  94       
PG08 -25762.608157  -6528.190978  -3524.116400    324.320891  6  7  5 114       
PG09 -18541.273655   8940.680458 -16905.630159    323.721996  3  5  5 102       
PG10   7344.122423 -21808.497230  13171.911573   -100.836676  4  6  6 114       
PG11  12512.398087  21917.892604  -8357.582224   -724.711659  8  9  5 104       
PG12  20548.013501  -5132.087613  15719.600128   -532.130480  2  5  5 110       
PG13  20642.192490  14044.234985  -9626.990433    672.142290 10  7  5 111       
PG14 -10835.007115  22201.096979   9494.741968    477.740546  6  6  5  95       
PG15  26188.554654   3702.500630  -3815.874590    195.253511  8  7  7 107       
PG16 -10896.067150 -10843.699205 -21994.595657   -202.274645  8  4  6 112       
PG17  -3494.782875  14857.130242  22157.967826    648.730111  5  7  4  87       
PG18   8854.042469 -15551.201923 -19534.151955   -647.968849  7  4  6 112       
PG19   6767.339739  16319.807977  19802.057415    527.695241  4  6  5  98       
PG20   7161.213573  15814.558078 -20075.192531    371.446930  7  7  2 112       
PG21 -18086.026847 -10109.024873  17595.100492    103.162615  8  9  6 103       
PG22  -4754.504999  20697.351464  16547.364981    -53.739943  2  7  5  85       
PG23  16190.456873 -20881.351306   1002.946825    302.568076  6  5  6  87       
PG24  17815.111010   5993.857449  18481.180685   -486.514582  5  5  5 104       
PG25  19785.552701 -15879.349978   7061.313688    499.401650  7  6  4 106       
PG26  -1505.350841 -19974.721025 -17414.022741     95.777735  4  6  6 103       
PG27 -19525.163859 -12945.651103 -13200.343719    -33.282567  5  2    113       
PG28  -3645.267245 -25058.677387   8001.013045   -381.538783  5  7  3  96       
PG29  21627.870875  -4663.049746 -14833.220332   -582.703875  3  6  4  82       
PG30  -1869.243910  23041.432071 -12685.913095   -335.798192  7  3  2  87       
PG31 -10712.758725 -23767.184566  -4069.587295   -225.615893  4  6  4  95       
PG32    735.631615 -15348.254401  21888.880138   -603.997183  4  4  7 124       
*  2024  8 21 21 15  0.00000000
PG01   3149.151819 -21622.109728 -15240.173868 999999.999999 13  2 11           
PG02 -17993.424149  -5588.165732  19319.047765   -374.259754  6  8  6 100       
PG03 -19408.049343   7833.105254  16117.623935    508.894367  5  5  6 103       
PG04 -26054.787840   -309.132035  -5513.294417    428.681207  8  9  7 104       
PG05  12672.768061   8127.709216 -22066.520883   -183.976281  5  7  2 115       
PG06   3910.324038  24773.276205   8643.053279     83.350955  6  7  8  99       
PG07 -10317.629181  12756.569341 -20267.360509    -48.330810  5  5  2 104       
PG08 -25196.270775  -6701.085657  -6264.274291    324.333697  6  6  4 109       
PG09 -20310.449399   8534.426373 -14965.935056    323.736079  4  4  5 108       
PG10   8325.734633 -22743.647979  10712.001588   -100.846890  3  6  6 116       
PG11  12554.377058  22749.687174  -5645.934723   -724.716400  8  9  5 109       
PG12  19344.557618  -3584.570966  17542.081969   -532.133034  3  5  5 116       
PG13  19439.537368  13854.550817 -12117.769624    672.144349 10  7  6 101       
PG14 -11666.128968  22727.712388   6872.890963    477.748388  6  6  5  99       
PG15  25654.407023   3998.076019  -6529.802402    195.257208  9  7  6 114       
PG16  -9183.168342 -12577.309114 -21811.079165   -202.265511  9  5  6 119       
PG17  -5870.849085  14329.175897  22014.811278    648.721416  6  7  4 100       
PG18   9732.838981 -13416.131349 -20683.841121   -647.971458  7  5  5 121       
PG19   4484.442582  15782.175988  20814.383858    527.699956  5  6  5 102       
PG20   5986.971404  17722.415162 -18845.533778    371.446973  7  7  3 106       
PG21 -18798.942936 -11766.818842  15764.593434    103.162554  8  9  6 104       
PG22  -6049.213681  21812.654562  14544.227890    -53.743675  3  7  5  91       
PG23  16329.632366 -20706.464082  -1903.320896    302.575841  6  5  5  86       
PG24  18608.239243   7948.027278  16972.389386   -486.514888  6  5  5 102       
PG25  19395.739395 -14905.325169   9682.784878    499.401796  7  6  4 109       
PG26   -252.758771 -21405.047910 -15639.870312     95.770680  4  6  6 101       
PG27 -17944.721440 -12872.138825 -15348.538079    -33.282923  5  2    111       
PG28  -3020.289067 -24166.758194  10584.543360   -381.551985  4  7  3  99       
PG29  23103.801322  -4140.298983 -12597.951580   -582.701671  4  6  3  89       
PG30  -2700.619430  21633.414156 -14834.112537   -335.792040  7  4  2  95       
PG31 -10526.375143 -24134.158655  -1224.963783   -225.615602  4  7  4  85       
PG32   3167.474241 -14984.037354  21906.949354   -603.994433  5  3  6 115       
*  2024  8 21 21 30  0.00000000
PG01   4255.800063 -22766.580006 -13070.159262 999999.999999 13  4 11           
PG02 -18906.440219  -7396.421111  17765.014411   -374.252811  7  8  6  95       
PG03 -18364.969610   6147.739437  17957.243986    508.907453  5  5  6  95       
PG04 -26492.419520   -592.735366  -2707.054170    428.687865  9  9  7 108       
PG05  11334.866418  10208.554342 -21921.766207   -183.977341  6  7  2  90       
PG06   3306.541634  23805.360456  11251.286417     83.328607  5  7  8  97       
PG07 -11441.565998  10545.016205 -20948.742068    -48.325422  5  5  2 102       
PG08 -24339.722354  -6884.098660  -8899.642904    324.346517  6  6  4 109       
PG09 -21866.117031   8237.562336 -12770.794666    323.750176  5  5  5 101       
PG10   9087.511412 -23495.876039   8066.141215   -100.857164  4  6  6 118       
PG11  12524.790747  23287.833320  -2837.436325   -724.721133  8  9  5 105       
PG12  18100.478698  -1828.444329  19055.731526   -532.135723  4  5  5 113       
PG13  17968.581418  13667.048634 -14404.880713    672.147625 10  7  5  99       
PG14 -12288.122206  23051.292137   4131.348176    477.756177  6  6  5 100       
PG15  24840.326690   4332.221898  -9134.029607    195.261203  9  7  6 103       
PG16  -7587.662083 -14371.519129 -21262.229603   -202.255980  9  5  5 109       
PG17  -8235.441965  13937.209142  21507.618483    648.712563  6  7  4  98       
PG18  10768.669004 -11232.037735 -21475.426353   -647.974118  6  5  5 117       
PG19   2079.180524  15346.921837  21466.243952    527.704333  5  6  5  89       
PG20   4980.382079  19544.288722 -17291.328193    371.446158  7  6  3 106       
PG21 -19494.198297 -13194.114512  13681.703616    103.161992  8  9  7 107       
PG22  -7130.384830  22816.369295  12300.298783    -53.747345  3  7  6  91       
PG23  16294.239346 -20265.742610  -4776.377664    302.583570  6  6  5  93       
PG24  19398.458178   9693.099436  15166.506284   -486.515219  6  5  5 103       
PG25  18890.514366 -13672.335434  12132.764869    499.401979  7  6  4 106       
PG26    823.348757 -22709.645219 -13595.098780     95.763654  4  6  6  90       
PG27 -16138.196149 -12862.958376 -17242.281123    -33.283259  5  2    112       
PG28  -2224.580042 -23055.523098  12985.807053   -381.565175  4  6  3 100       
PG29  24344.991278  -3743.223418 -10147.783470   -582.699754  4  6  4  82       
PG30  -3692.186059  20057.396538 -16721.463451   -335.785966  6  4  3  65       
PG31 -10228.889550 -24211.249299   1641.206126   -225.615039  4  7  4  87       
PG32   5598.662910 -14750.629432  21555.175030   -603.991732  5  3  6 105       
*  2024  8 21 21 45  0.00000000
PG01   5167.757971 -23750.867392 -10676.103616 999999.999999 12  8 10           
PG02 -19813.804202  -8995.214907  15919.193439   -374.245903  7  9  7  94       
PG03 -17315.013831   4243.537790  19482.590663    508.920565  6  5  6 106       
PG04 -26625.726295   -831.242882    145.382023    428.694461  9 10  8 119       
PG05  10129.678420  12327.461986 -21405.978219   -183.978058  7  7  3 107       
PG06   2518.340226  22620.076174  13665.384203     83.306309  4  7  8  98       
PG07 -12696.957629   8343.652189 -21250.109196    -48.320229  4  5  2 111       
PG08 -23207.278245  -7112.163676 -11386.142970    324.359324  6  6  4 115       
PG09 -23175.532591   8023.586862 -10357.553465    323.764303  6  5  5 108       
PG10   9645.547897 -24026.060848   5279.772158   -100.867353  4  6  6 111       
PG11  12385.849865  23537.463120     19.716362   -724.725913  8  8  5 106       
PG12  16857.942848    115.511882  20233.415335   -532.138267  5  5  5 113       
PG13  16250.745723  13518.171453 -16450.127215    672.147756 10  6  5 110       
PG14 -12721.317818  23141.032080   1317.788137    477.763992  7  6  5  94       
PG15  23765.818092   4736.641432 -11585.575219    195.265093 10  6  6 103       
PG16  -6134.204690 -16185.869780 -20355.716432   -202.246727  9  5  5 118       
PG17 -10541.740016  13681.541440  20644.920224    648.703767  6  7  4  90       
PG18  11951.583860  -9047.696418 -21895.821565   -647.976760  6  5  5 119       
PG19   -402.602664  15031.786560  21744.950837    527.709170  6  6  5  87       
PG20   4140.330850  21235.120186 -15439.764957    371.445829  7  6  3 112       
PG21 -20133.154138 -14379.411707  11380.178145    103.161524  9  9  7  97       
PG22  -8001.815730  23667.406858   9852.224373    -53.751303  4  6  6  92       
PG23  16120.649440 -19544.421328  -7566.092678    302.591336  7  6  5 101       
PG24  20148.571607  11209.827989  13096.697273   -486.515544  5  6  5 100       
PG25  18309.671229 -12183.794957  14367.354023    499.402169  6  6  5 104       
PG26   1728.144443 -23847.295621 -11314.274507     95.756617  4  6  6  87       
PG27 -14138.041289 -12945.774243 -18850.133103    -33.283592  5  3  2 110       
PG28  -1242.092411 -21762.819315  15163.439076   -381.578345  4  6  3 102       
PG29  25320.901280  -3444.035595  -7524.517925   -582.698036  5  6  4  90       
PG30  -4850.068125  18355.961122 -18314.911241   -335.779806  6  4  3 102       
PG31  -9786.635694 -24013.093088   4478.376685   -225.614730  5  7  5  82       
PG32   7981.233442 -14647.251280  20838.794912   -603.989046  5  4  5 120       
*  2024  8 21 22  0  0.00000000
PG01   5896.489014 -24535.321029  -8098.087318 999999.999999 11 10  9           
PG02 -20675.321822 -10368.252968  13811.448642   -374.238934  8  9  7  90       
PG03 -16298.978635   2147.429892  20666.880643    508.933737  6  5  6 102       
PG04 -26449.634490  -1061.944612   2995.339924    428.701118 10 10  8 100       
PG05   9074.282728  14438.864968 -20527.529548   -183.979385  7  7  3 108       
PG06   1530.125177  21258.523495  15843.966363     83.283986  4  7  8  95       
PG07 -14062.717558   6199.353778 -21167.210581    -48.314986  3  6  3 117       
PG08 -21820.896719  -7417.213700 -13682.101267    324.372124  7  6  3 116       
PG09 -24212.831181   7861.072867  -7767.302629    323.778430  7  6  5 107       
PG10  10023.348863 -24300.607886   2401.134811   -100.877540  5  6  6 116       
PG11  12102.391880  23512.198992   2876.533494   -724.730615  8  8  5 106       
PG12  15656.029725   2218.576122  21054.002042   -532.141171  5  5  6 117       
PG13  14314.906635  13440.473513 -18219.334685    672.149836 10  6  5 109       
PG14 -12992.202032  22972.366462  -1518.757807    477.771818  7  5  5 100       
PG15  22457.168246   5239.176613 -13844.347707    195.269216 10  6  5 107       
PG16  -4840.304536 -17976.503133 -19105.185732   -202.237208  9  6  5 113       
PG17 -12744.028309  13554.576163  19440.885595    648.694681  5  7  4  86       
PG18  13263.516403  -6909.928477 -21938.415040   -647.979355  6  6  6 116       
PG19  -2911.918354  14846.791989  21644.298761    527.713860  6  6  4  88       
PG20   3457.742950  22752.292426 -13323.058284    371.445309  7  6  4 123       
PG21 -20676.480796 -15318.965692   8896.913742    103.160816  9  8  8 104       
PG22  -8674.957199  24327.243092   7240.134478    -53.754712  4  6  6 105       
PG23  15848.487504 -18536.508616 -10223.818494    302.599030  7  6  5 111       
PG24  20820.132105  12487.295486  10800.351986   -486.515906  5  6  5 105       
PG25  17693.210268 -10452.038175  16346.414601    499.402342  6  5  5 108       
PG26   2474.131326 -24780.038093  -8836.349736     95.749520  4  6  5  78       
PG27 -11982.204358 -13142.358639 -20145.192748    -33.283907  5  3  3 108       
PG28    -64.433034 -20330.457083  17079.924129   -381.591492  5  6  3  97       
PG29  26008.287498  -3210.153725  -4772.888364   -582.695817  6  6  4  97       
PG30  -6172.495303  16573.735716 -19586.711690   -335.773650  6  5  3 109       
PG31  -9170.446863 -23562.334608   7236.278823   -225.614348  5  7  5  91       
PG32  10268.262601 -14665.179880  19769.142132   -603.986350  4  4  5 105       
*  2024  8 21 22 15  0.00000000
PG01   6460.603004 -25084.687304  -5379.807745 999999.999999 10 11  9           
PG02 -21449.428362 -11507.149001  11475.897683   -374.231833  8  9  8  98       
PG03 -15353.263505   -106.013689  21489.394406    508.946889  6  4  6 102       
PG04 -25967.874252  -1322.317838   5794.203162    428.707739 10 10  8  98       
PG05   8177.751805  16495.434674 -19300.865923   -183.980268  7  7  3  99       
PG06    334.506630  19765.554618  17749.811208     83.261678  4  7  7 106       
PG07 -15510.716640   4154.822871 -20703.082273    -48.309792  3  6  4 115       
PG08 -20209.455502  -7826.820052 -15748.893894    324.384916  7  5  3  98       
PG09 -24959.921812   7715.033944  -5044.202870    323.792548  7  7  5  93       
PG10  10250.749710 -24292.867666   -519.579822   -100.887715  6  6  6 109       
PG11  11643.404678  23233.524587   5684.064164   -724.735335  7  7  5 103       
PG12  14529.204443   4445.009300  21502.786961   -532.143593  5  6  6 121       
PG13  12196.462308  13461.296755 -19682.870860    672.151942 10  6  6  94       
PG14 -13132.193154  22528.036541  -4328.788723    477.779687  7  4  5  95       
PG15  20946.481329   5862.637988 -15873.694626    195.272915 10  6  5 106       
PG16  -3715.755472 -19697.674980 -17530.155248   -202.228233  9  6  6 112       
PG17 -14799.200807  13541.153698  17915.122448    648.685792  5  7  4  81       
PG18  14678.889744  -4861.956818 -21603.139716   -647.981939  6  6  6 114       
PG19  -5398.332581  14793.798501  21164.768568    527.718657  6  6  4  98       
PG20   2916.133980  24057.168376 -10977.870079    371.444855  7  5  4 114       
PG21 -21085.594878 -16016.750824   6271.492098    103.160862  9  7  8  96       
PG22  -9168.350220  24761.381908   4507.082838    -53.758664  4  5  7  95       
PG23  15518.926839 -17245.167196 -12703.273185    302.606802  7  6  5 102       
PG24  21374.993671  13523.031488   8318.323738   -486.516234  5  7  5 102       
PG25  17079.644188  -8498.057822  18034.381861    499.402547  6  5  5 115       
PG26   3080.491019 -25474.653611  -6204.015792     95.742457  4  6  5  89       
PG27  -9712.895318 -13467.677561 -21105.508561    -33.284243  5  4  4 113       
PG28   1308.611344 -18802.627040  18702.244809   -381.604693  5  5  3 105       
PG29  26392.030672  -3005.633490  -1939.817057   -582.694041  6  6  5 100       
PG30  -7649.695108  14755.714193 -20514.929651   -335.767498  5  5  4 104       
PG31  -8357.052681 -22888.685175   9865.887937   -225.614079  6  7  5 100       
PG32  12415.460876 -14788.096629  18363.516613   -603.983617  4  5  4 116       
*  2024  8 21 22 30  0.00000000
PG01   6884.998645 -25369.550163  -2567.879335 999999.999999 10 12  8           
PG02 -22094.734599 -12411.589467   8950.464066   -374.224748  9  8  8 102       
PG03 -14508.445444  -2475.742661  21935.855795    508.960042  7  3  6 111       
PG04 -25192.848464  -1648.397849   8494.221862    428.714363 10 10  8 112       
PG05   7440.921153  18449.727106 -17746.302878   -183.981671  7  6  3  98       
PG06  -1067.237966  18188.065367  19350.477034     83.239365  4  6  7  97       
PG07 -17006.878644   2247.056790 -19867.872563    -48.305108  4  7  4 114       
PG08 -18407.786410  -8362.992836 -17551.551586    324.397754  7  5  3 109       
PG09 -25407.099684   7548.436464  -2234.752641    323.806719  7  7  5 101       
PG10  10362.574376 -23984.303524  -3431.137949   -100.897978  7  5  5 109       
PG11  10983.395498  22729.866731   8394.225646   -724.740037  7  6  5  93       
PG12  13505.987748   6753.271168  21571.786175   -532.146253  6  6  6 115       
PG13   9936.169705  13601.649563 -20816.101140    672.153787  9  6  6 100       
PG14 -13176.225055  21798.881886  -7063.234776    477.787492  7  4  5  89       
PG15  19270.531647   6623.835999 -17640.887280    195.276640 10  5  5  91       
PG16  -2762.357239 -21303.373223 -15655.814130   -202.218740  9  6  6 116       
PG17 -16668.178563  13619.175265  16092.412139    648.677170  5  7  4  81       
PG18  16165.524442  -2941.918756 -20896.428520   -647.984548  7  6  6 115       
PG19  -7811.744418  14866.398485  20313.608487    527.723292  6  6  4  85       
PG20   2492.447685  25116.481861  -8444.663799    371.444360  6  4  4 114       
PG21 -21324.081478 -16484.176873   3545.695158    103.160059  9  7  9 104       
PG22  -9506.801477  24940.702434   1698.432429    -53.762030  4  5  7  97       
PG23  15172.934672 -15682.738372 -14961.374834    302.614552  8  6  5 110       
PG24  21776.834325  14322.806025   5694.141882   -486.516503  5  7  5 101       
PG25  16504.370239  -6350.885095  19400.984026    499.402751  6  5  6 111       
PG26   3572.155988 -25903.991610  -3462.967414     95.735366  4  6  5  85       
PG27  -7375.205349 -13929.226299 -21714.432481    -33.284511  6  5  4 106       
PG28   2868.868106 -17224.238399  20002.451814   -381.617884  6  5  3 107       
PG29  26465.669818  -2792.731916    926.364102   -582.691889  7  6  4  90       
PG30  -9264.115415  12945.579973 -21083.818261   -335.761311  5  5  4 105       
PG31  -7330.245851 -22027.696438  12320.379469   -225.613604  6  6  5 104       
PG32  14382.682889 -14992.735546  16644.962087   -603.980947  3  5  4 100       
*  2024  8 21 22 45  0.00000000
PG01   7199.742588 -25367.579821    288.951073 999999.999999  7 13  7           
PG02 -22571.593216 -13089.217343   6276.372101   -374.218036  9  8  9 107       
PG03 -13788.101735  -4915.648815  21998.685458    508.973170  7  2  7 117       
PG04 -24145.185675  -2073.204771  11049.307144    428.721053 10 10  9 122       
PG05   6856.475501  20255.850063 -15889.729980   -183.982772  7  6  3  96       
PG06  -2665.040479  16573.227787  20618.835166     83.217058  4  6  6  84       
PG07 -18512.524208    506.090534 -18678.506106    -48.299886  5  7  5 123       
PG08 -16455.500329  -9041.186077 -19059.320525    324.410612  7  5  3 116       
PG09 -25553.351756   7323.800231    612.987574    323.820852  7  7  6 105       
PG10  10397.082405 -23365.354876  -6282.212085   -100.908092  7  5  4 105       
PG11  10103.552496  22035.424276  10960.616208   -724.744776  6  5  5 100       
PG12  12607.881307   9097.479788  21259.892150   -532.148784  6  6  6 114       
PG13   7578.792556  13875.327218 -21599.775106    672.156131  8  7  6  98       
PG14 -13161.195342  20784.320803  -9674.352235    477.795313  6  3  5 107       
PG15  17469.477038   7532.842270 -19117.541244    195.280775  9  5  5 104       
PG16  -1973.940718 -22748.986153 -13512.721797   -202.209412  9  6  6 118       
PG17 -18317.196807  13760.485966  14002.378796    648.668229  5  6  4  80       
PG18  17685.806594  -1181.590202 -19831.058676   -647.987159  8  6  6 116       
PG19 -10104.172348  15050.156202  19104.782255    527.728018  5  6  4  78       
PG20   2158.146272  25903.529069  -5767.001535    371.444178  6  4  4 108       
PG21 -21359.060427 -16739.565509    762.997877    103.159447 10  6  9 111       
PG22  -9720.321713  24842.640643  -1138.812241    -53.765693  4  4  7  99       
PG23  14849.539856 -13870.409446 -16959.011284    302.622304  8  6  5 119       
PG24  21992.590772  14900.117821   2973.214825   -486.516883  6  7  5 102       
PG25  15998.180791  -4046.635756  20421.850658    499.402973  6  5  6 114       
PG26   3978.640078 -26048.079822   -661.090538     95.728293  4  6  5  87       
PG27  -5015.621060 -14526.639106 -21960.911631    -33.284827  7  6  4 110       
PG28   4599.900878 -15639.242171  20958.146346   -381.631025  6  6  3 110       
PG29  26231.620380  -2533.544066   3776.717812   -582.689878  6  6  4  93       
PG30 -10990.966430  11184.101726 -21284.072287   -335.755122  5  5  5 114       
PG31  -6081.765259 -21019.299334  14556.047439   -225.613260  6  6  5 113       
PG32  16135.299314 -15249.811708  14641.947604   -603.978232  3  6  5 104       
*  2024  8 21 23  0  0.00000000
PG01   7438.723921 -25064.533106   3140.662344 999999.999999  1 13  6           
PG02 -22843.633720 -13555.234096   3497.584586   -374.210862  9  7 10 107       
PG03 -13207.928523  -7376.190456  21677.123391    508.986302  7     7 119       
PG04 -22852.993633  -2625.286220  13415.799501    428.727659 10 10  9 118       
PG05   6409.350933  21871.090789 -13762.224065   -183.983673  7  5  3 118       
PG06  -4440.261076  14966.732025  21533.507364     83.194799  5  6  6  98       
PG07 -19985.897352  -1045.940778 -17158.206208    -48.294905  6  8  6 126       
PG08 -14395.641851  -9869.544549 -20246.171795    324.423435  7  6  3 121       
PG09 -25406.342647   7004.826622   3450.203144    323.835018  7  8  6  98       
PG10  10394.268009 -22435.954551  -9022.350330   -100.918252  7  6  4 114       
PG11   8992.654326  21188.789136  13339.298368   -724.749466  6  4  5 108       
PG12  11848.593588  11429.053289  20572.886883   -532.151321  6  6  7 108       
PG13   5171.606853  14288.305570 -22020.339957    672.158116  7  7  7 104       
PG14 -13124.342195  19492.499336 -12116.593712    477.803118  6  3  5 111       
PG15  15585.477385   8592.501142 -20279.974139    195.284668  9  5  5 111       
PG16  -1336.705471 -23992.959531 -11136.401952   -202.200183 10  6  6 123       
PG17 -19718.917252  13931.989653  11679.092968    648.659302  5  6  5 104       
PG18  19198.069883    394.632472 -18425.890665   -647.989752  9  6  6 118       
PG19 -12231.475202  15323.189901  17558.779818    527.732419  5  7  5  96       
PG20   1880.509298  26399.117086  -2990.796817    371.443937  6  4  4 120       
PG21 -21162.456342 -16807.399973  -2031.964412    103.158834 10  4 10 118       
PG22  -9842.859555  24452.159622  -3956.721889    -53.769231  3  4  7 109       
PG23  14584.193376 -11837.538556 -18661.729935    302.630026  8  6  5 123       
PG24  21993.753663  15275.407647    202.039431   -486.517288  6  7  4 101       
PG25  15585.978440  -1627.261890  21078.992419    499.403214  6  5  6 107       
PG26   4332.672895 -25894.967775   2152.410937     95.721228  5  6  5  74       
PG27  -2680.483003 -15251.589748 -21839.713207    -33.285156  7  6  5 113       
PG28   6477.455836 -14089.004175  21552.866447   -381.644230  6  6  3 113       
PG29  25701.068019  -2191.650423   6562.518468   -582.687768  6  5  5 103       
PG30 -12799.057960   9507.666121 -21112.952780   -335.748895  4  5  5 119       
PG31  -4611.854389 -19906.170403  16533.161658   -225.612790  6  6  5 109       
PG32  17645.377704 -15525.199293  12387.953737   -603.975446  4  6  5  99       
*  2024  8 21 23 15  0.00000000
PG01   7638.134540 -24454.956575   5936.875311 999999.999999  6 14  4           
PG02 -22879.213014 -13831.727796    660.183658   -374.204164  9  7 10 128       
PG03 -12775.190056  -9806.153227  20977.219133    508.999429  8  1  7 117       
PG04 -21350.841007  -3327.431298  15553.199443    428.734341 10 10  9 114       
PG05   6077.440580  23257.443836 -11399.574154   -183.984473  7  5  3 111       
PG06  -6366.239652  13411.104479  22079.202229     83.172512  6  6  6  97       
PG07 -21383.802886  -2395.388892 -15335.898077    -48.289803  6  8  7 116       
PG08 -12273.219049 -10848.421884 -21091.252287    324.436265  7  6  3 122       
PG09 -24982.079875   6557.991479   6228.152701    323.849177  8  8  6 105       
PG10  10394.082062 -21205.673337 -11602.942980   -100.928473  8  6  3 112       
PG11   7647.692651  20231.412477  15489.540074   -724.754214  6  4  5 109       
PG12  11233.598275  13698.464962  19523.312823   -532.154056  6  6  7 106       
PG13   2762.815289  14838.430576 -22070.176772    672.160010  5  7  7 112       
PG14 -13101.616883  17940.102317 -14347.435085    477.810979  6  3  5 112       
PG15  13661.264240   9798.203902 -21109.502299    195.288507  8  5  4 114       
PG16   -829.865353 -24998.378548  -8566.830010   -202.190833 10  6  6 121       
PG17 -20853.326327  14096.960560   9160.609561    648.650473  6  6  4 105       
PG18  20658.137123   1770.457376 -16705.508995   -647.992394  9  6  6 117       
PG19 -14154.935113  15657.076729  15702.289730    527.737120  5  7  5  89       
PG20   1624.089858  26592.235534   -163.535766    371.443776  5  3  4 122       
PG21 -20712.133448 -16717.366577  -4793.956894    103.157762 10  4 10 131       
PG22  -9910.871877  23762.467857  -6707.202373    -53.772786  3  4  7 108       
PG23  14407.287774  -9620.665254 -20040.334680    302.637819  8  6  5 125       
PG24  21757.479883  15475.035545  -2572.570151   -486.517690  6  8  5  98       
PG25  15285.752193    860.936910  21361.139559    499.403493  6  6  6 110       
PG26   4668.693436 -25441.264638   4927.931038     95.714155  5  6  4  98       
PG27   -414.440099 -16087.990865 -21351.576949    -33.285485  8  7  5 116       
PG28   8470.215709 -12610.790546  21776.370691   -381.657410  6  6  3 109       
PG29  24893.541198  -1733.712129   9236.069660   -582.686094  6  5  5 103       
PG30 -14651.895590   7947.005580 -20574.283692   -335.742697  5  6  6 117       
PG31  -2929.468752 -18731.995969  18216.741011   -225.612371  6  6  5 114       
PG32  18892.625257 -15781.318466   9920.965317   -603.972744  5  7  6 106       
*  2024  8 21 23 30  0.00000000
PG01   7834.835832 -23542.554468   8627.808202 999999.999999 10 14              
PG02 -22652.729070 -13946.744334  -2188.303410   -374.197118 10  6 11 124       
PG03 -12488.519208 -12154.475765  19911.691475    509.012551  8  1  7 118       
PG04 -19678.504874  -4195.605294  17424.849195    428.741008 10  9  9 116       
PG05   5832.580156  24382.981348  -8841.722138   -183.985897  7  5  3 107       
PG06  -8409.157344  11944.165486  22246.947097     83.150275  6  6  6  90       
PG07 -22663.281397  -3537.316476 -13245.517993    -48.284585  7  8  7 123       
PG08 -10133.658769 -11970.191064 -21579.269457    324.449068  7  6  3 117       
PG09 -24304.269517   5954.040718   8899.001597    323.863359  8  8  7 101       
PG10  10434.652749 -19693.481106 -13978.162566   -100.938607  8  7  2 117       
PG11   6074.183392  19205.974728  17374.502049   -724.758958  6  4  6 106       
PG12  10760.042088  15857.037977  18130.206003   -532.156671  7  6  8 108       
PG13    399.925407  15515.416760 -21747.755581    672.161935  4  8  8 110       
PG14 -13126.119028  16151.834120 -16328.141784    477.818831  6  3  4 119       
PG15  11738.707852  11137.930367 -21592.677725    195.292852  8  5  4 119       
PG16   -426.585469 -25734.410191  -5847.815115   -202.181352 10  6  6 118       
PG17 -21708.385741  14216.509637   6488.440287    648.641668  6  5  4  99       
PG18  22020.961662   2938.104942 -14699.773112   -647.995017  9  6  6 108       
PG19 -15842.634290  16018.045979  13567.736560    527.741970  5  7  6  98       
PG20   1352.271503  26480.427854   2666.520718    371.443474  5  4  5 115       
PG21 -19992.857930 -16503.212411  -7477.736743    103.157984 11  4 10 120       
PG22  -9961.779504  22775.451763  -9342.789667    -53.776460  3  4  7 111       
PG23  14342.894357  -7262.247750 -21071.379596    302.645600  9  6  5 120       
PG24  21267.487070  15530.066917  -5304.223921   -486.518130  6  7  5 110       
PG25  15107.858773   3368.978036  21263.931353    499.403682  6  6  6 110       
PG26   5021.265765 -24692.344796   7616.399522     95.707094  6  7  4 110       
PG27   1741.046935 -17012.490738 -20503.289093    -33.285758  8  7  6 113       
PG28  10540.833092 -11236.423969  21624.814431   -381.670574  6  7  4 101       
PG29  23836.177580  -1130.952853  11751.509303   -582.684220  6  5  5 108       
PG30 -16508.989153   6526.169700 -19678.324263   -335.736507  5  7  7 120       
PG31  -1052.122324 -17539.709629  19577.222849   -225.611741  6  6  5 112       
PG32  19865.054099 -15978.681239   7282.874506   -603.970014  6  7  6 106       
*  2024  8 21 23 45  0.00000000
PG01   8064.679760 -22340.197138  11165.248891 999999.999999 13 15              
PG02 -22145.747188 -13933.128012  -4999.629970   -374.190125 10  6 11 133       
PG03 -12338.074821 -14372.066531  18499.662709    509.025624  8  3  7 122       
PG04 -17879.530272  -5238.146414  18998.554750    428.747654 10  9  9 124       
PG05   5641.778830  25223.012604  -6132.124947   -183.987072  7  5  4 114       
PG06 -10529.174293  10597.683800  22034.213662     83.128031  7  6  7 102       
PG07 -23783.250750  -4475.363002 -10925.253996    -48.279982  7  8  8 122       
PG08  -8021.241472 -13219.358885 -21700.802085    324.461892  8  6  3 129       
PG09 -23403.385359   5169.329729  11416.647378    323.877573  9  8  7 116       
PG10  10550.581762 -17927.131188 -16105.853496   -100.948778  8  7    117       
PG11   4286.154205  18154.721540  18961.860395   -724.763603  6  5  6 107       
PG12  10417.003181  17858.704831  16418.699724   -532.159295  7  6  8  93       
PG13  -1871.851939  16301.157488 -21057.705238    672.164033  5  8  9 126       
PG14 -13226.658773  14159.590697 -18024.458830    477.826676  6  4  5 122       
PG15   9857.427193  12592.554923 -21721.466209    195.296550  9  5  4 119       
PG16    -95.180848 -26177.543806  -3026.281546   -202.172236 10  7  6 124       
PG17 -22280.408570  14251.157210   3706.961640    648.632516  7  5  5 109       
PG18  23242.306082   3898.386898 -12443.287715   -647.997664 10  6  7 116       
PG19 -17270.565328  16368.412431  11192.691068    527.746520  6  7  6 106       
PG20   1028.866133  26069.850132   5451.141247    371.442900  5  5  4 118       
PG21 -18997.053125 -16201.449561 -10038.676386    103.156831 11  5 10 137       
PG22 -10032.363638  21501.797454 -11817.469221    -53.779906  4  4  7 121       
PG23  14407.767395  -4809.178466 -21737.551728    302.653337  9  6  5 108       
PG24  20514.704714  15474.916586  -7947.659973   -486.518556  5  7  5 108       
PG25  15054.638405   5846.963440  20789.953841    499.403860  7  7  5 104       
PG26   5423.484173 -23662.208955  10170.219308     95.700043  6  7  4 112       
PG27   3749.099995 -17995.256190 -19307.671443    -33.286107  9  7  7 119       
PG28  12647.203838  -9991.162222  21100.815654   -381.683786  6  8  5 113       
PG29  22562.710798   -360.469893  14065.589515   -582.681994  6  5  4 109       
PG30 -18327.318883   5261.777862 -18441.523863   -335.730277  5  7  7 123       
PG31    994.620242 -16369.779472  20591.012135   -225.611371  6  6  5 120       
PG32  20559.339141 -16077.538746   4518.800330   -603.967301  7  7  6 107       
EOF
